999
dxfrw 0.6.3
  0
SECTION
  2
HEADER
  9
$ACADVER
  1
AC1021
  9
$DWGCODEPAGE
  3
ANSI_1252
  9
$INSBASE
 10
0
 20
0
 30
0
  9
$EXTMIN
 10
-22.44405698597541
 20
0.65
 30
0
  9
$EXTMAX
 10
80.00999999999593
 20
58.70000000000093
 30
0
  9
$LIMMIN
 10
0
 20
0
  9
$LIMMAX
 10
420
 20
297
  9
$ORTHOMODE
 70
    0
  9
$REGENMODE
 70
    1
  9
$FILLMODE
 70
    1
  9
$QTEXTMODE
 70
    0
  9
$MIRRTEXT
 70
    0
  9
$LTSCALE
 40
1
  9
$ATTMODE
 70
    0
  9
$TEXTSIZE
 40
2.5
  9
$TRACEWID
 40
15.68
  9
$TEXTSTYLE
  7
STANDARD
  9
$CLAYER
  8
0
  9
$CELTYPE
  6
BYLAYER
  9
$CECOLOR
 62
  256
  9
$CELTSCALE
 40
1
  9
$DISPSILH
 70
    0
  9
$DIMSCALE
 40
1
  9
$DIMASZ
 40
2.5
  9
$DIMEXO
 40
0.625
  9
$DIMDLI
 40
3.75
  9
$DIMRND
 40
0
  9
$DIMDLE
 40
0
  9
$DIMEXE
 40
1.25
  9
$DIMTP
 40
0
  9
$DIMTM
 40
0
  9
$DIMTXT
 40
2.5
  9
$DIMCEN
 40
2.5
  9
$DIMTSZ
 40
0
  9
$DIMTOL
 70
    0
  9
$DIMLIM
 70
    0
  9
$DIMTIH
 70
    0
  9
$DIMTOH
 70
    0
  9
$DIMSE1
 70
    0
  9
$DIMSE2
 70
    0
  9
$DIMTAD
 70
    1
  9
$DIMZIN
 70
    8
  9
$DIMBLK
  1

  9
$DIMASO
 70
    1
  9
$DIMSHO
 70
    1
  9
$DIMPOST
  1

  9
$DIMAPOST
  1

  9
$DIMALT
 70
    0
  9
$DIMALTD
 70
    3
  9
$DIMALTF
 40
0.03937
  9
$DIMLFAC
 40
1
  9
$DIMTOFL
 70
    1
  9
$DIMTVP
 40
0
  9
$DIMTIX
 70
    0
  9
$DIMSOXD
 70
    0
  9
$DIMSAH
 70
    0
  9
$DIMBLK1
  1

  9
$DIMBLK2
  1

  9
$DIMSTYLE
  2
STANDARD
  9
$DIMCLRD
 70
    0
  9
$DIMCLRE
 70
    0
  9
$DIMCLRT
 70
    0
  9
$DIMTFAC
 40
1
  9
$DIMGAP
 40
0.625
  9
$DIMJUST
 70
    0
  9
$DIMSD1
 70
    0
  9
$DIMSD2
 70
    0
  9
$DIMTOLJ
 70
    0
  9
$DIMTZIN
 70
    8
  9
$DIMALTZ
 70
    0
  9
$DIMALTTZ
 70
    0
  9
$DIMUPT
 70
    0
  9
$DIMDEC
 70
    2
  9
$DIMTDEC
 70
    2
  9
$DIMALTU
 70
    2
  9
$DIMALTTD
 70
    3
  9
$DIMTXSTY
  7
standard
  9
$DIMAUNIT
 70
    0
  9
$DIMADEC
 70
    0
  9
$DIMALTRND
 40
0
  9
$DIMAZIN
 70
    0
  9
$DIMDSEP
 70
   44
  9
$DIMATFIT
 70
    3
  9
$DIMFRAC
 70
    0
  9
$DIMLDRBLK
  1
STANDARD
  9
$DIMLUNIT
 70
    2
  9
$DIMLWD
 70
   -2
  9
$DIMLWE
 70
   -2
  9
$DIMTMOVE
 70
    0
  9
$DIMFXL
 40
1
  9
$DIMFXLON
 70
    0
  9
$DIMJOGANG
 40
0.7854
  9
$DIMTFILL
 70
    0
  9
$DIMTFILLCLR
 70
    0
  9
$DIMARCSYM
 70
    0
  9
$DIMLTYPE
  6

  9
$DIMLTEX1
  6

  9
$DIMLTEX2
  6

  9
$LUNITS
 70
    2
  9
$LUPREC
 70
    4
  9
$SKETCHINC
 40
1
  9
$FILLETRAD
 40
0
  9
$AUNITS
 70
    0
  9
$AUPREC
 70
    2
  9
$MENU
  1
.
  9
$ELEVATION
 40
0
  9
$PELEVATION
 40
0
  9
$THICKNESS
 40
0
  9
$LIMCHECK
 70
    0
  9
$CHAMFERA
 40
0
  9
$CHAMFERB
 40
0
  9
$CHAMFERC
 40
0
  9
$CHAMFERD
 40
0
  9
$SKPOLY
 70
    0
  9
$USRTIMER
 70
    1
  9
$ANGBASE
 50
0
  9
$ANGDIR
 70
    0
  9
$PDMODE
 70
   34
  9
$PDSIZE
 40
0
  9
$PLINEWID
 40
0
  9
$SPLFRAME
 70
    0
  9
$SPLINETYPE
 70
    2
  9
$SPLINESEGS
 70
    8
  9
$HANDSEED
  5
20000
  9
$SURFTAB1
 70
    6
  9
$SURFTAB2
 70
    6
  9
$SURFTYPE
 70
    6
  9
$SURFU
 70
    6
  9
$SURFV
 70
    6
  9
$UCSBASE
  2

  9
$UCSNAME
  2

  9
$UCSORG
 10
0
 20
0
 30
0
  9
$UCSXDIR
 10
1
 20
0
 30
0
  9
$UCSYDIR
 10
0
 20
1
 30
0
  9
$UCSORTHOREF
  2

  9
$UCSORTHOVIEW
 70
    0
  9
$UCSORGTOP
 10
0
 20
0
 30
0
  9
$UCSORGBOTTOM
 10
0
 20
0
 30
0
  9
$UCSORGLEFT
 10
0
 20
0
 30
0
  9
$UCSORGRIGHT
 10
0
 20
0
 30
0
  9
$UCSORGFRONT
 10
0
 20
0
 30
0
  9
$UCSORGBACK
 10
0
 20
0
 30
0
  9
$PUCSBASE
  2

  9
$PUCSNAME
  2

  9
$PUCSORG
 10
0
 20
0
 30
0
  9
$PUCSXDIR
 10
1
 20
0
 30
0
  9
$PUCSYDIR
 10
0
 20
1
 30
0
  9
$PUCSORTHOREF
  2

  9
$PUCSORTHOVIEW
 70
    0
  9
$PUCSORGTOP
 10
0
 20
0
 30
0
  9
$PUCSORGBOTTOM
 10
0
 20
0
 30
0
  9
$PUCSORGLEFT
 10
0
 20
0
 30
0
  9
$PUCSORGRIGHT
 10
0
 20
0
 30
0
  9
$PUCSORGFRONT
 10
0
 20
0
 30
0
  9
$PUCSORGBACK
 10
0
 20
0
 30
0
  9
$USERI1
 70
    0
  9
$USERI2
 70
    0
  9
$USERI3
 70
    0
  9
$USERI4
 70
    0
  9
$USERI5
 70
    0
  9
$USERR1
 40
0
  9
$USERR2
 40
0
  9
$USERR3
 40
0
  9
$USERR4
 40
0
  9
$USERR5
 40
0
  9
$WORLDVIEW
 70
    1
  9
$SHADEDGE
 70
    3
  9
$SHADEDIF
 70
   70
  9
$TILEMODE
 70
    1
  9
$MAXACTVP
 70
   64
  9
$PINSBASE
 10
67.87154012707322
 20
21.87274032334027
 30
0
  9
$PLIMCHECK
 70
    0
  9
$PEXTMIN
 10
0
 20
0
 30
0
  9
$PEXTMAX
 10
0
 20
0
 30
0
  9
$GRIDMODE
 70
    0
  9
$SNAPSTYLE
 70
    0
  9
$GRIDUNIT
 10
0
 20
0
  9
$PLIMMIN
 10
0
 20
0
  9
$PLIMMAX
 10
297
 20
210
  9
$UNITMODE
 70
    0
  9
$VISRETAIN
 70
    1
  9
$PLINEGEN
 70
    0
  9
$PSLTSCALE
 70
    1
  9
$TREEDEPTH
 70
 3020
  9
$CMLSTYLE
  2
Standard
  9
$CMLJUST
 70
    0
  9
$CMLSCALE
 40
20
  9
$PROXYGRAPHICS
 70
    1
  9
$MEASUREMENT
 70
    1
  9
$CELWEIGHT
370
   -1
  9
$ENDCAPS
280
    0
  9
$JOINSTYLE
280
    0
  9
$LWDISPLAY
290
    0
  9
$INSUNITS
 70
    0
  9
$HYPERLINKBASE
  1

  9
$STYLESHEET
  1

  9
$XEDIT
290
    1
  9
$CEPSNTYPE
380
    0
  9
$PSTYLEMODE
290
    1
  9
$EXTNAMES
290
    1
  9
$PSVPSCALE
 40
2.801255591462795
  9
$OLESTARTUP
290
    0
  9
$SORTENTS
280
  127
  9
$INDEXCTL
280
    0
  9
$HIDETEXT
280
    1
  9
$XCLIPFRAME
290
    0
  9
$HALOGAP
280
    0
  9
$OBSCOLOR
 70
  257
  9
$OBSLTYPE
280
    0
  9
$INTERSECTIONDISPLAY
280
    0
  9
$INTERSECTIONCOLOR
 70
  257
  9
$DIMASSOC
280
    1
  9
$PROJECTNAME
  1

  9
$CAMERADISPLAY
290
    0
  9
$LENSLENGTH
 40
50
  9
$CAMERAHEIGHT
 40
0
  9
$STEPSPERSEC
 40
2
  9
$STEPSIZE
 40
50
  9
$3DDWFPREC
 40
2
  9
$PSOLWIDTH
 40
5
  9
$PSOLHEIGHT
 40
80
  9
$LOFTANG1
 40
1.570796326794897
  9
$LOFTANG2
 40
1.570796326794897
  9
$LOFTMAG1
 40
0
  9
$LOFTMAG2
 40
0
  9
$LOFTPARAM
 70
    7
  9
$LOFTNORMALS
280
    1
  9
$LATITUDE
 40
1
  9
$LONGITUDE
 40
1
  9
$NORTHDIRECTION
 40
0
  9
$TIMEZONE
 70
-8000
  9
$LIGHTGLYPHDISPLAY
280
    1
  9
$TILEMODELIGHTSYNCH
280
    1
  9
$SOLIDHIST
280
    1
  9
$SHOWHIST
280
    1
  9
$DWFFRAME
280
    2
  9
$DGNFRAME
280
    0
  9
$REALWORLDSCALE
290
    1
  9
$INTERFERECOLOR
 62
    1
  9
$CSHADOW
280
    0
  9
$SHADOWPLANELOCATION
 40
0
  0
ENDSEC
  0
SECTION
  2
CLASSES
  0
ENDSEC
  0
SECTION
  2
TABLES
  0
TABLE
  2
VPORT
  5
8
330
0
100
AcDbSymbolTable
 70
    1
  0
VPORT
  5
31
330
2
100
AcDbSymbolTableRecord
100
AcDbViewportTableRecord
  2
*ACTIVE
 70
    0
 10
0
 20
0
 11
1
 21
1
 12
43.70573299325895
 22
33.77847210688449
 13
0
 23
0
 14
10
 24
10
 15
10
 25
10
 16
0
 26
0
 36
1
 17
0
 27
0
 37
0
 40
82.51229827635908
 41
1.626041666666667
 42
50
 43
0
 44
0
 50
0
 51
0
 71
    0
 72
  100
 73
    1
 74
    3
 75
    0
 76
    0
 77
    0
 78
    0
281
    0
 65
    1
110
0
120
0
130
0
111
1
121
0
131
0
112
0
122
1
132
0
 79
    0
146
0
348
10020
 60
    7
 61
    5
292
1
282
    1
141
0
142
0
 63
  250
421
3358443
  0
ENDTAB
  0
TABLE
  2
LTYPE
  5
5
330
0
100
AcDbSymbolTable
 70
    4
  0
LTYPE
  5
14
330
5
100
AcDbSymbolTableRecord
100
AcDbLinetypeTableRecord
  2
ByBlock
 70
    0
  3

 72
   65
 73
    0
 40
0
  0
LTYPE
  5
15
330
5
100
AcDbSymbolTableRecord
100
AcDbLinetypeTableRecord
  2
ByLayer
 70
    0
  3

 72
   65
 73
    0
 40
0
  0
LTYPE
  5
16
330
5
100
AcDbSymbolTableRecord
100
AcDbLinetypeTableRecord
  2
Continuous
 70
    0
  3
Solid line
 72
   65
 73
    0
 40
0
  0
LTYPE
  5
32
330
5
100
AcDbSymbolTableRecord
100
AcDbLinetypeTableRecord
  2
DOT
 70
    0
  3
Dot . . . . . . . . . . . . . . . . . . . . . .
 72
   65
 73
    2
 40
6.35
 49
0
 74
    0
 49
-6.35
 74
    0
  0
LTYPE
  5
33
330
5
100
AcDbSymbolTableRecord
100
AcDbLinetypeTableRecord
  2
DOTTINY
 70
    0
  3
Dot (.15x) .....................................
 72
   65
 73
    2
 40
0.9525
 49
0
 74
    0
 49
-0.9525
 74
    0
  0
LTYPE
  5
34
330
5
100
AcDbSymbolTableRecord
100
AcDbLinetypeTableRecord
  2
DOT2
 70
    0
  3
Dot (.5x) .....................................
 72
   65
 73
    2
 40
3.175
 49
0
 74
    0
 49
-3.175
 74
    0
  0
LTYPE
  5
35
330
5
100
AcDbSymbolTableRecord
100
AcDbLinetypeTableRecord
  2
DOTX2
 70
    0
  3
Dot (2x) .  .  .  .  .  .  .  .  .  .  .  .  .
 72
   65
 73
    2
 40
12.7
 49
0
 74
    0
 49
-12.7
 74
    0
  0
LTYPE
  5
36
330
5
100
AcDbSymbolTableRecord
100
AcDbLinetypeTableRecord
  2
DASHED
 70
    0
  3
Dashed _ _ _ _ _ _ _ _ _ _ _ _ _ _ _ _ _
 72
   65
 73
    2
 40
19.05
 49
12.7
 74
    0
 49
-6.35
 74
    0
  0
LTYPE
  5
37
330
5
100
AcDbSymbolTableRecord
100
AcDbLinetypeTableRecord
  2
DASHEDTINY
 70
    0
  3
Dashed (.15x) _ _ _ _ _ _ _ _ _ _ _ _ _ _ _ _ _
 72
   65
 73
    2
 40
2.8575
 49
1.905
 74
    0
 49
-0.9525
 74
    0
  0
LTYPE
  5
38
330
5
100
AcDbSymbolTableRecord
100
AcDbLinetypeTableRecord
  2
DASHED2
 70
    0
  3
Dashed (.5x) _ _ _ _ _ _ _ _ _ _ _ _ _ _ _ _ _
 72
   65
 73
    2
 40
9.524999999999999
 49
6.35
 74
    0
 49
-3.175
 74
    0
  0
LTYPE
  5
39
330
5
100
AcDbSymbolTableRecord
100
AcDbLinetypeTableRecord
  2
DASHEDX2
 70
    0
  3
Dashed (2x) ____  ____  ____  ____  ____  ___
 72
   65
 73
    2
 40
38.09999999999999
 49
25.4
 74
    0
 49
-12.7
 74
    0
  0
LTYPE
  5
3A
330
5
100
AcDbSymbolTableRecord
100
AcDbLinetypeTableRecord
  2
DASHDOT
 70
    0
  3
Dash dot __ . __ . __ . __ . __ . __ . __ . __
 72
   65
 73
    4
 40
25.4
 49
12.7
 74
    0
 49
-6.35
 74
    0
 49
0
 74
    0
 49
-6.35
 74
    0
  0
LTYPE
  5
3B
330
5
100
AcDbSymbolTableRecord
100
AcDbLinetypeTableRecord
  2
DASHDOTTINY
 70
    0
  3
Dash dot (.15x) _._._._._._._._._._._._._._._.
 72
   65
 73
    4
 40
3.81
 49
1.905
 74
    0
 49
-0.9525
 74
    0
 49
0
 74
    0
 49
-0.9525
 74
    0
  0
LTYPE
  5
3C
330
5
100
AcDbSymbolTableRecord
100
AcDbLinetypeTableRecord
  2
DASHDOT2
 70
    0
  3
Dash dot (.5x) _._._._._._._._._._._._._._._.
 72
   65
 73
    4
 40
12.7
 49
6.35
 74
    0
 49
-3.175
 74
    0
 49
0
 74
    0
 49
-3.175
 74
    0
  0
LTYPE
  5
3D
330
5
100
AcDbSymbolTableRecord
100
AcDbLinetypeTableRecord
  2
DASHDOTX2
 70
    0
  3
Dash dot (2x) ____  .  ____  .  ____  .  ___
 72
   65
 73
    4
 40
50.8
 49
25.4
 74
    0
 49
-12.7
 74
    0
 49
0
 74
    0
 49
-12.7
 74
    0
  0
LTYPE
  5
3E
330
5
100
AcDbSymbolTableRecord
100
AcDbLinetypeTableRecord
  2
DIVIDE
 70
    0
  3
Divide ____ . . ____ . . ____ . . ____ . . ____
 72
   65
 73
    6
 40
31.75
 49
12.7
 74
    0
 49
-6.35
 74
    0
 49
0
 74
    0
 49
-6.35
 74
    0
 49
0
 74
    0
 49
-6.35
 74
    0
  0
LTYPE
  5
3F
330
5
100
AcDbSymbolTableRecord
100
AcDbLinetypeTableRecord
  2
DIVIDETINY
 70
    0
  3
Divide (.15x) __..__..__..__..__..__..__..__.._
 72
   65
 73
    6
 40
4.7625
 49
1.905
 74
    0
 49
-0.9525
 74
    0
 49
0
 74
    0
 49
-0.9525
 74
    0
 49
0
 74
    0
 49
-0.9525
 74
    0
  0
LTYPE
  5
40
330
5
100
AcDbSymbolTableRecord
100
AcDbLinetypeTableRecord
  2
DIVIDE2
 70
    0
  3
Divide (.5x) __..__..__..__..__..__..__..__.._
 72
   65
 73
    6
 40
15.875
 49
6.35
 74
    0
 49
-3.175
 74
    0
 49
0
 74
    0
 49
-3.175
 74
    0
 49
0
 74
    0
 49
-3.175
 74
    0
  0
LTYPE
  5
41
330
5
100
AcDbSymbolTableRecord
100
AcDbLinetypeTableRecord
  2
DIVIDEX2
 70
    0
  3
Divide (2x) ________  .  .  ________  .  .  _
 72
   65
 73
    6
 40
63.5
 49
25.4
 74
    0
 49
-12.7
 74
    0
 49
0
 74
    0
 49
-12.7
 74
    0
 49
0
 74
    0
 49
-12.7
 74
    0
  0
LTYPE
  5
42
330
5
100
AcDbSymbolTableRecord
100
AcDbLinetypeTableRecord
  2
BORDER
 70
    0
  3
Border __ __ . __ __ . __ __ . __ __ . __ __ .
 72
   65
 73
    6
 40
44.45
 49
12.7
 74
    0
 49
-6.35
 74
    0
 49
12.7
 74
    0
 49
-6.35
 74
    0
 49
0
 74
    0
 49
-6.35
 74
    0
  0
LTYPE
  5
43
330
5
100
AcDbSymbolTableRecord
100
AcDbLinetypeTableRecord
  2
BORDERTINY
 70
    0
  3
Border (.15x) __.__.__.__.__.__.__.__.__.__.__.
 72
   65
 73
    6
 40
6.6675
 49
1.905
 74
    0
 49
-0.9525
 74
    0
 49
1.905
 74
    0
 49
-0.9525
 74
    0
 49
0
 74
    0
 49
-0.9525
 74
    0
  0
LTYPE
  5
44
330
5
100
AcDbSymbolTableRecord
100
AcDbLinetypeTableRecord
  2
BORDER2
 70
    0
  3
Border (.5x) __.__.__.__.__.__.__.__.__.__.__.
 72
   65
 73
    6
 40
22.225
 49
6.35
 74
    0
 49
-3.175
 74
    0
 49
6.35
 74
    0
 49
-3.175
 74
    0
 49
0
 74
    0
 49
-3.175
 74
    0
  0
LTYPE
  5
45
330
5
100
AcDbSymbolTableRecord
100
AcDbLinetypeTableRecord
  2
BORDERX2
 70
    0
  3
Border (2x) ____  ____  .  ____  ____  .  ___
 72
   65
 73
    6
 40
88.89999999999999
 49
25.4
 74
    0
 49
-12.7
 74
    0
 49
25.4
 74
    0
 49
-12.7
 74
    0
 49
0
 74
    0
 49
-12.7
 74
    0
  0
LTYPE
  5
46
330
5
100
AcDbSymbolTableRecord
100
AcDbLinetypeTableRecord
  2
CENTER
 70
    0
  3
Center ____ _ ____ _ ____ _ ____ _ ____ _ ____
 72
   65
 73
    4
 40
50.8
 49
31.75
 74
    0
 49
-6.35
 74
    0
 49
6.35
 74
    0
 49
-6.35
 74
    0
  0
LTYPE
  5
47
330
5
100
AcDbSymbolTableRecord
100
AcDbLinetypeTableRecord
  2
CENTERTINY
 70
    0
  3
Center (.15x) ___ _ ___ _ ___ _ ___ _ ___ _ ___
 72
   65
 73
    4
 40
7.619999999999999
 49
4.7625
 74
    0
 49
-0.9525
 74
    0
 49
0.9525
 74
    0
 49
-0.9525
 74
    0
  0
LTYPE
  5
48
330
5
100
AcDbSymbolTableRecord
100
AcDbLinetypeTableRecord
  2
CENTER2
 70
    0
  3
Center (.5x) ___ _ ___ _ ___ _ ___ _ ___ _ ___
 72
   65
 73
    4
 40
28.575
 49
19.05
 74
    0
 49
-3.175
 74
    0
 49
3.175
 74
    0
 49
-3.175
 74
    0
  0
LTYPE
  5
49
330
5
100
AcDbSymbolTableRecord
100
AcDbLinetypeTableRecord
  2
CENTERX2
 70
    0
  3
Center (2x) ________  __  ________  __  _____
 72
   65
 73
    4
 40
101.6
 49
63.5
 74
    0
 49
-12.7
 74
    0
 49
12.7
 74
    0
 49
-12.7
 74
    0
  0
ENDTAB
  0
TABLE
  2
LAYER
  5
2
330
0
100
AcDbSymbolTable
 70
    1
  0
LAYER
  5
10
330
2
100
AcDbSymbolTableRecord
100
AcDbLayerTableRecord
  2
0
 70
    0
 62
    7
  6
CONTINUOUS
370
    9
390
F
  0
LAYER
  5
4A
330
2
100
AcDbSymbolTableRecord
100
AcDbLayerTableRecord
  2
0_GND
 70
    0
 62
    7
  6
CONTINUOUS
370
   15
390
F
  0
LAYER
  5
4B
330
2
100
AcDbSymbolTableRecord
100
AcDbLayerTableRecord
  2
0_draft
 70
    0
 62
    7
  6
DOTTINY
370
   -3
390
F
1001
LibreCad
1070
    1
  0
LAYER
  5
4C
330
2
100
AcDbSymbolTableRecord
100
AcDbLayerTableRecord
  2
0_wire
 70
    0
 62
   92
420
52992
  6
CONTINUOUS
370
   15
390
F
  0
LAYER
  5
4D
330
2
100
AcDbSymbolTableRecord
100
AcDbLayerTableRecord
  2
1_wire
 70
    0
 62
   52
420
14013696
  6
CONTINUOUS
370
   15
390
F
  0
LAYER
  5
4E
330
2
100
AcDbSymbolTableRecord
100
AcDbLayerTableRecord
  2
3.3V line
 70
    0
 62
   40
420
16755200
  6
CONTINUOUS
370
   15
390
F
  0
LAYER
  5
4F
330
2
100
AcDbSymbolTableRecord
100
AcDbLayerTableRecord
  2
5V line
 70
    0
 62
    1
  6
CONTINUOUS
370
   15
390
F
  0
LAYER
  5
50
330
2
100
AcDbSymbolTableRecord
100
AcDbLayerTableRecord
  2
condenser
 70
    0
 62
    5
  6
CONTINUOUS
370
   15
390
F
  0
LAYER
  5
51
330
2
100
AcDbSymbolTableRecord
100
AcDbLayerTableRecord
  2
crystal
 70
    0
 62
   96
420
32768
  6
CONTINUOUS
370
   15
390
F
  0
LAYER
  5
52
330
2
100
AcDbSymbolTableRecord
100
AcDbLayerTableRecord
  2
diode
 70
    0
 62
    6
  6
CONTINUOUS
370
   15
390
F
  0
LAYER
  5
53
330
2
100
AcDbSymbolTableRecord
100
AcDbLayerTableRecord
  2
kakou
 70
    0
 62
  176
420
  128
  6
CONTINUOUS
370
   15
390
F
  0
LAYER
  5
54
330
2
100
AcDbSymbolTableRecord
100
AcDbLayerTableRecord
  2
micon
 70
    0
 62
  216
420
8388736
  6
CONTINUOUS
370
   15
390
F
  0
LAYER
  5
55
330
2
100
AcDbSymbolTableRecord
100
AcDbLayerTableRecord
  2
resister
 70
    0
 62
  132
420
51914
  6
CONTINUOUS
370
   15
390
F
  0
LAYER
  5
56
330
2
100
AcDbSymbolTableRecord
100
AcDbLayerTableRecord
  2
socket_header
 70
    0
 62
   56
420
8421376
  6
CONTINUOUS
370
   15
390
F
  0
LAYER
  5
57
330
2
100
AcDbSymbolTableRecord
100
AcDbLayerTableRecord
  2
switch
 70
    0
 62
  136
420
32896
  6
CONTINUOUS
370
   15
390
F
  0
LAYER
  5
58
330
2
100
AcDbSymbolTableRecord
100
AcDbLayerTableRecord
  2
terminal
 70
    0
 62
   16
420
8388608
  6
CONTINUOUS
370
   15
390
F
  0
LAYER
  5
59
330
2
100
AcDbSymbolTableRecord
100
AcDbLayerTableRecord
  2
universal_board
 70
    4
 62
  253
420
10526884
  6
CONTINUOUS
370
   15
390
F
  0
ENDTAB
  0
TABLE
  2
STYLE
  5
3
330
0
100
AcDbSymbolTable
 70
    3
  0
STYLE
  5
5A
330
2
100
AcDbSymbolTableRecord
100
AcDbTextStyleTableRecord
  2
STANDARD
 70
    0
 40
0
 41
1
 50
0
 71
    0
 42
1
  3
STANDARD
  4

  0
STYLE
  5
5B
330
2
100
AcDbSymbolTableRecord
100
AcDbTextStyleTableRecord
  2
iso
 70
    0
 40
0
 41
1
 50
0
 71
    0
 42
1
  3
iso
  4

  0
STYLE
  5
5C
330
2
100
AcDbSymbolTableRecord
100
AcDbTextStyleTableRecord
  2
kst32b
 70
    0
 40
0
 41
1
 50
0
 71
    0
 42
1
  3
kst32b
  4

  0
STYLE
  5
5D
330
2
100
AcDbSymbolTableRecord
100
AcDbTextStyleTableRecord
  2
unicode
 70
    0
 40
0
 41
1
 50
0
 71
    0
 42
1
  3
unicode
  4

  0
ENDTAB
  0
TABLE
  2
VIEW
  5
6
330
0
100
AcDbSymbolTable
 70
    0
  0
ENDTAB
  0
TABLE
  2
UCS
  5
7
330
0
100
AcDbSymbolTable
 70
    0
  0
ENDTAB
  0
TABLE
  2
APPID
  5
9
330
0
100
AcDbSymbolTable
 70
    1
  0
APPID
  5
12
330
9
100
AcDbSymbolTableRecord
100
AcDbRegAppTableRecord
  2
ACAD
 70
    0
  0
APPID
  5
5E
330
9
100
AcDbSymbolTableRecord
100
AcDbRegAppTableRecord
  2
LibreCad
 70
    0
  0
ENDTAB
  0
TABLE
  2
DIMSTYLE
  5
A
330
0
100
AcDbSymbolTable
 70
    1
100
AcDbDimStyleTable
 71
    1
  0
DIMSTYLE
105
5F
330
A
100
AcDbSymbolTableRecord
100
AcDbDimStyleTableRecord
  2
Standard
 70
    0
 40
1
 41
2.5
 42
0.625
 43
0.38
 44
1.25
 45
0
 46
0
 47
0
 48
0
 49
1
140
2.5
141
0.09
142
0
143
25.4
144
1
145
0
146
1
147
0.625
148
0
 71
    0
 72
    0
 73
    0
 74
    1
 75
    0
 76
    0
 77
    0
 78
    8
 79
    0
170
    0
171
    2
172
    0
173
    0
174
    0
175
    0
176
    0
177
    0
178
    0
179
    0
271
    2
272
    4
273
    2
274
    2
275
    0
276
    0
277
    2
278
   44
279
    0
280
    0
281
    0
282
    0
283
    1
284
    0
285
    0
286
    0
288
    0
289
    3
340
5A
  0
ENDTAB
  0
TABLE
  2
BLOCK_RECORD
  5
1
330
0
100
AcDbSymbolTable
 70
    2
  0
BLOCK_RECORD
  5
1F
330
1
100
AcDbSymbolTableRecord
100
AcDbBlockTableRecord
  2
*Model_Space
 70
    0
280
    1
281
    0
  0
BLOCK_RECORD
  5
1E
330
1
100
AcDbSymbolTableRecord
100
AcDbBlockTableRecord
  2
*Paper_Space
 70
    0
280
    1
281
    0
  0
BLOCK_RECORD
  5
60
330
1
100
AcDbSymbolTableRecord
100
AcDbBlockTableRecord
  2
*D1
 70
    0
280
    1
281
    0
  0
BLOCK_RECORD
  5
63
330
1
100
AcDbSymbolTableRecord
100
AcDbBlockTableRecord
  2
2227MC-08-03
 70
    0
280
    1
281
    0
  0
BLOCK_RECORD
  5
66
330
1
100
AcDbSymbolTableRecord
100
AcDbBlockTableRecord
  2
PIC16F15325
 70
    0
280
    1
281
    0
  0
BLOCK_RECORD
  5
69
330
1
100
AcDbSymbolTableRecord
100
AcDbBlockTableRecord
  2
2227MC-28-03
 70
    0
280
    1
281
    0
  0
BLOCK_RECORD
  5
6C
330
1
100
AcDbSymbolTableRecord
100
AcDbBlockTableRecord
  2
HUSG-16.000-20
 70
    0
280
    1
281
    0
  0
BLOCK_RECORD
  5
6F
330
1
100
AcDbSymbolTableRecord
100
AcDbBlockTableRecord
  2
ATmega328P
 70
    0
280
    1
281
    0
  0
BLOCK_RECORD
  5
72
330
1
100
AcDbSymbolTableRecord
100
AcDbBlockTableRecord
  2
DTS-63-N-V-BLK
 70
    0
280
    1
281
    0
  0
BLOCK_RECORD
  5
75
330
1
100
AcDbSymbolTableRecord
100
AcDbBlockTableRecord
  2
2227MC-14-03
 70
    0
280
    1
281
    0
  0
BLOCK_RECORD
  5
78
330
1
100
AcDbSymbolTableRecord
100
AcDbBlockTableRecord
  2
C_0.01uF
 70
    0
280
    1
281
    0
  0
BLOCK_RECORD
  5
7B
330
1
100
AcDbSymbolTableRecord
100
AcDbBlockTableRecord
  2
R300
 70
    0
280
    1
281
    0
  0
BLOCK_RECORD
  5
7E
330
1
100
AcDbSymbolTableRecord
100
AcDbBlockTableRecord
  2
R10k
 70
    0
280
    1
281
    0
  0
BLOCK_RECORD
  5
81
330
1
100
AcDbSymbolTableRecord
100
AcDbBlockTableRecord
  2
R0
 70
    0
280
    1
281
    0
  0
ENDTAB
  0
ENDSEC
  0
SECTION
  2
BLOCKS
  0
BLOCK
  5
20
330
1F
100
AcDbEntity
  8
0
100
AcDbBlockBegin
  2
*Model_Space
 70
    0
 10
0
 20
0
 30
0
  3
*Model_Space
  1

  0
ENDBLK
  5
21
330
1F
100
AcDbEntity
  8
0
100
AcDbBlockEnd
  0
BLOCK
  5
1C
330
1B
100
AcDbEntity
  8
0
100
AcDbBlockBegin
  2
*Paper_Space
 70
    0
 10
0
 20
0
 30
0
  3
*Paper_Space
  1

  0
ENDBLK
  5
1D
330
1F
100
AcDbEntity
  8
0
100
AcDbBlockEnd
  0
BLOCK
  5
61
330
60
100
AcDbEntity
  8
0
100
AcDbBlockBegin
  2
*D1
 70
    1
 10
0
 20
0
  3
*D1
  1

  0
LINE
  5
84
100
AcDbEntity
  8
0
  6
CONTINUOUS
 62
    7
370
    0
100
AcDbLine
 10
37.01447772921809
 20
20.66771822573781
 11
40.3983610659258
 21
24.88455746071202
  0
SOLID
  5
85
100
AcDbEntity
  8
0
  6
CONTINUOUS
 62
    7
370
    0
100
AcDbTrace
 10
37.01447772921809
 20
20.66771822573781
 30
0
 11
38.25447689210948
 21
22.87807905427367
 31
0
 12
38.90382145997725
 22
22.35700008005879
 32
0
 13
38.90382145997725
 23
22.35700008005879
 33
0
  0
ENDBLK
  5
62
330
60
100
AcDbEntity
  8
0
100
AcDbBlockEnd
  0
BLOCK
  5
64
330
63
100
AcDbEntity
  8
0
100
AcDbBlockBegin
  2
2227MC-08-03
 70
    0
 10
0
 20
0
  3
2227MC-08-03
  1

  0
LINE
  5
86
100
AcDbEntity
  8
socket_header
  6
ByLayer
 62
  256
370
   -1
100
AcDbLine
 10
-1.270000000000131
 20
-8.890000110779171
 11
-1.270000000000131
 21
1.269999889220831
  0
LINE
  5
87
100
AcDbEntity
  8
socket_header
  6
ByLayer
 62
  256
370
   -1
100
AcDbLine
 10
-1.270000000000131
 20
1.269999889220831
 11
8.890000394687402
 21
1.269999889220831
  0
LINE
  5
88
100
AcDbEntity
  8
socket_header
  6
ByLayer
 62
  256
370
   -1
100
AcDbLine
 10
8.890000394687402
 20
1.269999889220831
 11
8.88999999999989
 21
-8.890000110779171
  0
LINE
  5
89
100
AcDbEntity
  8
socket_header
  6
ByLayer
 62
  256
370
   -1
100
AcDbLine
 10
8.88999999999989
 20
-8.890000110779171
 11
-1.270000000000131
 21
-8.890000110779171
  0
CIRCLE
  5
8A
100
AcDbEntity
  8
socket_header
  6
ByLayer
 62
  256
370
   -1
100
AcDbCircle
 10
2.539999999999878
 20
1.06581410364015e-14
 40
0.6
  0
CIRCLE
  5
8B
100
AcDbEntity
  8
socket_header
  6
ByLayer
 62
  256
370
   -1
100
AcDbCircle
 10
2.539999999999893
 20
-7.620000000000061
 40
0.6
  0
CIRCLE
  5
8C
100
AcDbEntity
  8
socket_header
  6
ByLayer
 62
  256
370
   -1
100
AcDbCircle
 10
0
 20
0
 40
0.6
  0
CIRCLE
  5
8D
100
AcDbEntity
  8
socket_header
  6
ByLayer
 62
  256
370
   -1
100
AcDbCircle
 10
7.105427357601002e-15
 20
-7.620000000000072
 40
0.6
  0
CIRCLE
  5
8E
100
AcDbEntity
  8
socket_header
  6
ByLayer
 62
  256
370
   -1
100
AcDbCircle
 10
5.079999999999757
 20
2.842170943040401e-14
 40
0.6
  0
CIRCLE
  5
8F
100
AcDbEntity
  8
socket_header
  6
ByLayer
 62
  256
370
   -1
100
AcDbCircle
 10
5.079999999999771
 20
-7.620000000000051
 40
0.6
  0
CIRCLE
  5
90
100
AcDbEntity
  8
socket_header
  6
ByLayer
 62
  256
370
   -1
100
AcDbCircle
 10
7.619999999999639
 20
3.907985046680551e-14
 40
0.6
  0
CIRCLE
  5
91
100
AcDbEntity
  8
socket_header
  6
ByLayer
 62
  256
370
   -1
100
AcDbCircle
 10
7.61999999999966
 20
-7.62000000000004
 40
0.6
  0
MTEXT
  5
92
100
AcDbEntity
  8
socket_header
  6
ByLayer
 62
  256
370
   -1
100
AcDbMText
 10
3.950796119092651
 20
-1.713679173150673
 30
0
 40
1
 41
9.222222222222346
 71
    5
 72
    1
  1
2227MC-08-03
  7
STANDARD
210
0
220
0
230
1
 50
0
 73
    2
 44
1
  0
ENDBLK
  5
65
330
63
100
AcDbEntity
  8
0
100
AcDbBlockEnd
  0
BLOCK
  5
67
330
66
100
AcDbEntity
  8
0
100
AcDbBlockBegin
  2
PIC16F15325
 70
    0
 10
0
 20
0
  3
PIC16F15325
  1

  0
ENDBLK
  5
68
330
66
100
AcDbEntity
  8
0
100
AcDbBlockEnd
  0
BLOCK
  5
6A
330
69
100
AcDbEntity
  8
0
100
AcDbBlockBegin
  2
2227MC-28-03
 70
    0
 10
0
 20
0
  3
2227MC-28-03
  1

  0
ENDBLK
  5
6B
330
69
100
AcDbEntity
  8
0
100
AcDbBlockEnd
  0
BLOCK
  5
6D
330
6C
100
AcDbEntity
  8
0
100
AcDbBlockBegin
  2
HUSG-16.000-20
 70
    0
 10
0
 20
0
  3
HUSG-16.000-20
  1

  0
ENDBLK
  5
6E
330
6C
100
AcDbEntity
  8
0
100
AcDbBlockEnd
  0
BLOCK
  5
70
330
6F
100
AcDbEntity
  8
0
100
AcDbBlockBegin
  2
ATmega328P
 70
    0
 10
0
 20
0
  3
ATmega328P
  1

  0
ENDBLK
  5
71
330
6F
100
AcDbEntity
  8
0
100
AcDbBlockEnd
  0
BLOCK
  5
73
330
72
100
AcDbEntity
  8
0
100
AcDbBlockBegin
  2
DTS-63-N-V-BLK
 70
    0
 10
0
 20
0
  3
DTS-63-N-V-BLK
  1

  0
ENDBLK
  5
74
330
72
100
AcDbEntity
  8
0
100
AcDbBlockEnd
  0
BLOCK
  5
76
330
75
100
AcDbEntity
  8
0
100
AcDbBlockBegin
  2
2227MC-14-03
 70
    0
 10
0
 20
0
  3
2227MC-14-03
  1

  0
ENDBLK
  5
77
330
75
100
AcDbEntity
  8
0
100
AcDbBlockEnd
  0
BLOCK
  5
79
330
78
100
AcDbEntity
  8
0
100
AcDbBlockBegin
  2
C_0.01uF
 70
    0
 10
0
 20
0
  3
C_0.01uF
  1

  0
LWPOLYLINE
  5
93
100
AcDbEntity
  8
condenser
  6
ByLayer
 62
  256
370
   -1
100
AcDbPolyline
 90
    4
 70
    1
 43
0
 10
1.499999999999972
 20
5.039999999999822
 10
1.499999999999972
 20
0.03999999999992099
 10
-1.50000000000005
 20
0.03999999999992099
 10
-1.50000000000005
 20
5.039999999999822
  0
MTEXT
  5
94
100
AcDbEntity
  8
condenser
  6
ByLayer
 62
  256
370
   -1
100
AcDbMText
 10
2.336701583810211
 20
2.491803864245341
 30
0
 40
1
 41
3.666666666666713
 71
    5
 72
    1
  1
0.01uF
  7
STANDARD
210
0
220
0
230
1
 50
270
 73
    2
 44
1
  0
CIRCLE
  5
95
100
AcDbEntity
  8
condenser
  6
ByLayer
 62
  256
370
   -1
100
AcDbCircle
 10
0
 20
0
 40
0.4
  0
CIRCLE
  5
96
100
AcDbEntity
  8
condenser
  6
ByLayer
 62
  256
370
   -1
100
AcDbCircle
 10
-6.927791673660977e-14
 20
5.080000000000041
 40
0.4
  0
ENDBLK
  5
7A
330
78
100
AcDbEntity
  8
0
100
AcDbBlockEnd
  0
BLOCK
  5
7C
330
7B
100
AcDbEntity
  8
0
100
AcDbBlockBegin
  2
R300
 70
    0
 10
0
 20
0
  3
R300
  1

  0
LWPOLYLINE
  5
97
100
AcDbEntity
  8
resister
  6
ByLayer
 62
  256
370
   -1
100
AcDbPolyline
 90
    4
 70
    1
 43
0
 10
-1.150000000000091
 20
0.6599999999995898
 10
-1.15000000000008
 20
6.959999999999511
 10
1.150000000000126
 20
6.959999999999511
 10
1.150000000000119
 20
0.6599999999995898
  0
CIRCLE
  5
98
100
AcDbEntity
  8
resister
  6
ByLayer
 62
  256
370
   -1
100
AcDbCircle
 10
1.953992523340276e-14
 20
7.619999999999639
 40
0.3
  0
LINE
  5
99
100
AcDbEntity
  8
resister
  6
ByLayer
 62
  256
370
   -1
100
AcDbLine
 10
1.953992523340276e-14
 20
0.2999999999998604
 11
1.031014139840636e-06
 21
0.6599999999995898
  0
LINE
  5
9A
100
AcDbEntity
  8
resister
  6
ByLayer
 62
  256
370
   -1
100
AcDbLine
 10
3.907985046680551e-14
 20
6.959999999999511
 11
3.907985046680551e-14
 21
7.320000000000348
  0
MTEXT
  5
9B
100
AcDbEntity
  8
resister
  6
ByLayer
 62
  256
370
   -1
100
AcDbMText
 10
-0.02409769535478112
 20
3.951579464078229
 30
0
 40
1
 41
2.888888888888951
 71
    5
 72
    1
  1
R300
  7
STANDARD
210
0
220
0
230
1
 50
90
 73
    2
 44
1
  0
CIRCLE
  5
9C
100
AcDbEntity
  8
resister
  6
ByLayer
 62
  256
370
   -1
100
AcDbCircle
 10
0
 20
0
 40
0.25
  0
ENDBLK
  5
7D
330
7B
100
AcDbEntity
  8
0
100
AcDbBlockEnd
  0
BLOCK
  5
7F
330
7E
100
AcDbEntity
  8
0
100
AcDbBlockBegin
  2
R10k
 70
    0
 10
0
 20
0
  3
R10k
  1

  0
CIRCLE
  5
9D
100
AcDbEntity
  8
resister
  6
ByLayer
 62
  256
370
   -1
100
AcDbCircle
 10
0
 20
0
 40
0.3
  0
LINE
  5
9E
100
AcDbEntity
  8
resister
  6
ByLayer
 62
  256
370
   -1
100
AcDbLine
 10
-0.659999999999485
 20
1.150000000000098
 11
-0.659999999999485
 21
-1.150000000000059
  0
LINE
  5
9F
100
AcDbEntity
  8
resister
  6
ByLayer
 62
  256
370
   -1
100
AcDbLine
 10
-6.959999999999557
 20
-1.150000000000041
 11
-0.659999999999485
 21
-1.150000000000059
  0
LINE
  5
A0
100
AcDbEntity
  8
resister
  6
ByLayer
 62
  256
370
   -1
100
AcDbLine
 10
-0.659999999999485
 20
1.150000000000098
 11
-6.959999999999557
 21
1.150000000000098
  0
LINE
  5
A1
100
AcDbEntity
  8
resister
  6
ByLayer
 62
  256
370
   -1
100
AcDbLine
 10
-6.959999999999557
 20
1.150000000000098
 11
-6.959999999999557
 21
-1.150000000000041
  0
CIRCLE
  5
A2
100
AcDbEntity
  8
resister
  6
ByLayer
 62
  256
370
   -1
100
AcDbCircle
 10
-7.619999999999408
 20
2.131628207280301e-14
 40
0.25
  0
MTEXT
  5
A3
100
AcDbEntity
  8
resister
  6
ByLayer
 62
  256
370
   -1
100
AcDbMText
 10
-3.991855261194459
 20
0.08749576228997924
 30
0
 40
1
 41
2.666666666666667
 71
    5
 72
    1
  1
R10k
  7
unicode
210
0
220
0
230
1
 50
0
 73
    2
 44
1
  0
LINE
  5
A4
100
AcDbEntity
  8
resister
  6
ByLayer
 62
  256
370
   -1
100
AcDbLine
 10
-0.2499999999985789
 20
2.131628207280301e-14
 11
-0.659999999999485
 21
2.131628207280301e-14
  0
LINE
  5
A5
100
AcDbEntity
  8
resister
  6
ByLayer
 62
  256
370
   -1
100
AcDbLine
 10
-7.369999999999898
 20
1.06581410364015e-14
 11
-6.959999999999557
 21
1.06581410364015e-14
  0
ENDBLK
  5
80
330
7E
100
AcDbEntity
  8
0
100
AcDbBlockEnd
  0
BLOCK
  5
82
330
81
100
AcDbEntity
  8
0
100
AcDbBlockBegin
  2
R0
 70
    0
 10
0
 20
0
  3
R0
  1

  0
LINE
  5
A6
100
AcDbEntity
  8
resister
  6
ByLayer
 62
  256
370
   -1
100
AcDbLine
 10
-0.6599999999999611
 20
1.149999999999959
 11
-0.6599999999999611
 21
-1.14999999999997
  0
LINE
  5
A7
100
AcDbEntity
  8
resister
  6
ByLayer
 62
  256
370
   -1
100
AcDbLine
 10
-0.6599999999999611
 20
-1.14999999999997
 11
-6.959999999999834
 21
-1.14999999999997
  0
LINE
  5
A8
100
AcDbEntity
  8
resister
  6
ByLayer
 62
  256
370
   -1
100
AcDbLine
 10
-6.959999999999834
 20
-1.14999999999997
 11
-6.95999999999982
 21
1.149999999999959
  0
LINE
  5
A9
100
AcDbEntity
  8
resister
  6
ByLayer
 62
  256
370
   -1
100
AcDbLine
 10
-6.95999999999982
 20
1.149999999999959
 11
-0.6599999999999611
 21
1.149999999999959
  0
LINE
  5
AA
100
AcDbEntity
  8
resister
  6
ByLayer
 62
  256
370
   -1
100
AcDbLine
 10
-6.95999999999982
 20
0
 11
-7.61999999999966
 21
0
  0
LINE
  5
AB
100
AcDbEntity
  8
resister
  6
ByLayer
 62
  256
370
   -1
100
AcDbLine
 10
3.694822225952521e-13
 20
0
 11
-0.6599999999999611
 21
0
  0
MTEXT
  5
AC
100
AcDbEntity
  8
resister
  6
ByLayer
 62
  256
370
   -1
100
AcDbMText
 10
-4.132042899777453
 20
0.05377778633712005
 30
0
 40
1
 41
1.333333333333333
 71
    5
 72
    1
  1
R0
  7
STANDARD
210
0
220
0
230
1
 50
270
 73
    2
 44
1
  0
ENDBLK
  5
83
330
81
100
AcDbEntity
  8
0
100
AcDbBlockEnd
  0
ENDSEC
  0
SECTION
  2
ENTITIES
  0
CIRCLE
  5
AD
100
AcDbEntity
  8
universal_board
  6
ByLayer
 62
  256
370
   -1
100
AcDbCircle
 10
2.539999999999885
 20
2.540000000000028
 40
0.5
  0
CIRCLE
  5
AE
100
AcDbEntity
  8
universal_board
  6
ByLayer
 62
  256
370
   -1
100
AcDbCircle
 10
2.539999999999885
 20
5.080000000000048
 40
0.5
  0
CIRCLE
  5
AF
100
AcDbEntity
  8
universal_board
  6
ByLayer
 62
  256
370
   -1
100
AcDbCircle
 10
2.539999999999871
 20
7.620000000000068
 40
0.5
  0
CIRCLE
  5
B0
100
AcDbEntity
  8
universal_board
  6
ByLayer
 62
  256
370
   -1
100
AcDbCircle
 10
2.53999999999985
 20
10.1600000000001
 40
0.5
  0
CIRCLE
  5
B1
100
AcDbEntity
  8
universal_board
  6
ByLayer
 62
  256
370
   -1
100
AcDbCircle
 10
2.53999999999985
 20
12.70000000000012
 40
0.5
  0
CIRCLE
  5
B2
100
AcDbEntity
  8
universal_board
  6
ByLayer
 62
  256
370
   -1
100
AcDbCircle
 10
2.53999999999985
 20
15.24000000000014
 40
0.5
  0
CIRCLE
  5
B3
100
AcDbEntity
  8
universal_board
  6
ByLayer
 62
  256
370
   -1
100
AcDbCircle
 10
2.539999999999836
 20
17.78000000000016
 40
0.5
  0
CIRCLE
  5
B4
100
AcDbEntity
  8
universal_board
  6
ByLayer
 62
  256
370
   -1
100
AcDbCircle
 10
2.539999999999836
 20
20.32000000000017
 40
0.5
  0
CIRCLE
  5
B5
100
AcDbEntity
  8
universal_board
  6
ByLayer
 62
  256
370
   -1
100
AcDbCircle
 10
2.539999999999836
 20
22.86000000000019
 40
0.5
  0
CIRCLE
  5
B6
100
AcDbEntity
  8
universal_board
  6
ByLayer
 62
  256
370
   -1
100
AcDbCircle
 10
2.539999999999814
 20
25.40000000000021
 40
0.5
  0
CIRCLE
  5
B7
100
AcDbEntity
  8
universal_board
  6
ByLayer
 62
  256
370
   -1
100
AcDbCircle
 10
2.5399999999998
 20
27.94000000000025
 40
0.5
  0
CIRCLE
  5
B8
100
AcDbEntity
  8
universal_board
  6
ByLayer
 62
  256
370
   -1
100
AcDbCircle
 10
5.07999999999975
 20
2.540000000000049
 40
0.5
  0
CIRCLE
  5
B9
100
AcDbEntity
  8
universal_board
  6
ByLayer
 62
  256
370
   -1
100
AcDbCircle
 10
5.07999999999975
 20
5.080000000000069
 40
0.5
  0
CIRCLE
  5
BA
100
AcDbEntity
  8
universal_board
  6
ByLayer
 62
  256
370
   -1
100
AcDbCircle
 10
5.07999999999975
 20
7.62000000000009
 40
0.5
  0
CIRCLE
  5
BB
100
AcDbEntity
  8
universal_board
  6
ByLayer
 62
  256
370
   -1
100
AcDbCircle
 10
5.079999999999735
 20
10.16000000000011
 40
0.5
  0
CIRCLE
  5
BC
100
AcDbEntity
  8
universal_board
  6
ByLayer
 62
  256
370
   -1
100
AcDbCircle
 10
5.079999999999735
 20
12.70000000000013
 40
0.5
  0
CIRCLE
  5
BD
100
AcDbEntity
  8
universal_board
  6
ByLayer
 62
  256
370
   -1
100
AcDbCircle
 10
5.079999999999735
 20
15.24000000000015
 40
0.5
  0
CIRCLE
  5
BE
100
AcDbEntity
  8
universal_board
  6
ByLayer
 62
  256
370
   -1
100
AcDbCircle
 10
5.079999999999714
 20
17.78000000000017
 40
0.5
  0
CIRCLE
  5
BF
100
AcDbEntity
  8
universal_board
  6
ByLayer
 62
  256
370
   -1
100
AcDbCircle
 10
5.0799999999997
 20
20.32000000000018
 40
0.5
  0
CIRCLE
  5
C0
100
AcDbEntity
  8
universal_board
  6
ByLayer
 62
  256
370
   -1
100
AcDbCircle
 10
5.0799999999997
 20
22.8600000000002
 40
0.5
  0
CIRCLE
  5
C1
100
AcDbEntity
  8
universal_board
  6
ByLayer
 62
  256
370
   -1
100
AcDbCircle
 10
5.079999999999693
 20
25.40000000000023
 40
0.5
  0
CIRCLE
  5
C2
100
AcDbEntity
  8
universal_board
  6
ByLayer
 62
  256
370
   -1
100
AcDbCircle
 10
5.079999999999686
 20
27.94000000000026
 40
0.5
  0
CIRCLE
  5
C3
100
AcDbEntity
  8
universal_board
  6
ByLayer
 62
  256
370
   -1
100
AcDbCircle
 10
7.619999999999635
 20
2.540000000000063
 40
0.5
  0
CIRCLE
  5
C4
100
AcDbEntity
  8
universal_board
  6
ByLayer
 62
  256
370
   -1
100
AcDbCircle
 10
7.619999999999635
 20
5.080000000000084
 40
0.5
  0
CIRCLE
  5
C5
100
AcDbEntity
  8
universal_board
  6
ByLayer
 62
  256
370
   -1
100
AcDbCircle
 10
7.619999999999621
 20
7.620000000000104
 40
0.5
  0
CIRCLE
  5
C6
100
AcDbEntity
  8
universal_board
  6
ByLayer
 62
  256
370
   -1
100
AcDbCircle
 10
7.619999999999614
 20
10.16000000000012
 40
0.5
  0
CIRCLE
  5
C7
100
AcDbEntity
  8
universal_board
  6
ByLayer
 62
  256
370
   -1
100
AcDbCircle
 10
7.619999999999614
 20
12.70000000000014
 40
0.5
  0
CIRCLE
  5
C8
100
AcDbEntity
  8
universal_board
  6
ByLayer
 62
  256
370
   -1
100
AcDbCircle
 10
7.6199999999996
 20
15.24000000000016
 40
0.5
  0
CIRCLE
  5
C9
100
AcDbEntity
  8
universal_board
  6
ByLayer
 62
  256
370
   -1
100
AcDbCircle
 10
7.619999999999592
 20
17.78000000000019
 40
0.5
  0
CIRCLE
  5
CA
100
AcDbEntity
  8
universal_board
  6
ByLayer
 62
  256
370
   -1
100
AcDbCircle
 10
7.619999999999585
 20
20.3200000000002
 40
0.5
  0
CIRCLE
  5
CB
100
AcDbEntity
  8
universal_board
  6
ByLayer
 62
  256
370
   -1
100
AcDbCircle
 10
7.619999999999585
 20
22.86000000000022
 40
0.5
  0
CIRCLE
  5
CC
100
AcDbEntity
  8
universal_board
  6
ByLayer
 62
  256
370
   -1
100
AcDbCircle
 10
7.619999999999571
 20
25.40000000000024
 40
0.5
  0
CIRCLE
  5
CD
100
AcDbEntity
  8
universal_board
  6
ByLayer
 62
  256
370
   -1
100
AcDbCircle
 10
7.619999999999564
 20
27.94000000000027
 40
0.5
  0
CIRCLE
  5
CE
100
AcDbEntity
  8
universal_board
  6
ByLayer
 62
  256
370
   -1
100
AcDbCircle
 10
2.5399999999998
 20
30.48000000000028
 40
0.5
  0
CIRCLE
  5
CF
100
AcDbEntity
  8
universal_board
  6
ByLayer
 62
  256
370
   -1
100
AcDbCircle
 10
5.079999999999686
 20
30.4800000000003
 40
0.5
  0
CIRCLE
  5
D0
100
AcDbEntity
  8
universal_board
  6
ByLayer
 62
  256
370
   -1
100
AcDbCircle
 10
7.61999999999955
 20
30.48000000000031
 40
0.5
  0
CIRCLE
  5
D1
100
AcDbEntity
  8
universal_board
  6
ByLayer
 62
  256
370
   -1
100
AcDbCircle
 10
2.539999999999793
 20
33.02000000000032
 40
0.5
  0
CIRCLE
  5
D2
100
AcDbEntity
  8
universal_board
  6
ByLayer
 62
  256
370
   -1
100
AcDbCircle
 10
5.079999999999671
 20
33.02000000000033
 40
0.5
  0
CIRCLE
  5
D3
100
AcDbEntity
  8
universal_board
  6
ByLayer
 62
  256
370
   -1
100
AcDbCircle
 10
7.61999999999955
 20
33.02000000000034
 40
0.5
  0
CIRCLE
  5
D4
100
AcDbEntity
  8
universal_board
  6
ByLayer
 62
  256
370
   -1
100
AcDbCircle
 10
2.539999999999786
 20
35.56000000000035
 40
0.5
  0
CIRCLE
  5
D5
100
AcDbEntity
  8
universal_board
  6
ByLayer
 62
  256
370
   -1
100
AcDbCircle
 10
5.079999999999664
 20
35.56000000000036
 40
0.5
  0
CIRCLE
  5
D6
100
AcDbEntity
  8
universal_board
  6
ByLayer
 62
  256
370
   -1
100
AcDbCircle
 10
7.619999999999543
 20
35.56000000000038
 40
0.5
  0
CIRCLE
  5
D7
100
AcDbEntity
  8
universal_board
  6
ByLayer
 62
  256
370
   -1
100
AcDbCircle
 10
2.539999999999786
 20
38.10000000000039
 40
0.5
  0
CIRCLE
  5
D8
100
AcDbEntity
  8
universal_board
  6
ByLayer
 62
  256
370
   -1
100
AcDbCircle
 10
5.07999999999965
 20
38.1000000000004
 40
0.5
  0
CIRCLE
  5
D9
100
AcDbEntity
  8
universal_board
  6
ByLayer
 62
  256
370
   -1
100
AcDbCircle
 10
7.619999999999536
 20
38.10000000000041
 40
0.5
  0
CIRCLE
  5
DA
100
AcDbEntity
  8
universal_board
  6
ByLayer
 62
  256
370
   -1
100
AcDbCircle
 10
10.15999999999951
 20
2.540000000000077
 40
0.5
  0
CIRCLE
  5
DB
100
AcDbEntity
  8
universal_board
  6
ByLayer
 62
  256
370
   -1
100
AcDbCircle
 10
10.15999999999951
 20
5.080000000000098
 40
0.5
  0
CIRCLE
  5
DC
100
AcDbEntity
  8
universal_board
  6
ByLayer
 62
  256
370
   -1
100
AcDbCircle
 10
10.15999999999949
 20
7.620000000000118
 40
0.5
  0
CIRCLE
  5
DD
100
AcDbEntity
  8
universal_board
  6
ByLayer
 62
  256
370
   -1
100
AcDbCircle
 10
10.15999999999948
 20
10.16000000000013
 40
0.5
  0
CIRCLE
  5
DE
100
AcDbEntity
  8
universal_board
  6
ByLayer
 62
  256
370
   -1
100
AcDbCircle
 10
10.15999999999948
 20
12.70000000000015
 40
0.5
  0
CIRCLE
  5
DF
100
AcDbEntity
  8
universal_board
  6
ByLayer
 62
  256
370
   -1
100
AcDbCircle
 10
10.15999999999947
 20
15.24000000000017
 40
0.5
  0
CIRCLE
  5
E0
100
AcDbEntity
  8
universal_board
  6
ByLayer
 62
  256
370
   -1
100
AcDbCircle
 10
10.15999999999946
 20
17.78000000000021
 40
0.5
  0
CIRCLE
  5
E1
100
AcDbEntity
  8
universal_board
  6
ByLayer
 62
  256
370
   -1
100
AcDbCircle
 10
10.15999999999946
 20
20.32000000000021
 40
0.5
  0
CIRCLE
  5
E2
100
AcDbEntity
  8
universal_board
  6
ByLayer
 62
  256
370
   -1
100
AcDbCircle
 10
10.15999999999946
 20
22.86000000000023
 40
0.5
  0
CIRCLE
  5
E3
100
AcDbEntity
  8
universal_board
  6
ByLayer
 62
  256
370
   -1
100
AcDbCircle
 10
10.15999999999944
 20
25.40000000000025
 40
0.5
  0
CIRCLE
  5
E4
100
AcDbEntity
  8
universal_board
  6
ByLayer
 62
  256
370
   -1
100
AcDbCircle
 10
10.15999999999944
 20
27.94000000000029
 40
0.5
  0
CIRCLE
  5
E5
100
AcDbEntity
  8
universal_board
  6
ByLayer
 62
  256
370
   -1
100
AcDbCircle
 10
10.15999999999942
 20
30.48000000000032
 40
0.5
  0
CIRCLE
  5
E6
100
AcDbEntity
  8
universal_board
  6
ByLayer
 62
  256
370
   -1
100
AcDbCircle
 10
10.15999999999942
 20
33.02000000000036
 40
0.5
  0
CIRCLE
  5
E7
100
AcDbEntity
  8
universal_board
  6
ByLayer
 62
  256
370
   -1
100
AcDbCircle
 10
10.15999999999941
 20
35.56000000000039
 40
0.5
  0
CIRCLE
  5
E8
100
AcDbEntity
  8
universal_board
  6
ByLayer
 62
  256
370
   -1
100
AcDbCircle
 10
10.1599999999994
 20
38.10000000000043
 40
0.5
  0
CIRCLE
  5
E9
100
AcDbEntity
  8
universal_board
  6
ByLayer
 62
  256
370
   -1
100
AcDbCircle
 10
12.69999999999937
 20
2.540000000000092
 40
0.5
  0
CIRCLE
  5
EA
100
AcDbEntity
  8
universal_board
  6
ByLayer
 62
  256
370
   -1
100
AcDbCircle
 10
12.69999999999937
 20
5.080000000000112
 40
0.5
  0
CIRCLE
  5
EB
100
AcDbEntity
  8
universal_board
  6
ByLayer
 62
  256
370
   -1
100
AcDbCircle
 10
12.69999999999936
 20
7.620000000000132
 40
0.5
  0
CIRCLE
  5
EC
100
AcDbEntity
  8
universal_board
  6
ByLayer
 62
  256
370
   -1
100
AcDbCircle
 10
12.69999999999936
 20
10.16000000000014
 40
0.5
  0
CIRCLE
  5
ED
100
AcDbEntity
  8
universal_board
  6
ByLayer
 62
  256
370
   -1
100
AcDbCircle
 10
12.69999999999936
 20
12.70000000000017
 40
0.5
  0
CIRCLE
  5
EE
100
AcDbEntity
  8
universal_board
  6
ByLayer
 62
  256
370
   -1
100
AcDbCircle
 10
12.69999999999934
 20
15.24000000000019
 40
0.5
  0
CIRCLE
  5
EF
100
AcDbEntity
  8
universal_board
  6
ByLayer
 62
  256
370
   -1
100
AcDbCircle
 10
12.69999999999933
 20
17.78000000000022
 40
0.5
  0
CIRCLE
  5
F0
100
AcDbEntity
  8
universal_board
  6
ByLayer
 62
  256
370
   -1
100
AcDbCircle
 10
12.69999999999932
 20
20.32000000000023
 40
0.5
  0
CIRCLE
  5
F1
100
AcDbEntity
  8
universal_board
  6
ByLayer
 62
  256
370
   -1
100
AcDbCircle
 10
12.69999999999932
 20
22.86000000000025
 40
0.5
  0
CIRCLE
  5
F2
100
AcDbEntity
  8
universal_board
  6
ByLayer
 62
  256
370
   -1
100
AcDbCircle
 10
12.69999999999931
 20
25.40000000000027
 40
0.5
  0
CIRCLE
  5
F3
100
AcDbEntity
  8
universal_board
  6
ByLayer
 62
  256
370
   -1
100
AcDbCircle
 10
12.69999999999931
 20
27.9400000000003
 40
0.5
  0
CIRCLE
  5
F4
100
AcDbEntity
  8
universal_board
  6
ByLayer
 62
  256
370
   -1
100
AcDbCircle
 10
12.69999999999929
 20
30.48000000000034
 40
0.5
  0
CIRCLE
  5
F5
100
AcDbEntity
  8
universal_board
  6
ByLayer
 62
  256
370
   -1
100
AcDbCircle
 10
12.69999999999929
 20
33.02000000000037
 40
0.5
  0
CIRCLE
  5
F6
100
AcDbEntity
  8
universal_board
  6
ByLayer
 62
  256
370
   -1
100
AcDbCircle
 10
12.69999999999929
 20
35.56000000000041
 40
0.5
  0
CIRCLE
  5
F7
100
AcDbEntity
  8
universal_board
  6
ByLayer
 62
  256
370
   -1
100
AcDbCircle
 10
12.69999999999929
 20
38.10000000000044
 40
0.5
  0
CIRCLE
  5
F8
100
AcDbEntity
  8
universal_board
  6
ByLayer
 62
  256
370
   -1
100
AcDbCircle
 10
15.23999999999926
 20
2.540000000000099
 40
0.5
  0
CIRCLE
  5
F9
100
AcDbEntity
  8
universal_board
  6
ByLayer
 62
  256
370
   -1
100
AcDbCircle
 10
15.23999999999926
 20
5.080000000000133
 40
0.5
  0
CIRCLE
  5
FA
100
AcDbEntity
  8
universal_board
  6
ByLayer
 62
  256
370
   -1
100
AcDbCircle
 10
15.23999999999923
 20
7.620000000000154
 40
0.5
  0
CIRCLE
  5
FB
100
AcDbEntity
  8
universal_board
  6
ByLayer
 62
  256
370
   -1
100
AcDbCircle
 10
15.23999999999922
 20
10.16000000000016
 40
0.5
  0
CIRCLE
  5
FC
100
AcDbEntity
  8
universal_board
  6
ByLayer
 62
  256
370
   -1
100
AcDbCircle
 10
15.23999999999922
 20
12.70000000000018
 40
0.5
  0
CIRCLE
  5
FD
100
AcDbEntity
  8
universal_board
  6
ByLayer
 62
  256
370
   -1
100
AcDbCircle
 10
15.23999999999921
 20
15.2400000000002
 40
0.5
  0
CIRCLE
  5
FE
100
AcDbEntity
  8
universal_board
  6
ByLayer
 62
  256
370
   -1
100
AcDbCircle
 10
15.23999999999921
 20
17.78000000000023
 40
0.5
  0
CIRCLE
  5
FF
100
AcDbEntity
  8
universal_board
  6
ByLayer
 62
  256
370
   -1
100
AcDbCircle
 10
15.23999999999921
 20
20.32000000000024
 40
0.5
  0
CIRCLE
  5
100
100
AcDbEntity
  8
universal_board
  6
ByLayer
 62
  256
370
   -1
100
AcDbCircle
 10
15.23999999999921
 20
22.86000000000026
 40
0.5
  0
CIRCLE
  5
101
100
AcDbEntity
  8
universal_board
  6
ByLayer
 62
  256
370
   -1
100
AcDbCircle
 10
15.23999999999918
 20
25.40000000000028
 40
0.5
  0
CIRCLE
  5
102
100
AcDbEntity
  8
universal_board
  6
ByLayer
 62
  256
370
   -1
100
AcDbCircle
 10
15.23999999999917
 20
27.94000000000032
 40
0.5
  0
CIRCLE
  5
103
100
AcDbEntity
  8
universal_board
  6
ByLayer
 62
  256
370
   -1
100
AcDbCircle
 10
15.23999999999916
 20
30.48000000000035
 40
0.5
  0
CIRCLE
  5
104
100
AcDbEntity
  8
universal_board
  6
ByLayer
 62
  256
370
   -1
100
AcDbCircle
 10
15.23999999999916
 20
33.02000000000039
 40
0.5
  0
CIRCLE
  5
105
100
AcDbEntity
  8
universal_board
  6
ByLayer
 62
  256
370
   -1
100
AcDbCircle
 10
15.23999999999916
 20
35.56000000000042
 40
0.5
  0
CIRCLE
  5
106
100
AcDbEntity
  8
universal_board
  6
ByLayer
 62
  256
370
   -1
100
AcDbCircle
 10
15.23999999999916
 20
38.10000000000046
 40
0.5
  0
CIRCLE
  5
107
100
AcDbEntity
  8
universal_board
  6
ByLayer
 62
  256
370
   -1
100
AcDbCircle
 10
17.77999999999912
 20
2.54000000000012
 40
0.5
  0
CIRCLE
  5
108
100
AcDbEntity
  8
universal_board
  6
ByLayer
 62
  256
370
   -1
100
AcDbCircle
 10
17.77999999999912
 20
5.08000000000014
 40
0.5
  0
CIRCLE
  5
109
100
AcDbEntity
  8
universal_board
  6
ByLayer
 62
  256
370
   -1
100
AcDbCircle
 10
17.77999999999911
 20
7.620000000000161
 40
0.5
  0
CIRCLE
  5
10A
100
AcDbEntity
  8
universal_board
  6
ByLayer
 62
  256
370
   -1
100
AcDbCircle
 10
17.77999999999911
 20
10.16000000000017
 40
0.5
  0
CIRCLE
  5
10B
100
AcDbEntity
  8
universal_board
  6
ByLayer
 62
  256
370
   -1
100
AcDbCircle
 10
17.77999999999911
 20
12.70000000000019
 40
0.5
  0
CIRCLE
  5
10C
100
AcDbEntity
  8
universal_board
  6
ByLayer
 62
  256
370
   -1
100
AcDbCircle
 10
17.77999999999908
 20
15.24000000000021
 40
0.5
  0
CIRCLE
  5
10D
100
AcDbEntity
  8
universal_board
  6
ByLayer
 62
  256
370
   -1
100
AcDbCircle
 10
17.77999999999907
 20
17.78000000000025
 40
0.5
  0
CIRCLE
  5
10E
100
AcDbEntity
  8
universal_board
  6
ByLayer
 62
  256
370
   -1
100
AcDbCircle
 10
17.77999999999907
 20
20.32000000000026
 40
0.5
  0
CIRCLE
  5
10F
100
AcDbEntity
  8
universal_board
  6
ByLayer
 62
  256
370
   -1
100
AcDbCircle
 10
17.77999999999907
 20
22.86000000000028
 40
0.5
  0
CIRCLE
  5
110
100
AcDbEntity
  8
universal_board
  6
ByLayer
 62
  256
370
   -1
100
AcDbCircle
 10
17.77999999999906
 20
25.4000000000003
 40
0.5
  0
CIRCLE
  5
111
100
AcDbEntity
  8
universal_board
  6
ByLayer
 62
  256
370
   -1
100
AcDbCircle
 10
17.77999999999906
 20
27.94000000000033
 40
0.5
  0
CIRCLE
  5
112
100
AcDbEntity
  8
universal_board
  6
ByLayer
 62
  256
370
   -1
100
AcDbCircle
 10
17.77999999999903
 20
30.48000000000037
 40
0.5
  0
CIRCLE
  5
113
100
AcDbEntity
  8
universal_board
  6
ByLayer
 62
  256
370
   -1
100
AcDbCircle
 10
17.77999999999903
 20
33.0200000000004
 40
0.5
  0
CIRCLE
  5
114
100
AcDbEntity
  8
universal_board
  6
ByLayer
 62
  256
370
   -1
100
AcDbCircle
 10
17.77999999999902
 20
35.56000000000044
 40
0.5
  0
CIRCLE
  5
115
100
AcDbEntity
  8
universal_board
  6
ByLayer
 62
  256
370
   -1
100
AcDbCircle
 10
17.77999999999902
 20
38.10000000000047
 40
0.5
  0
CIRCLE
  5
116
100
AcDbEntity
  8
universal_board
  6
ByLayer
 62
  256
370
   -1
100
AcDbCircle
 10
20.31999999999899
 20
2.540000000000134
 40
0.5
  0
CIRCLE
  5
117
100
AcDbEntity
  8
universal_board
  6
ByLayer
 62
  256
370
   -1
100
AcDbCircle
 10
20.31999999999899
 20
5.080000000000148
 40
0.5
  0
CIRCLE
  5
118
100
AcDbEntity
  8
universal_board
  6
ByLayer
 62
  256
370
   -1
100
AcDbCircle
 10
20.31999999999897
 20
7.620000000000168
 40
0.5
  0
CIRCLE
  5
119
100
AcDbEntity
  8
universal_board
  6
ByLayer
 62
  256
370
   -1
100
AcDbCircle
 10
20.31999999999897
 20
10.16000000000019
 40
0.5
  0
CIRCLE
  5
11A
100
AcDbEntity
  8
universal_board
  6
ByLayer
 62
  256
370
   -1
100
AcDbCircle
 10
20.31999999999897
 20
12.70000000000021
 40
0.5
  0
CIRCLE
  5
11B
100
AcDbEntity
  8
universal_board
  6
ByLayer
 62
  256
370
   -1
100
AcDbCircle
 10
20.31999999999896
 20
15.24000000000023
 40
0.5
  0
CIRCLE
  5
11C
100
AcDbEntity
  8
universal_board
  6
ByLayer
 62
  256
370
   -1
100
AcDbCircle
 10
20.31999999999896
 20
17.78000000000026
 40
0.5
  0
CIRCLE
  5
11D
100
AcDbEntity
  8
universal_board
  6
ByLayer
 62
  256
370
   -1
100
AcDbCircle
 10
20.31999999999894
 20
20.32000000000027
 40
0.5
  0
CIRCLE
  5
11E
100
AcDbEntity
  8
universal_board
  6
ByLayer
 62
  256
370
   -1
100
AcDbCircle
 10
20.31999999999894
 20
22.86000000000029
 40
0.5
  0
CIRCLE
  5
11F
100
AcDbEntity
  8
universal_board
  6
ByLayer
 62
  256
370
   -1
100
AcDbCircle
 10
20.31999999999892
 20
25.40000000000031
 40
0.5
  0
CIRCLE
  5
120
100
AcDbEntity
  8
universal_board
  6
ByLayer
 62
  256
370
   -1
100
AcDbCircle
 10
20.31999999999892
 20
27.94000000000035
 40
0.5
  0
CIRCLE
  5
121
100
AcDbEntity
  8
universal_board
  6
ByLayer
 62
  256
370
   -1
100
AcDbCircle
 10
20.31999999999891
 20
30.48000000000038
 40
0.5
  0
CIRCLE
  5
122
100
AcDbEntity
  8
universal_board
  6
ByLayer
 62
  256
370
   -1
100
AcDbCircle
 10
20.31999999999891
 20
33.02000000000042
 40
0.5
  0
CIRCLE
  5
123
100
AcDbEntity
  8
universal_board
  6
ByLayer
 62
  256
370
   -1
100
AcDbCircle
 10
20.31999999999891
 20
35.56000000000045
 40
0.5
  0
CIRCLE
  5
124
100
AcDbEntity
  8
universal_board
  6
ByLayer
 62
  256
370
   -1
100
AcDbCircle
 10
20.31999999999889
 20
38.10000000000048
 40
0.5
  0
CIRCLE
  5
125
100
AcDbEntity
  8
universal_board
  6
ByLayer
 62
  256
370
   -1
100
AcDbCircle
 10
22.85999999999886
 20
2.540000000000148
 40
0.5
  0
CIRCLE
  5
126
100
AcDbEntity
  8
universal_board
  6
ByLayer
 62
  256
370
   -1
100
AcDbCircle
 10
22.85999999999886
 20
5.080000000000169
 40
0.5
  0
CIRCLE
  5
127
100
AcDbEntity
  8
universal_board
  6
ByLayer
 62
  256
370
   -1
100
AcDbCircle
 10
22.85999999999886
 20
7.620000000000189
 40
0.5
  0
CIRCLE
  5
128
100
AcDbEntity
  8
universal_board
  6
ByLayer
 62
  256
370
   -1
100
AcDbCircle
 10
22.85999999999884
 20
10.1600000000002
 40
0.5
  0
CIRCLE
  5
129
100
AcDbEntity
  8
universal_board
  6
ByLayer
 62
  256
370
   -1
100
AcDbCircle
 10
22.85999999999884
 20
12.70000000000022
 40
0.5
  0
CIRCLE
  5
12A
100
AcDbEntity
  8
universal_board
  6
ByLayer
 62
  256
370
   -1
100
AcDbCircle
 10
22.85999999999883
 20
15.24000000000024
 40
0.5
  0
CIRCLE
  5
12B
100
AcDbEntity
  8
universal_board
  6
ByLayer
 62
  256
370
   -1
100
AcDbCircle
 10
22.85999999999883
 20
17.78000000000028
 40
0.5
  0
CIRCLE
  5
12C
100
AcDbEntity
  8
universal_board
  6
ByLayer
 62
  256
370
   -1
100
AcDbCircle
 10
22.85999999999881
 20
20.32000000000028
 40
0.5
  0
CIRCLE
  5
12D
100
AcDbEntity
  8
universal_board
  6
ByLayer
 62
  256
370
   -1
100
AcDbCircle
 10
22.85999999999881
 20
22.8600000000003
 40
0.5
  0
CIRCLE
  5
12E
100
AcDbEntity
  8
universal_board
  6
ByLayer
 62
  256
370
   -1
100
AcDbCircle
 10
22.8599999999988
 20
25.40000000000032
 40
0.5
  0
CIRCLE
  5
12F
100
AcDbEntity
  8
universal_board
  6
ByLayer
 62
  256
370
   -1
100
AcDbCircle
 10
22.8599999999988
 20
27.94000000000036
 40
0.5
  0
CIRCLE
  5
130
100
AcDbEntity
  8
universal_board
  6
ByLayer
 62
  256
370
   -1
100
AcDbCircle
 10
22.85999999999877
 20
30.48000000000039
 40
0.5
  0
CIRCLE
  5
131
100
AcDbEntity
  8
universal_board
  6
ByLayer
 62
  256
370
   -1
100
AcDbCircle
 10
22.85999999999877
 20
33.02000000000043
 40
0.5
  0
CIRCLE
  5
132
100
AcDbEntity
  8
universal_board
  6
ByLayer
 62
  256
370
   -1
100
AcDbCircle
 10
22.85999999999877
 20
35.56000000000046
 40
0.5
  0
CIRCLE
  5
133
100
AcDbEntity
  8
universal_board
  6
ByLayer
 62
  256
370
   -1
100
AcDbCircle
 10
22.85999999999877
 20
38.1000000000005
 40
0.5
  0
CIRCLE
  5
134
100
AcDbEntity
  8
universal_board
  6
ByLayer
 62
  256
370
   -1
100
AcDbCircle
 10
25.39999999999873
 20
2.540000000000163
 40
0.5
  0
CIRCLE
  5
135
100
AcDbEntity
  8
universal_board
  6
ByLayer
 62
  256
370
   -1
100
AcDbCircle
 10
25.39999999999873
 20
5.080000000000183
 40
0.5
  0
CIRCLE
  5
136
100
AcDbEntity
  8
universal_board
  6
ByLayer
 62
  256
370
   -1
100
AcDbCircle
 10
25.39999999999872
 20
7.620000000000203
 40
0.5
  0
CIRCLE
  5
137
100
AcDbEntity
  8
universal_board
  6
ByLayer
 62
  256
370
   -1
100
AcDbCircle
 10
25.39999999999871
 20
10.16000000000022
 40
0.5
  0
CIRCLE
  5
138
100
AcDbEntity
  8
universal_board
  6
ByLayer
 62
  256
370
   -1
100
AcDbCircle
 10
25.39999999999871
 20
12.70000000000024
 40
0.5
  0
CIRCLE
  5
139
100
AcDbEntity
  8
universal_board
  6
ByLayer
 62
  256
370
   -1
100
AcDbCircle
 10
25.39999999999871
 20
15.24000000000026
 40
0.5
  0
CIRCLE
  5
13A
100
AcDbEntity
  8
universal_board
  6
ByLayer
 62
  256
370
   -1
100
AcDbCircle
 10
25.39999999999869
 20
17.78000000000029
 40
0.5
  0
CIRCLE
  5
13B
100
AcDbEntity
  8
universal_board
  6
ByLayer
 62
  256
370
   -1
100
AcDbCircle
 10
25.39999999999868
 20
20.3200000000003
 40
0.5
  0
CIRCLE
  5
13C
100
AcDbEntity
  8
universal_board
  6
ByLayer
 62
  256
370
   -1
100
AcDbCircle
 10
25.39999999999868
 20
22.86000000000032
 40
0.5
  0
CIRCLE
  5
13D
100
AcDbEntity
  8
universal_board
  6
ByLayer
 62
  256
370
   -1
100
AcDbCircle
 10
25.39999999999868
 20
25.40000000000034
 40
0.5
  0
CIRCLE
  5
13E
100
AcDbEntity
  8
universal_board
  6
ByLayer
 62
  256
370
   -1
100
AcDbCircle
 10
25.39999999999866
 20
27.94000000000037
 40
0.5
  0
CIRCLE
  5
13F
100
AcDbEntity
  8
universal_board
  6
ByLayer
 62
  256
370
   -1
100
AcDbCircle
 10
25.39999999999865
 20
30.48000000000041
 40
0.5
  0
CIRCLE
  5
140
100
AcDbEntity
  8
universal_board
  6
ByLayer
 62
  256
370
   -1
100
AcDbCircle
 10
25.39999999999865
 20
33.02000000000044
 40
0.5
  0
CIRCLE
  5
141
100
AcDbEntity
  8
universal_board
  6
ByLayer
 62
  256
370
   -1
100
AcDbCircle
 10
25.39999999999865
 20
35.56000000000048
 40
0.5
  0
CIRCLE
  5
142
100
AcDbEntity
  8
universal_board
  6
ByLayer
 62
  256
370
   -1
100
AcDbCircle
 10
25.39999999999863
 20
38.10000000000051
 40
0.5
  0
CIRCLE
  5
143
100
AcDbEntity
  8
universal_board
  6
ByLayer
 62
  256
370
   -1
100
AcDbCircle
 10
27.93999999999861
 20
2.540000000000184
 40
0.5
  0
CIRCLE
  5
144
100
AcDbEntity
  8
universal_board
  6
ByLayer
 62
  256
370
   -1
100
AcDbCircle
 10
27.93999999999861
 20
5.080000000000204
 40
0.5
  0
CIRCLE
  5
145
100
AcDbEntity
  8
universal_board
  6
ByLayer
 62
  256
370
   -1
100
AcDbCircle
 10
27.93999999999858
 20
7.620000000000218
 40
0.5
  0
CIRCLE
  5
146
100
AcDbEntity
  8
universal_board
  6
ByLayer
 62
  256
370
   -1
100
AcDbCircle
 10
27.93999999999858
 20
10.16000000000023
 40
0.5
  0
CIRCLE
  5
147
100
AcDbEntity
  8
universal_board
  6
ByLayer
 62
  256
370
   -1
100
AcDbCircle
 10
27.93999999999858
 20
12.70000000000025
 40
0.5
  0
CIRCLE
  5
148
100
AcDbEntity
  8
universal_board
  6
ByLayer
 62
  256
370
   -1
100
AcDbCircle
 10
27.93999999999857
 20
15.24000000000027
 40
0.5
  0
CIRCLE
  5
149
100
AcDbEntity
  8
universal_board
  6
ByLayer
 62
  256
370
   -1
100
AcDbCircle
 10
27.93999999999856
 20
17.78000000000031
 40
0.5
  0
CIRCLE
  5
14A
100
AcDbEntity
  8
universal_board
  6
ByLayer
 62
  256
370
   -1
100
AcDbCircle
 10
27.93999999999856
 20
20.32000000000031
 40
0.5
  0
CIRCLE
  5
14B
100
AcDbEntity
  8
universal_board
  6
ByLayer
 62
  256
370
   -1
100
AcDbCircle
 10
27.93999999999856
 20
22.86000000000033
 40
0.5
  0
CIRCLE
  5
14C
100
AcDbEntity
  8
universal_board
  6
ByLayer
 62
  256
370
   -1
100
AcDbCircle
 10
27.93999999999854
 20
25.40000000000035
 40
0.5
  0
CIRCLE
  5
14D
100
AcDbEntity
  8
universal_board
  6
ByLayer
 62
  256
370
   -1
100
AcDbCircle
 10
27.93999999999853
 20
27.94000000000039
 40
0.5
  0
CIRCLE
  5
14E
100
AcDbEntity
  8
universal_board
  6
ByLayer
 62
  256
370
   -1
100
AcDbCircle
 10
27.93999999999853
 20
30.48000000000042
 40
0.5
  0
CIRCLE
  5
14F
100
AcDbEntity
  8
universal_board
  6
ByLayer
 62
  256
370
   -1
100
AcDbCircle
 10
27.93999999999853
 20
33.02000000000046
 40
0.5
  0
CIRCLE
  5
150
100
AcDbEntity
  8
universal_board
  6
ByLayer
 62
  256
370
   -1
100
AcDbCircle
 10
27.93999999999851
 20
35.56000000000049
 40
0.5
  0
CIRCLE
  5
151
100
AcDbEntity
  8
universal_board
  6
ByLayer
 62
  256
370
   -1
100
AcDbCircle
 10
27.9399999999985
 20
38.10000000000053
 40
0.5
  0
CIRCLE
  5
152
100
AcDbEntity
  8
universal_board
  6
ByLayer
 62
  256
370
   -1
100
AcDbCircle
 10
30.47999999999848
 20
2.540000000000191
 40
0.5
  0
CIRCLE
  5
153
100
AcDbEntity
  8
universal_board
  6
ByLayer
 62
  256
370
   -1
100
AcDbCircle
 10
30.47999999999848
 20
5.080000000000211
 40
0.5
  0
CIRCLE
  5
154
100
AcDbEntity
  8
universal_board
  6
ByLayer
 62
  256
370
   -1
100
AcDbCircle
 10
30.47999999999846
 20
7.620000000000232
 40
0.5
  0
CIRCLE
  5
155
100
AcDbEntity
  8
universal_board
  6
ByLayer
 62
  256
370
   -1
100
AcDbCircle
 10
30.47999999999846
 20
10.16000000000024
 40
0.5
  0
CIRCLE
  5
156
100
AcDbEntity
  8
universal_board
  6
ByLayer
 62
  256
370
   -1
100
AcDbCircle
 10
30.47999999999846
 20
12.70000000000026
 40
0.5
  0
CIRCLE
  5
157
100
AcDbEntity
  8
universal_board
  6
ByLayer
 62
  256
370
   -1
100
AcDbCircle
 10
30.47999999999843
 20
15.24000000000029
 40
0.5
  0
CIRCLE
  5
158
100
AcDbEntity
  8
universal_board
  6
ByLayer
 62
  256
370
   -1
100
AcDbCircle
 10
30.47999999999843
 20
17.78000000000032
 40
0.5
  0
CIRCLE
  5
159
100
AcDbEntity
  8
universal_board
  6
ByLayer
 62
  256
370
   -1
100
AcDbCircle
 10
30.47999999999843
 20
20.32000000000033
 40
0.5
  0
CIRCLE
  5
15A
100
AcDbEntity
  8
universal_board
  6
ByLayer
 62
  256
370
   -1
100
AcDbCircle
 10
30.47999999999843
 20
22.86000000000035
 40
0.5
  0
CIRCLE
  5
15B
100
AcDbEntity
  8
universal_board
  6
ByLayer
 62
  256
370
   -1
100
AcDbCircle
 10
30.47999999999841
 20
25.40000000000037
 40
0.5
  0
CIRCLE
  5
15C
100
AcDbEntity
  8
universal_board
  6
ByLayer
 62
  256
370
   -1
100
AcDbCircle
 10
30.47999999999841
 20
27.9400000000004
 40
0.5
  0
CIRCLE
  5
15D
100
AcDbEntity
  8
universal_board
  6
ByLayer
 62
  256
370
   -1
100
AcDbCircle
 10
30.47999999999839
 20
30.48000000000044
 40
0.5
  0
CIRCLE
  5
15E
100
AcDbEntity
  8
universal_board
  6
ByLayer
 62
  256
370
   -1
100
AcDbCircle
 10
30.47999999999839
 20
33.02000000000047
 40
0.5
  0
CIRCLE
  5
15F
100
AcDbEntity
  8
universal_board
  6
ByLayer
 62
  256
370
   -1
100
AcDbCircle
 10
30.47999999999838
 20
35.56000000000051
 40
0.5
  0
CIRCLE
  5
160
100
AcDbEntity
  8
universal_board
  6
ByLayer
 62
  256
370
   -1
100
AcDbCircle
 10
30.47999999999838
 20
38.10000000000054
 40
0.5
  0
CIRCLE
  5
161
100
AcDbEntity
  8
universal_board
  6
ByLayer
 62
  256
370
   -1
100
AcDbCircle
 10
33.01999999999834
 20
2.540000000000198
 40
0.5
  0
CIRCLE
  5
162
100
AcDbEntity
  8
universal_board
  6
ByLayer
 62
  256
370
   -1
100
AcDbCircle
 10
33.01999999999834
 20
5.080000000000219
 40
0.5
  0
CIRCLE
  5
163
100
AcDbEntity
  8
universal_board
  6
ByLayer
 62
  256
370
   -1
100
AcDbCircle
 10
33.01999999999834
 20
7.620000000000253
 40
0.5
  0
CIRCLE
  5
164
100
AcDbEntity
  8
universal_board
  6
ByLayer
 62
  256
370
   -1
100
AcDbCircle
 10
33.01999999999833
 20
10.16000000000026
 40
0.5
  0
CIRCLE
  5
165
100
AcDbEntity
  8
universal_board
  6
ByLayer
 62
  256
370
   -1
100
AcDbCircle
 10
33.01999999999833
 20
12.70000000000028
 40
0.5
  0
CIRCLE
  5
166
100
AcDbEntity
  8
universal_board
  6
ByLayer
 62
  256
370
   -1
100
AcDbCircle
 10
33.01999999999831
 20
15.2400000000003
 40
0.5
  0
CIRCLE
  5
167
100
AcDbEntity
  8
universal_board
  6
ByLayer
 62
  256
370
   -1
100
AcDbCircle
 10
33.01999999999831
 20
17.78000000000033
 40
0.5
  0
CIRCLE
  5
168
100
AcDbEntity
  8
universal_board
  6
ByLayer
 62
  256
370
   -1
100
AcDbCircle
 10
33.0199999999983
 20
20.32000000000034
 40
0.5
  0
CIRCLE
  5
169
100
AcDbEntity
  8
universal_board
  6
ByLayer
 62
  256
370
   -1
100
AcDbCircle
 10
33.0199999999983
 20
22.86000000000036
 40
0.5
  0
CIRCLE
  5
16A
100
AcDbEntity
  8
universal_board
  6
ByLayer
 62
  256
370
   -1
100
AcDbCircle
 10
33.01999999999828
 20
25.40000000000038
 40
0.5
  0
CIRCLE
  5
16B
100
AcDbEntity
  8
universal_board
  6
ByLayer
 62
  256
370
   -1
100
AcDbCircle
 10
33.01999999999828
 20
27.94000000000042
 40
0.5
  0
CIRCLE
  5
16C
100
AcDbEntity
  8
universal_board
  6
ByLayer
 62
  256
370
   -1
100
AcDbCircle
 10
33.01999999999826
 20
30.48000000000045
 40
0.5
  0
CIRCLE
  5
16D
100
AcDbEntity
  8
universal_board
  6
ByLayer
 62
  256
370
   -1
100
AcDbCircle
 10
33.01999999999826
 20
33.02000000000049
 40
0.5
  0
CIRCLE
  5
16E
100
AcDbEntity
  8
universal_board
  6
ByLayer
 62
  256
370
   -1
100
AcDbCircle
 10
33.01999999999826
 20
35.56000000000052
 40
0.5
  0
CIRCLE
  5
16F
100
AcDbEntity
  8
universal_board
  6
ByLayer
 62
  256
370
   -1
100
AcDbCircle
 10
33.01999999999826
 20
38.10000000000056
 40
0.5
  0
CIRCLE
  5
170
100
AcDbEntity
  8
universal_board
  6
ByLayer
 62
  256
370
   -1
100
AcDbCircle
 10
35.55999999999822
 20
2.540000000000219
 40
0.5
  0
CIRCLE
  5
171
100
AcDbEntity
  8
universal_board
  6
ByLayer
 62
  256
370
   -1
100
AcDbCircle
 10
35.55999999999822
 20
5.08000000000024
 40
0.5
  0
CIRCLE
  5
172
100
AcDbEntity
  8
universal_board
  6
ByLayer
 62
  256
370
   -1
100
AcDbCircle
 10
35.5599999999982
 20
7.62000000000026
 40
0.5
  0
CIRCLE
  5
173
100
AcDbEntity
  8
universal_board
  6
ByLayer
 62
  256
370
   -1
100
AcDbCircle
 10
35.55999999999819
 20
10.16000000000027
 40
0.5
  0
CIRCLE
  5
174
100
AcDbEntity
  8
universal_board
  6
ByLayer
 62
  256
370
   -1
100
AcDbCircle
 10
35.55999999999819
 20
15.24000000000031
 40
0.5
  0
CIRCLE
  5
175
100
AcDbEntity
  8
universal_board
  6
ByLayer
 62
  256
370
   -1
100
AcDbCircle
 10
35.55999999999818
 20
17.78000000000035
 40
0.5
  0
CIRCLE
  5
176
100
AcDbEntity
  8
universal_board
  6
ByLayer
 62
  256
370
   -1
100
AcDbCircle
 10
35.55999999999816
 20
20.32000000000035
 40
0.5
  0
CIRCLE
  5
177
100
AcDbEntity
  8
universal_board
  6
ByLayer
 62
  256
370
   -1
100
AcDbCircle
 10
35.55999999999816
 20
22.86000000000038
 40
0.5
  0
CIRCLE
  5
178
100
AcDbEntity
  8
universal_board
  6
ByLayer
 62
  256
370
   -1
100
AcDbCircle
 10
35.55999999999816
 20
25.4000000000004
 40
0.5
  0
CIRCLE
  5
179
100
AcDbEntity
  8
universal_board
  6
ByLayer
 62
  256
370
   -1
100
AcDbCircle
 10
35.55999999999815
 20
27.94000000000043
 40
0.5
  0
CIRCLE
  5
17A
100
AcDbEntity
  8
universal_board
  6
ByLayer
 62
  256
370
   -1
100
AcDbCircle
 10
35.55999999999813
 20
30.48000000000047
 40
0.5
  0
CIRCLE
  5
17B
100
AcDbEntity
  8
universal_board
  6
ByLayer
 62
  256
370
   -1
100
AcDbCircle
 10
35.55999999999813
 20
33.0200000000005
 40
0.5
  0
CIRCLE
  5
17C
100
AcDbEntity
  8
universal_board
  6
ByLayer
 62
  256
370
   -1
100
AcDbCircle
 10
35.55999999999813
 20
35.56000000000054
 40
0.5
  0
CIRCLE
  5
17D
100
AcDbEntity
  8
universal_board
  6
ByLayer
 62
  256
370
   -1
100
AcDbCircle
 10
35.55999999999812
 20
38.10000000000057
 40
0.5
  0
CIRCLE
  5
17E
100
AcDbEntity
  8
universal_board
  6
ByLayer
 62
  256
370
   -1
100
AcDbCircle
 10
20.31999999999891
 20
33.02000000000042
 40
0.5
  0
CIRCLE
  5
17F
100
AcDbEntity
  8
universal_board
  6
ByLayer
 62
  256
370
   -1
100
AcDbCircle
 10
5.079999999999686
 20
30.4800000000003
 40
0.5
  0
CIRCLE
  5
180
100
AcDbEntity
  8
universal_board
  6
ByLayer
 62
  256
370
   -1
100
AcDbCircle
 10
20.31999999999892
 20
30.48000000000038
 40
0.5
  0
CIRCLE
  5
181
100
AcDbEntity
  8
universal_board
  6
ByLayer
 62
  256
370
   -1
100
AcDbCircle
 10
5.0799999999997
 20
27.94000000000026
 40
0.5
  0
CIRCLE
  5
182
100
AcDbEntity
  8
universal_board
  6
ByLayer
 62
  256
370
   -1
100
AcDbCircle
 10
20.31999999999893
 20
27.94000000000035
 40
0.5
  0
CIRCLE
  5
183
100
AcDbEntity
  8
universal_board
  6
ByLayer
 62
  256
370
   -1
100
AcDbCircle
 10
5.079999999999714
 20
25.40000000000023
 40
0.5
  0
CIRCLE
  5
184
100
AcDbEntity
  8
universal_board
  6
ByLayer
 62
  256
370
   -1
100
AcDbCircle
 10
20.31999999999896
 20
25.40000000000031
 40
0.5
  0
CIRCLE
  5
185
100
AcDbEntity
  8
universal_board
  6
ByLayer
 62
  256
370
   -1
100
AcDbCircle
 10
5.079999999999735
 20
22.86000000000019
 40
0.5
  0
CIRCLE
  5
186
100
AcDbEntity
  8
universal_board
  6
ByLayer
 62
  256
370
   -1
100
AcDbCircle
 10
20.31999999999896
 20
22.86000000000028
 40
0.5
  0
CIRCLE
  5
187
100
AcDbEntity
  8
universal_board
  6
ByLayer
 62
  256
370
   -1
100
AcDbCircle
 10
5.079999999999742
 20
20.32000000000016
 40
0.5
  0
CIRCLE
  5
188
100
AcDbEntity
  8
universal_board
  6
ByLayer
 62
  256
370
   -1
100
AcDbCircle
 10
20.31999999999897
 20
20.32000000000024
 40
0.5
  0
CIRCLE
  5
189
100
AcDbEntity
  8
universal_board
  6
ByLayer
 62
  256
370
   -1
100
AcDbCircle
 10
5.07999999999975
 20
17.78000000000012
 40
0.5
  0
CIRCLE
  5
18A
100
AcDbEntity
  8
universal_board
  6
ByLayer
 62
  256
370
   -1
100
AcDbCircle
 10
20.31999999999899
 20
17.78000000000021
 40
0.5
  0
CIRCLE
  5
18B
100
AcDbEntity
  8
universal_board
  6
ByLayer
 62
  256
370
   -1
100
AcDbCircle
 10
5.079999999999771
 20
15.24000000000009
 40
0.5
  0
CIRCLE
  5
18C
100
AcDbEntity
  8
universal_board
  6
ByLayer
 62
  256
370
   -1
100
AcDbCircle
 10
20.31999999999901
 20
15.24000000000017
 40
0.5
  0
CIRCLE
  5
18D
100
AcDbEntity
  8
universal_board
  6
ByLayer
 62
  256
370
   -1
100
AcDbCircle
 10
5.079999999999785
 20
12.70000000000005
 40
0.5
  0
CIRCLE
  5
18E
100
AcDbEntity
  8
universal_board
  6
ByLayer
 62
  256
370
   -1
100
AcDbCircle
 10
20.31999999999902
 20
12.70000000000014
 40
0.5
  0
CIRCLE
  5
18F
100
AcDbEntity
  8
universal_board
  6
ByLayer
 62
  256
370
   -1
100
AcDbCircle
 10
5.079999999999806
 20
10.16000000000002
 40
0.5
  0
CIRCLE
  5
190
100
AcDbEntity
  8
universal_board
  6
ByLayer
 62
  256
370
   -1
100
AcDbCircle
 10
20.31999999999903
 20
10.1600000000001
 40
0.5
  0
CIRCLE
  5
191
100
AcDbEntity
  8
universal_board
  6
ByLayer
 62
  256
370
   -1
100
AcDbCircle
 10
5.079999999999814
 20
7.619999999999983
 40
0.5
  0
CIRCLE
  5
192
100
AcDbEntity
  8
universal_board
  6
ByLayer
 62
  256
370
   -1
100
AcDbCircle
 10
20.31999999999906
 20
7.620000000000068
 40
0.5
  0
CIRCLE
  5
193
100
AcDbEntity
  8
universal_board
  6
ByLayer
 62
  256
370
   -1
100
AcDbCircle
 10
5.079999999999821
 20
5.079999999999949
 40
0.5
  0
CIRCLE
  5
194
100
AcDbEntity
  8
universal_board
  6
ByLayer
 62
  256
370
   -1
100
AcDbCircle
 10
20.31999999999906
 20
5.080000000000034
 40
0.5
  0
CIRCLE
  5
195
100
AcDbEntity
  8
universal_board
  6
ByLayer
 62
  256
370
   -1
100
AcDbCircle
 10
5.079999999999842
 20
2.539999999999914
 40
0.5
  0
CIRCLE
  5
196
100
AcDbEntity
  8
universal_board
  6
ByLayer
 62
  256
370
   -1
100
AcDbCircle
 10
20.31999999999908
 20
2.539999999999999
 40
0.5
  0
CIRCLE
  5
197
100
AcDbEntity
  8
micon
  6
ByLayer
 62
  256
370
   -1
100
AcDbCircle
 10
35.55999999999811
 20
35.56000000000054
 40
0.6
  0
CIRCLE
  5
198
100
AcDbEntity
  8
micon
  6
ByLayer
 62
  256
370
   -1
100
AcDbCircle
 10
35.55999999999813
 20
33.0200000000005
 40
0.6
  0
CIRCLE
  5
199
100
AcDbEntity
  8
micon
  6
ByLayer
 62
  256
370
   -1
100
AcDbCircle
 10
35.55999999999813
 20
30.48000000000047
 40
0.6
  0
CIRCLE
  5
19A
100
AcDbEntity
  8
micon
  6
ByLayer
 62
  256
370
   -1
100
AcDbCircle
 10
35.55999999999816
 20
27.94000000000043
 40
0.6
  0
CIRCLE
  5
19B
100
AcDbEntity
  8
micon
  6
ByLayer
 62
  256
370
   -1
100
AcDbCircle
 10
35.55999999999816
 20
25.4000000000004
 40
0.6
  0
CIRCLE
  5
19C
100
AcDbEntity
  8
micon
  6
ByLayer
 62
  256
370
   -1
100
AcDbCircle
 10
35.55999999999819
 20
22.86000000000036
 40
0.6
  0
CIRCLE
  5
19D
100
AcDbEntity
  8
micon
  6
ByLayer
 62
  256
370
   -1
100
AcDbCircle
 10
35.55999999999819
 20
20.32000000000033
 40
0.6
  0
CIRCLE
  5
19E
100
AcDbEntity
  8
micon
  6
ByLayer
 62
  256
370
   -1
100
AcDbCircle
 10
35.55999999999822
 20
17.78000000000029
 40
0.6
  0
CIRCLE
  5
19F
100
AcDbEntity
  8
micon
  6
ByLayer
 62
  256
370
   -1
100
AcDbCircle
 10
35.55999999999822
 20
15.24000000000026
 40
0.6
  0
CIRCLE
  5
1A0
100
AcDbEntity
  8
micon
  6
ByLayer
 62
  256
370
   -1
100
AcDbCircle
 10
35.55999999999825
 20
12.70000000000022
 40
0.6
  0
CIRCLE
  5
1A1
100
AcDbEntity
  8
micon
  6
ByLayer
 62
  256
370
   -1
100
AcDbCircle
 10
35.55999999999825
 20
10.16000000000019
 40
0.6
  0
CIRCLE
  5
1A2
100
AcDbEntity
  8
micon
  6
ByLayer
 62
  256
370
   -1
100
AcDbCircle
 10
35.55999999999828
 20
7.620000000000154
 40
0.6
  0
CIRCLE
  5
1A3
100
AcDbEntity
  8
micon
  6
ByLayer
 62
  256
370
   -1
100
AcDbCircle
 10
35.55999999999828
 20
5.080000000000119
 40
0.6
  0
CIRCLE
  5
1A4
100
AcDbEntity
  8
micon
  6
ByLayer
 62
  256
370
   -1
100
AcDbCircle
 10
35.5599999999983
 20
2.540000000000077
 40
0.6
  0
LINE
  5
1A5
100
AcDbEntity
  8
socket_header
  6
ByLayer
 62
  256
370
   -1
100
AcDbLine
 10
36.82999999999823
 20
36.83000000000255
 11
36.82999999999823
 21
34.28999999999856
  0
LINE
  5
1A6
100
AcDbEntity
  8
socket_header
  6
ByLayer
 62
  256
370
   -1
100
AcDbLine
 10
36.82999999999823
 20
34.28999999999856
 11
34.289999999998
 21
34.28999999999856
  0
LINE
  5
1A7
100
AcDbEntity
  8
socket_header
  6
ByLayer
 62
  256
370
   -1
100
AcDbLine
 10
34.28999999999801
 20
34.29000000000251
 11
36.82999999999823
 21
34.29000000000251
  0
LINE
  5
1A8
100
AcDbEntity
  8
socket_header
  6
ByLayer
 62
  256
370
   -1
100
AcDbLine
 10
36.82999999999823
 20
34.29000000000251
 11
36.82999999999823
 21
31.74999999999853
  0
LINE
  5
1A9
100
AcDbEntity
  8
socket_header
  6
ByLayer
 62
  256
370
   -1
100
AcDbLine
 10
36.82999999999823
 20
31.74999999999853
 11
34.28999999999801
 21
31.74999999999853
  0
LINE
  5
1AA
100
AcDbEntity
  8
socket_header
  6
ByLayer
 62
  256
370
   -1
100
AcDbLine
 10
34.28999999999802
 20
31.75000000000248
 11
36.82999999999826
 21
31.75000000000248
  0
LINE
  5
1AB
100
AcDbEntity
  8
socket_header
  6
ByLayer
 62
  256
370
   -1
100
AcDbLine
 10
36.82999999999826
 20
31.75000000000248
 11
36.82999999999826
 21
29.20999999999849
  0
LINE
  5
1AC
100
AcDbEntity
  8
socket_header
  6
ByLayer
 62
  256
370
   -1
100
AcDbLine
 10
36.82999999999826
 20
29.20999999999849
 11
34.28999999999802
 21
29.20999999999849
  0
LINE
  5
1AD
100
AcDbEntity
  8
socket_header
  6
ByLayer
 62
  256
370
   -1
100
AcDbLine
 10
34.28999999999802
 20
29.20999999999849
 11
34.28999999999802
 21
31.75000000000248
  0
LINE
  5
1AE
100
AcDbEntity
  8
socket_header
  6
ByLayer
 62
  256
370
   -1
100
AcDbLine
 10
34.28999999999804
 20
29.21000000000245
 11
36.82999999999826
 21
29.21000000000245
  0
LINE
  5
1AF
100
AcDbEntity
  8
socket_header
  6
ByLayer
 62
  256
370
   -1
100
AcDbLine
 10
36.82999999999826
 20
29.21000000000245
 11
36.82999999999826
 21
26.66999999999846
  0
LINE
  5
1B0
100
AcDbEntity
  8
socket_header
  6
ByLayer
 62
  256
370
   -1
100
AcDbLine
 10
36.82999999999826
 20
26.66999999999846
 11
34.28999999999804
 21
26.66999999999846
  0
LINE
  5
1B1
100
AcDbEntity
  8
socket_header
  6
ByLayer
 62
  256
370
   -1
100
AcDbLine
 10
34.28999999999804
 20
26.66999999999846
 11
34.28999999999804
 21
29.21000000000245
  0
LINE
  5
1B2
100
AcDbEntity
  8
socket_header
  6
ByLayer
 62
  256
370
   -1
100
AcDbLine
 10
34.28999999999805
 20
26.67000000000241
 11
36.82999999999829
 21
26.67000000000241
  0
LINE
  5
1B3
100
AcDbEntity
  8
socket_header
  6
ByLayer
 62
  256
370
   -1
100
AcDbLine
 10
36.82999999999829
 20
26.67000000000241
 11
36.82999999999829
 21
24.12999999999842
  0
LINE
  5
1B4
100
AcDbEntity
  8
socket_header
  6
ByLayer
 62
  256
370
   -1
100
AcDbLine
 10
36.82999999999829
 20
24.12999999999842
 11
34.28999999999805
 21
24.12999999999842
  0
LINE
  5
1B5
100
AcDbEntity
  8
socket_header
  6
ByLayer
 62
  256
370
   -1
100
AcDbLine
 10
34.28999999999805
 20
24.12999999999842
 11
34.28999999999805
 21
26.67000000000241
  0
LINE
  5
1B6
100
AcDbEntity
  8
socket_header
  6
ByLayer
 62
  256
370
   -1
100
AcDbLine
 10
34.28999999999807
 20
24.13000000000237
 11
36.82999999999829
 21
24.13000000000237
  0
LINE
  5
1B7
100
AcDbEntity
  8
socket_header
  6
ByLayer
 62
  256
370
   -1
100
AcDbLine
 10
36.82999999999829
 20
24.13000000000237
 11
36.82999999999829
 21
21.58999999999839
  0
LINE
  5
1B8
100
AcDbEntity
  8
socket_header
  6
ByLayer
 62
  256
370
   -1
100
AcDbLine
 10
36.82999999999829
 20
21.58999999999839
 11
34.28999999999807
 21
21.58999999999839
  0
LINE
  5
1B9
100
AcDbEntity
  8
socket_header
  6
ByLayer
 62
  256
370
   -1
100
AcDbLine
 10
34.28999999999807
 20
21.58999999999839
 11
34.28999999999807
 21
24.13000000000237
  0
LINE
  5
1BA
100
AcDbEntity
  8
socket_header
  6
ByLayer
 62
  256
370
   -1
100
AcDbLine
 10
36.82999999999831
 20
19.04999999999835
 11
34.28999999999808
 21
19.04999999999835
  0
LINE
  5
1BB
100
AcDbEntity
  8
socket_header
  6
ByLayer
 62
  256
370
   -1
100
AcDbLine
 10
36.82999999999831
 20
19.05000000000231
 11
36.82999999999831
 21
16.50999999999832
  0
LINE
  5
1BC
100
AcDbEntity
  8
socket_header
  6
ByLayer
 62
  256
370
   -1
100
AcDbLine
 10
34.28999999999809
 20
16.50999999999832
 11
34.28999999999809
 21
19.05000000000231
  0
LINE
  5
1BD
100
AcDbEntity
  8
socket_header
  6
ByLayer
 62
  256
370
   -1
100
AcDbLine
 10
34.28999999999811
 20
16.51000000000227
 11
36.82999999999834
 21
16.51000000000227
  0
LINE
  5
1BE
100
AcDbEntity
  8
socket_header
  6
ByLayer
 62
  256
370
   -1
100
AcDbLine
 10
36.82999999999834
 20
11.42999999999825
 11
34.28999999999812
 21
11.42999999999825
  0
LINE
  5
1BF
100
AcDbEntity
  8
socket_header
  6
ByLayer
 62
  256
370
   -1
100
AcDbLine
 10
36.82999999999837
 20
11.4300000000022
 11
36.82999999999837
 21
8.889999999998224
  0
LINE
  5
1C0
100
AcDbEntity
  8
socket_header
  6
ByLayer
 62
  256
370
   -1
100
AcDbLine
 10
36.82999999999837
 20
8.889999999998224
 11
34.28999999999814
 21
8.889999999998224
  0
LINE
  5
1C1
100
AcDbEntity
  8
socket_header
  6
ByLayer
 62
  256
370
   -1
100
AcDbLine
 10
34.28999999999814
 20
8.889999999998224
 11
34.28999999999814
 21
11.4300000000022
  0
LINE
  5
1C2
100
AcDbEntity
  8
socket_header
  6
ByLayer
 62
  256
370
   -1
100
AcDbLine
 10
34.28999999999815
 20
8.890000000002168
 11
36.82999999999837
 21
8.890000000002168
  0
LINE
  5
1C3
100
AcDbEntity
  8
socket_header
  6
ByLayer
 62
  256
370
   -1
100
AcDbLine
 10
36.82999999999837
 20
8.890000000002168
 11
36.82999999999837
 21
6.349999999998182
  0
LINE
  5
1C4
100
AcDbEntity
  8
socket_header
  6
ByLayer
 62
  256
370
   -1
100
AcDbLine
 10
36.82999999999837
 20
6.349999999998182
 11
34.28999999999815
 21
6.349999999998182
  0
LINE
  5
1C5
100
AcDbEntity
  8
socket_header
  6
ByLayer
 62
  256
370
   -1
100
AcDbLine
 10
34.28999999999815
 20
6.349999999998182
 11
34.28999999999815
 21
8.890000000002168
  0
LINE
  5
1C6
100
AcDbEntity
  8
socket_header
  6
ByLayer
 62
  256
370
   -1
100
AcDbLine
 10
34.28999999999817
 20
6.350000000002133
 11
36.8299999999984
 21
6.350000000002133
  0
LINE
  5
1C7
100
AcDbEntity
  8
socket_header
  6
ByLayer
 62
  256
370
   -1
100
AcDbLine
 10
36.8299999999984
 20
6.350000000002133
 11
36.8299999999984
 21
3.809999999998148
  0
LINE
  5
1C8
100
AcDbEntity
  8
socket_header
  6
ByLayer
 62
  256
370
   -1
100
AcDbLine
 10
36.8299999999984
 20
3.809999999998148
 11
34.28999999999817
 21
3.809999999998148
  0
LINE
  5
1C9
100
AcDbEntity
  8
socket_header
  6
ByLayer
 62
  256
370
   -1
100
AcDbLine
 10
34.28999999999817
 20
3.809999999998148
 11
34.28999999999817
 21
6.350000000002133
  0
LINE
  5
1CA
100
AcDbEntity
  8
socket_header
  6
ByLayer
 62
  256
370
   -1
100
AcDbLine
 10
34.28999999999818
 20
3.810000000002098
 11
36.8299999999984
 21
3.810000000002098
  0
LINE
  5
1CB
100
AcDbEntity
  8
socket_header
  6
ByLayer
 62
  256
370
   -1
100
AcDbLine
 10
36.8299999999984
 20
3.810000000002098
 11
36.8299999999984
 21
1.269999999998113
  0
LINE
  5
1CC
100
AcDbEntity
  8
socket_header
  6
ByLayer
 62
  256
370
   -1
100
AcDbLine
 10
36.8299999999984
 20
1.269999999998113
 11
34.28999999999818
 21
1.269999999998113
  0
LINE
  5
1CD
100
AcDbEntity
  8
socket_header
  6
ByLayer
 62
  256
370
   -1
100
AcDbLine
 10
34.28999999999818
 20
1.269999999998113
 11
34.28999999999818
 21
3.810000000002098
  0
MTEXT
  5
1CE
100
AcDbEntity
  8
micon
  6
ByLayer
 62
  256
370
   -1
100
AcDbMText
 10
22.94377268456692
 20
37.7092995809657
 30
0
 40
1
 41
1.111111111111111
 71
    4
 72
    1
  1
U1
  7
iso
210
0
220
0
230
1
 50
0
 73
    2
 44
1.54
  0
LINE
  5
1CF
100
AcDbEntity
  8
3.3V line
  6
ByLayer
 62
  256
370
   -1
100
AcDbLine
 10
35.55999999999828
 20
5.080000000000119
 11
35.55999999999828
 21
7.620000000000154
  0
LINE
  5
1D0
100
AcDbEntity
  8
0_GND
  6
ByLayer
 62
  256
370
   -1
100
AcDbLine
 10
35.5599999999983
 20
2.540000000000077
 11
33.01999999999834
 21
2.540000000000219
  0
LINE
  5
1D1
100
AcDbEntity
  8
0_GND
  6
ByLayer
 62
  256
370
   -1
100
AcDbLine
 10
33.01999999999834
 20
2.540000000000198
 11
25.39999999999873
 21
2.540000000000163
  0
LINE
  5
1D2
100
AcDbEntity
  8
3.3V line
  6
ByLayer
 62
  256
370
   -1
100
AcDbLine
 10
35.55999999999816
 20
25.4000000000004
 11
33.01999999999828
 21
25.40000000000038
  0
MTEXT
  5
1D3
100
AcDbEntity
  8
micon
  6
ByLayer
 62
  256
370
   -1
100
AcDbMText
 10
34.32503908024403
 20
19.06050332691182
 30
0
 40
1
 41
6.77777777777784
 71
    4
 72
    1
  1
28-DP1\P27-DM1\P26-DP0\P25-DM0\P24-V33\P23-V5\P22-x\P21-OVCUR1\P20-x\P19-x\P18-PGANG\P17-PSELF\P16-DVDD\P15-GND
  7
iso
210
0
220
0
230
1
 50
0
 73
    2
 44
1.54
  0
LINE
  5
1D4
100
AcDbEntity
  8
0_GND
  6
ByLayer
 62
  256
370
   -1
100
AcDbLine
 10
22.85999999999886
 20
2.540000000000148
 11
25.39999999999873
 21
2.540000000000163
  0
LINE
  5
1D5
100
AcDbEntity
  8
socket_header
  6
ByLayer
 62
  256
370
   -1
100
AcDbLine
 10
19.04999999999876
 20
36.83000000000246
 11
21.58999999999899
 21
36.83000000000246
  0
LINE
  5
1D6
100
AcDbEntity
  8
socket_header
  6
ByLayer
 62
  256
370
   -1
100
AcDbLine
 10
21.58999999999899
 20
36.83000000000246
 11
21.58999999999899
 21
34.28999999999848
  0
LINE
  5
1D7
100
AcDbEntity
  8
socket_header
  6
ByLayer
 62
  256
370
   -1
100
AcDbLine
 10
21.58999999999899
 20
34.28999999999848
 11
19.04999999999876
 21
34.28999999999848
  0
LINE
  5
1D8
100
AcDbEntity
  8
socket_header
  6
ByLayer
 62
  256
370
   -1
100
AcDbLine
 10
19.04999999999876
 20
34.28999999999848
 11
19.04999999999876
 21
36.83000000000246
  0
LINE
  5
1D9
100
AcDbEntity
  8
socket_header
  6
ByLayer
 62
  256
370
   -1
100
AcDbLine
 10
19.04999999999878
 20
34.29000000000243
 11
21.58999999999899
 21
34.29000000000243
  0
LINE
  5
1DA
100
AcDbEntity
  8
socket_header
  6
ByLayer
 62
  256
370
   -1
100
AcDbLine
 10
21.58999999999899
 20
34.29000000000243
 11
21.58999999999899
 21
31.74999999999844
  0
LINE
  5
1DB
100
AcDbEntity
  8
socket_header
  6
ByLayer
 62
  256
370
   -1
100
AcDbLine
 10
21.58999999999899
 20
31.74999999999844
 11
19.04999999999878
 21
31.74999999999844
  0
LINE
  5
1DC
100
AcDbEntity
  8
socket_header
  6
ByLayer
 62
  256
370
   -1
100
AcDbLine
 10
19.04999999999878
 20
31.74999999999844
 11
19.04999999999878
 21
34.29000000000243
  0
LINE
  5
1DD
100
AcDbEntity
  8
socket_header
  6
ByLayer
 62
  256
370
   -1
100
AcDbLine
 10
19.0499999999988
 20
31.75000000000239
 11
21.58999999999902
 21
31.75000000000239
  0
LINE
  5
1DE
100
AcDbEntity
  8
socket_header
  6
ByLayer
 62
  256
370
   -1
100
AcDbLine
 10
21.58999999999902
 20
31.75000000000239
 11
21.58999999999902
 21
29.20999999999841
  0
LINE
  5
1DF
100
AcDbEntity
  8
socket_header
  6
ByLayer
 62
  256
370
   -1
100
AcDbLine
 10
21.58999999999902
 20
29.20999999999841
 11
19.0499999999988
 21
29.20999999999841
  0
LINE
  5
1E0
100
AcDbEntity
  8
socket_header
  6
ByLayer
 62
  256
370
   -1
100
AcDbLine
 10
19.0499999999988
 20
29.20999999999841
 11
19.0499999999988
 21
31.75000000000239
  0
LINE
  5
1E1
100
AcDbEntity
  8
socket_header
  6
ByLayer
 62
  256
370
   -1
100
AcDbLine
 10
19.0499999999988
 20
29.21000000000236
 11
21.58999999999902
 21
29.21000000000236
  0
LINE
  5
1E2
100
AcDbEntity
  8
socket_header
  6
ByLayer
 62
  256
370
   -1
100
AcDbLine
 10
21.58999999999902
 20
29.21000000000236
 11
21.58999999999902
 21
26.66999999999837
  0
LINE
  5
1E3
100
AcDbEntity
  8
socket_header
  6
ByLayer
 62
  256
370
   -1
100
AcDbLine
 10
21.58999999999902
 20
26.66999999999837
 11
19.0499999999988
 21
26.66999999999837
  0
LINE
  5
1E4
100
AcDbEntity
  8
socket_header
  6
ByLayer
 62
  256
370
   -1
100
AcDbLine
 10
19.0499999999988
 20
26.66999999999837
 11
19.0499999999988
 21
29.21000000000236
  0
LINE
  5
1E5
100
AcDbEntity
  8
socket_header
  6
ByLayer
 62
  256
370
   -1
100
AcDbLine
 10
19.04999999999881
 20
26.67000000000233
 11
21.58999999999904
 21
26.67000000000233
  0
LINE
  5
1E6
100
AcDbEntity
  8
socket_header
  6
ByLayer
 62
  256
370
   -1
100
AcDbLine
 10
21.58999999999904
 20
26.67000000000233
 11
21.58999999999904
 21
24.12999999999835
  0
LINE
  5
1E7
100
AcDbEntity
  8
socket_header
  6
ByLayer
 62
  256
370
   -1
100
AcDbLine
 10
21.58999999999904
 20
24.12999999999835
 11
19.04999999999881
 21
24.12999999999835
  0
LINE
  5
1E8
100
AcDbEntity
  8
socket_header
  6
ByLayer
 62
  256
370
   -1
100
AcDbLine
 10
19.04999999999881
 20
24.12999999999835
 11
19.04999999999881
 21
26.67000000000233
  0
LINE
  5
1E9
100
AcDbEntity
  8
socket_header
  6
ByLayer
 62
  256
370
   -1
100
AcDbLine
 10
19.04999999999883
 20
24.13000000000229
 11
21.58999999999904
 21
24.13000000000229
  0
LINE
  5
1EA
100
AcDbEntity
  8
socket_header
  6
ByLayer
 62
  256
370
   -1
100
AcDbLine
 10
21.58999999999904
 20
24.13000000000229
 11
21.58999999999904
 21
21.58999999999829
  0
LINE
  5
1EB
100
AcDbEntity
  8
socket_header
  6
ByLayer
 62
  256
370
   -1
100
AcDbLine
 10
21.58999999999904
 20
21.58999999999829
 11
19.04999999999883
 21
21.58999999999829
  0
LINE
  5
1EC
100
AcDbEntity
  8
socket_header
  6
ByLayer
 62
  256
370
   -1
100
AcDbLine
 10
19.04999999999883
 20
21.58999999999829
 11
19.04999999999883
 21
24.13000000000229
  0
LINE
  5
1ED
100
AcDbEntity
  8
socket_header
  6
ByLayer
 62
  256
370
   -1
100
AcDbLine
 10
19.04999999999885
 20
21.59000000000225
 11
21.58999999999907
 21
21.59000000000225
  0
LINE
  5
1EE
100
AcDbEntity
  8
socket_header
  6
ByLayer
 62
  256
370
   -1
100
AcDbLine
 10
21.58999999999907
 20
21.59000000000225
 11
21.58999999999907
 21
19.04999999999827
  0
LINE
  5
1EF
100
AcDbEntity
  8
socket_header
  6
ByLayer
 62
  256
370
   -1
100
AcDbLine
 10
21.58999999999907
 20
19.04999999999827
 11
19.04999999999885
 21
19.04999999999827
  0
LINE
  5
1F0
100
AcDbEntity
  8
socket_header
  6
ByLayer
 62
  256
370
   -1
100
AcDbLine
 10
19.04999999999885
 20
19.04999999999827
 11
19.04999999999885
 21
21.59000000000225
  0
LINE
  5
1F1
100
AcDbEntity
  8
socket_header
  6
ByLayer
 62
  256
370
   -1
100
AcDbLine
 10
19.04999999999886
 20
19.05000000000222
 11
21.58999999999907
 21
19.05000000000222
  0
LINE
  5
1F2
100
AcDbEntity
  8
socket_header
  6
ByLayer
 62
  256
370
   -1
100
AcDbLine
 10
21.58999999999907
 20
19.05000000000222
 11
21.58999999999907
 21
16.50999999999824
  0
LINE
  5
1F3
100
AcDbEntity
  8
socket_header
  6
ByLayer
 62
  256
370
   -1
100
AcDbLine
 10
21.58999999999907
 20
16.50999999999824
 11
19.04999999999886
 21
16.50999999999824
  0
LINE
  5
1F4
100
AcDbEntity
  8
socket_header
  6
ByLayer
 62
  256
370
   -1
100
AcDbLine
 10
19.04999999999886
 20
16.50999999999824
 11
19.04999999999886
 21
19.05000000000222
  0
LINE
  5
1F5
100
AcDbEntity
  8
socket_header
  6
ByLayer
 62
  256
370
   -1
100
AcDbLine
 10
19.04999999999887
 20
16.51000000000219
 11
21.5899999999991
 21
16.51000000000219
  0
LINE
  5
1F6
100
AcDbEntity
  8
socket_header
  6
ByLayer
 62
  256
370
   -1
100
AcDbLine
 10
21.5899999999991
 20
16.51000000000219
 11
21.5899999999991
 21
13.9699999999982
  0
LINE
  5
1F7
100
AcDbEntity
  8
socket_header
  6
ByLayer
 62
  256
370
   -1
100
AcDbLine
 10
21.5899999999991
 20
13.9699999999982
 11
19.04999999999887
 21
13.9699999999982
  0
LINE
  5
1F8
100
AcDbEntity
  8
socket_header
  6
ByLayer
 62
  256
370
   -1
100
AcDbLine
 10
19.04999999999887
 20
13.9699999999982
 11
19.04999999999887
 21
16.51000000000219
  0
LINE
  5
1F9
100
AcDbEntity
  8
socket_header
  6
ByLayer
 62
  256
370
   -1
100
AcDbLine
 10
19.0499999999989
 20
13.97000000000215
 11
21.5899999999991
 21
13.97000000000215
  0
LINE
  5
1FA
100
AcDbEntity
  8
socket_header
  6
ByLayer
 62
  256
370
   -1
100
AcDbLine
 10
21.5899999999991
 20
13.97000000000215
 11
21.5899999999991
 21
11.42999999999817
  0
LINE
  5
1FB
100
AcDbEntity
  8
socket_header
  6
ByLayer
 62
  256
370
   -1
100
AcDbLine
 10
21.5899999999991
 20
11.42999999999817
 11
19.0499999999989
 21
11.42999999999817
  0
LINE
  5
1FC
100
AcDbEntity
  8
socket_header
  6
ByLayer
 62
  256
370
   -1
100
AcDbLine
 10
19.0499999999989
 20
11.42999999999817
 11
19.0499999999989
 21
13.97000000000215
  0
LINE
  5
1FD
100
AcDbEntity
  8
socket_header
  6
ByLayer
 62
  256
370
   -1
100
AcDbLine
 10
19.0499999999989
 20
11.43000000000212
 11
21.58999999999913
 21
11.43000000000212
  0
LINE
  5
1FE
100
AcDbEntity
  8
socket_header
  6
ByLayer
 62
  256
370
   -1
100
AcDbLine
 10
21.58999999999913
 20
11.43000000000212
 11
21.58999999999913
 21
8.889999999998132
  0
LINE
  5
1FF
100
AcDbEntity
  8
socket_header
  6
ByLayer
 62
  256
370
   -1
100
AcDbLine
 10
21.58999999999913
 20
8.889999999998132
 11
19.0499999999989
 21
8.889999999998132
  0
LINE
  5
200
100
AcDbEntity
  8
socket_header
  6
ByLayer
 62
  256
370
   -1
100
AcDbLine
 10
19.0499999999989
 20
8.889999999998132
 11
19.0499999999989
 21
11.43000000000212
  0
LINE
  5
201
100
AcDbEntity
  8
socket_header
  6
ByLayer
 62
  256
370
   -1
100
AcDbLine
 10
19.04999999999891
 20
8.890000000002082
 11
21.58999999999913
 21
8.890000000002082
  0
LINE
  5
202
100
AcDbEntity
  8
socket_header
  6
ByLayer
 62
  256
370
   -1
100
AcDbLine
 10
21.58999999999913
 20
8.890000000002082
 11
21.58999999999913
 21
6.349999999998104
  0
LINE
  5
203
100
AcDbEntity
  8
socket_header
  6
ByLayer
 62
  256
370
   -1
100
AcDbLine
 10
21.58999999999913
 20
6.349999999998104
 11
19.04999999999891
 21
6.349999999998104
  0
LINE
  5
204
100
AcDbEntity
  8
socket_header
  6
ByLayer
 62
  256
370
   -1
100
AcDbLine
 10
19.04999999999891
 20
6.349999999998104
 11
19.04999999999891
 21
8.890000000002082
  0
LINE
  5
205
100
AcDbEntity
  8
socket_header
  6
ByLayer
 62
  256
370
   -1
100
AcDbLine
 10
19.04999999999893
 20
6.350000000002041
 11
21.58999999999916
 21
6.350000000002041
  0
LINE
  5
206
100
AcDbEntity
  8
socket_header
  6
ByLayer
 62
  256
370
   -1
100
AcDbLine
 10
21.58999999999916
 20
6.350000000002041
 11
21.58999999999916
 21
3.809999999998062
  0
LINE
  5
207
100
AcDbEntity
  8
socket_header
  6
ByLayer
 62
  256
370
   -1
100
AcDbLine
 10
19.04999999999893
 20
3.809999999998062
 11
19.04999999999893
 21
6.350000000002041
  0
LINE
  5
208
100
AcDbEntity
  8
socket_header
  6
ByLayer
 62
  256
370
   -1
100
AcDbLine
 10
19.04999999999895
 20
3.810000000002013
 11
21.58999999999916
 21
3.810000000002013
  0
CIRCLE
  5
209
100
AcDbEntity
  8
micon
  6
ByLayer
 62
  256
370
   -1
100
AcDbCircle
 10
20.31999999999887
 20
35.56000000000045
 40
0.6
  0
CIRCLE
  5
20A
100
AcDbEntity
  8
micon
  6
ByLayer
 62
  256
370
   -1
100
AcDbCircle
 10
20.31999999999889
 20
33.02000000000042
 40
0.6
  0
CIRCLE
  5
20B
100
AcDbEntity
  8
micon
  6
ByLayer
 62
  256
370
   -1
100
AcDbCircle
 10
20.31999999999891
 20
30.48000000000038
 40
0.6
  0
CIRCLE
  5
20C
100
AcDbEntity
  8
micon
  6
ByLayer
 62
  256
370
   -1
100
AcDbCircle
 10
20.31999999999892
 20
27.94000000000035
 40
0.6
  0
CIRCLE
  5
20D
100
AcDbEntity
  8
micon
  6
ByLayer
 62
  256
370
   -1
100
AcDbCircle
 10
20.31999999999893
 20
25.40000000000031
 40
0.6
  0
CIRCLE
  5
20E
100
AcDbEntity
  8
micon
  6
ByLayer
 62
  256
370
   -1
100
AcDbCircle
 10
20.31999999999896
 20
22.86000000000028
 40
0.6
  0
CIRCLE
  5
20F
100
AcDbEntity
  8
micon
  6
ByLayer
 62
  256
370
   -1
100
AcDbCircle
 10
20.31999999999896
 20
20.32000000000024
 40
0.6
  0
CIRCLE
  5
210
100
AcDbEntity
  8
micon
  6
ByLayer
 62
  256
370
   -1
100
AcDbCircle
 10
20.31999999999897
 20
17.78000000000021
 40
0.6
  0
CIRCLE
  5
211
100
AcDbEntity
  8
micon
  6
ByLayer
 62
  256
370
   -1
100
AcDbCircle
 10
20.31999999999899
 20
15.24000000000017
 40
0.6
  0
CIRCLE
  5
212
100
AcDbEntity
  8
micon
  6
ByLayer
 62
  256
370
   -1
100
AcDbCircle
 10
20.31999999999901
 20
12.70000000000013
 40
0.6
  0
CIRCLE
  5
213
100
AcDbEntity
  8
micon
  6
ByLayer
 62
  256
370
   -1
100
AcDbCircle
 10
20.31999999999902
 20
10.1600000000001
 40
0.6
  0
CIRCLE
  5
214
100
AcDbEntity
  8
micon
  6
ByLayer
 62
  256
370
   -1
100
AcDbCircle
 10
20.31999999999903
 20
7.620000000000068
 40
0.6
  0
CIRCLE
  5
215
100
AcDbEntity
  8
micon
  6
ByLayer
 62
  256
370
   -1
100
AcDbCircle
 10
20.31999999999906
 20
5.080000000000034
 40
0.6
  0
CIRCLE
  5
216
100
AcDbEntity
  8
micon
  6
ByLayer
 62
  256
370
   -1
100
AcDbCircle
 10
20.31999999999906
 20
2.540000000000013
 40
0.6
  0
LINE
  5
217
100
AcDbEntity
  8
micon
  6
ByLayer
 62
  256
370
   -1
100
AcDbLine
 10
18.81311663271488
 20
0.6500000000022084
 11
18.81311663271488
 21
37.45000000000214
  0
LINE
  5
218
100
AcDbEntity
  8
micon
  6
ByLayer
 62
  256
370
   -1
100
AcDbLine
 10
18.81311663271489
 20
37.45000000000214
 11
37.0668833672821
 21
37.45000000000214
  0
LINE
  5
219
100
AcDbEntity
  8
micon
  6
ByLayer
 62
  256
370
   -1
100
AcDbLine
 10
37.0668833672821
 20
0.6500000000022084
 11
18.81311663271489
 21
0.6500000000022084
  0
LINE
  5
21A
100
AcDbEntity
  8
3.3V line
  6
ByLayer
 62
  256
370
   -1
100
AcDbLine
 10
20.31999999999891
 20
35.56000000000045
 11
22.85999999999877
 21
35.56000000000046
  0
MTEXT
  5
21B
100
AcDbEntity
  8
micon
  6
ByLayer
 62
  256
370
   -1
100
AcDbMText
 10
19.16651369756206
 20
19.98256571833952
 30
0
 40
1
 41
5.55555555555568
 71
    4
 72
    1
  1
1-AVDD\P2-DM2\P3-DP2\P4-RREF\P5-AVDD\P6-X1\P7-X2\P8-DM3\P9-DP3\P10-AVDD\P11-DM4\P12-DP4\P13-RST\P14-x
  7
iso
210
0
220
0
230
1
 50
0
 73
    2
 44
1.54
  0
LINE
  5
21C
100
AcDbEntity
  8
3.3V line
  6
ByLayer
 62
  256
370
   -1
100
AcDbLine
 10
22.85999999999884
 20
12.70000000000022
 11
22.85999999999886
 21
5.080000000000169
  0
LINE
  5
21D
100
AcDbEntity
  8
3.3V line
  6
ByLayer
 62
  256
370
   -1
100
AcDbLine
 10
20.31999999999899
 20
5.080000000000148
 11
22.85999999999886
 21
5.080000000000162
  0
LINE
  5
21E
100
AcDbEntity
  8
0_wire
  6
ByLayer
 62
  256
370
   -1
100
AcDbLine
 10
20.31999999999894
 20
22.86000000000028
 11
25.39999999999866
 21
22.8600000000003
  0
LINE
  5
21F
100
AcDbEntity
  8
socket_header
  6
ByLayer
 62
  256
370
   -1
100
AcDbLine
 10
34.28999999999801
 20
34.28999999999856
 11
34.28999999999801
 21
36.83000000000255
  0
LINE
  5
220
100
AcDbEntity
  8
socket_header
  6
ByLayer
 62
  256
370
   -1
100
AcDbLine
 10
34.28999999999836
 20
34.2900000000025
 11
34.28999999999836
 21
31.74999999999851
  0
LINE
  5
221
100
AcDbEntity
  8
socket_header
  6
ByLayer
 62
  256
370
   -1
100
AcDbLine
 10
34.289999999998
 20
36.83000000000255
 11
36.82999999999823
 21
36.83000000000255
  0
LINE
  5
222
100
AcDbEntity
  8
3.3V line
  6
ByLayer
 62
  256
370
   -1
100
AcDbLine
 10
25.39999999999868
 20
25.40000000000032
 11
20.31999999999887
 21
25.40000000000031
  0
LINE
  5
223
100
AcDbEntity
  8
3.3V line
  6
ByLayer
 62
  256
370
   -1
100
AcDbLine
 10
22.85999999999884
 20
12.70000000000022
 11
20.31999999999902
 21
12.70000000000014
  0
CIRCLE
  5
224
100
AcDbEntity
  8
universal_board
  6
ByLayer
 62
  256
370
   -1
100
AcDbCircle
 10
2.539999999999772
 20
40.64000000000042
 40
0.5
  0
CIRCLE
  5
225
100
AcDbEntity
  8
universal_board
  6
ByLayer
 62
  256
370
   -1
100
AcDbCircle
 10
5.079999999999636
 20
40.64000000000043
 40
0.5
  0
CIRCLE
  5
226
100
AcDbEntity
  8
universal_board
  6
ByLayer
 62
  256
370
   -1
100
AcDbCircle
 10
7.619999999999521
 20
40.64000000000045
 40
0.5
  0
CIRCLE
  5
227
100
AcDbEntity
  8
universal_board
  6
ByLayer
 62
  256
370
   -1
100
AcDbCircle
 10
10.15999999999939
 20
40.64000000000046
 40
0.5
  0
CIRCLE
  5
228
100
AcDbEntity
  8
universal_board
  6
ByLayer
 62
  256
370
   -1
100
AcDbCircle
 10
12.69999999999927
 20
40.64000000000048
 40
0.5
  0
CIRCLE
  5
229
100
AcDbEntity
  8
universal_board
  6
ByLayer
 62
  256
370
   -1
100
AcDbCircle
 10
15.23999999999914
 20
40.64000000000049
 40
0.5
  0
CIRCLE
  5
22A
100
AcDbEntity
  8
universal_board
  6
ByLayer
 62
  256
370
   -1
100
AcDbCircle
 10
17.77999999999901
 20
40.64000000000051
 40
0.5
  0
CIRCLE
  5
22B
100
AcDbEntity
  8
universal_board
  6
ByLayer
 62
  256
370
   -1
100
AcDbCircle
 10
20.31999999999887
 20
40.64000000000052
 40
0.5
  0
CIRCLE
  5
22C
100
AcDbEntity
  8
universal_board
  6
ByLayer
 62
  256
370
   -1
100
AcDbCircle
 10
22.85999999999876
 20
40.64000000000053
 40
0.5
  0
CIRCLE
  5
22D
100
AcDbEntity
  8
universal_board
  6
ByLayer
 62
  256
370
   -1
100
AcDbCircle
 10
25.39999999999862
 20
40.64000000000055
 40
0.5
  0
CIRCLE
  5
22E
100
AcDbEntity
  8
universal_board
  6
ByLayer
 62
  256
370
   -1
100
AcDbCircle
 10
27.93999999999848
 20
40.64000000000056
 40
0.5
  0
CIRCLE
  5
22F
100
AcDbEntity
  8
universal_board
  6
ByLayer
 62
  256
370
   -1
100
AcDbCircle
 10
30.47999999999836
 20
40.64000000000058
 40
0.5
  0
CIRCLE
  5
230
100
AcDbEntity
  8
universal_board
  6
ByLayer
 62
  256
370
   -1
100
AcDbCircle
 10
33.01999999999824
 20
40.64000000000059
 40
0.5
  0
CIRCLE
  5
231
100
AcDbEntity
  8
universal_board
  6
ByLayer
 62
  256
370
   -1
100
AcDbCircle
 10
35.55999999999811
 20
40.6400000000006
 40
0.5
  0
CIRCLE
  5
232
100
AcDbEntity
  8
universal_board
  6
ByLayer
 62
  256
370
   -1
100
AcDbCircle
 10
2.53999999999975
 20
43.18000000000045
 40
0.5
  0
CIRCLE
  5
233
100
AcDbEntity
  8
universal_board
  6
ByLayer
 62
  256
370
   -1
100
AcDbCircle
 10
5.079999999999622
 20
43.18000000000047
 40
0.5
  0
CIRCLE
  5
234
100
AcDbEntity
  8
universal_board
  6
ByLayer
 62
  256
370
   -1
100
AcDbCircle
 10
7.6199999999995
 20
43.18000000000048
 40
0.5
  0
CIRCLE
  5
235
100
AcDbEntity
  8
universal_board
  6
ByLayer
 62
  256
370
   -1
100
AcDbCircle
 10
10.15999999999937
 20
43.1800000000005
 40
0.5
  0
CIRCLE
  5
236
100
AcDbEntity
  8
universal_board
  6
ByLayer
 62
  256
370
   -1
100
AcDbCircle
 10
12.69999999999925
 20
43.18000000000051
 40
0.5
  0
CIRCLE
  5
237
100
AcDbEntity
  8
universal_board
  6
ByLayer
 62
  256
370
   -1
100
AcDbCircle
 10
15.23999999999912
 20
43.18000000000053
 40
0.5
  0
CIRCLE
  5
238
100
AcDbEntity
  8
universal_board
  6
ByLayer
 62
  256
370
   -1
100
AcDbCircle
 10
17.77999999999899
 20
43.18000000000054
 40
0.5
  0
CIRCLE
  5
239
100
AcDbEntity
  8
universal_board
  6
ByLayer
 62
  256
370
   -1
100
AcDbCircle
 10
20.31999999999886
 20
43.18000000000055
 40
0.5
  0
CIRCLE
  5
23A
100
AcDbEntity
  8
universal_board
  6
ByLayer
 62
  256
370
   -1
100
AcDbCircle
 10
22.85999999999874
 20
43.18000000000057
 40
0.5
  0
CIRCLE
  5
23B
100
AcDbEntity
  8
universal_board
  6
ByLayer
 62
  256
370
   -1
100
AcDbCircle
 10
25.39999999999861
 20
43.18000000000058
 40
0.5
  0
CIRCLE
  5
23C
100
AcDbEntity
  8
universal_board
  6
ByLayer
 62
  256
370
   -1
100
AcDbCircle
 10
27.93999999999847
 20
43.1800000000006
 40
0.5
  0
CIRCLE
  5
23D
100
AcDbEntity
  8
universal_board
  6
ByLayer
 62
  256
370
   -1
100
AcDbCircle
 10
30.47999999999835
 20
43.18000000000061
 40
0.5
  0
CIRCLE
  5
23E
100
AcDbEntity
  8
universal_board
  6
ByLayer
 62
  256
370
   -1
100
AcDbCircle
 10
33.01999999999823
 20
43.18000000000062
 40
0.5
  0
CIRCLE
  5
23F
100
AcDbEntity
  8
universal_board
  6
ByLayer
 62
  256
370
   -1
100
AcDbCircle
 10
35.55999999999809
 20
43.18000000000064
 40
0.5
  0
CIRCLE
  5
240
100
AcDbEntity
  8
universal_board
  6
ByLayer
 62
  256
370
   -1
100
AcDbCircle
 10
2.539999999999743
 20
45.72000000000049
 40
0.5
  0
CIRCLE
  5
241
100
AcDbEntity
  8
universal_board
  6
ByLayer
 62
  256
370
   -1
100
AcDbCircle
 10
5.0799999999996
 20
45.7200000000005
 40
0.5
  0
CIRCLE
  5
242
100
AcDbEntity
  8
universal_board
  6
ByLayer
 62
  256
370
   -1
100
AcDbCircle
 10
7.619999999999493
 20
45.72000000000052
 40
0.5
  0
CIRCLE
  5
243
100
AcDbEntity
  8
universal_board
  6
ByLayer
 62
  256
370
   -1
100
AcDbCircle
 10
10.15999999999935
 20
45.72000000000053
 40
0.5
  0
CIRCLE
  5
244
100
AcDbEntity
  8
universal_board
  6
ByLayer
 62
  256
370
   -1
100
AcDbCircle
 10
12.69999999999924
 20
45.72000000000055
 40
0.5
  0
CIRCLE
  5
245
100
AcDbEntity
  8
universal_board
  6
ByLayer
 62
  256
370
   -1
100
AcDbCircle
 10
15.23999999999911
 20
45.72000000000056
 40
0.5
  0
CIRCLE
  5
246
100
AcDbEntity
  8
universal_board
  6
ByLayer
 62
  256
370
   -1
100
AcDbCircle
 10
17.77999999999897
 20
45.72000000000057
 40
0.5
  0
CIRCLE
  5
247
100
AcDbEntity
  8
universal_board
  6
ByLayer
 62
  256
370
   -1
100
AcDbCircle
 10
20.31999999999886
 20
45.72000000000059
 40
0.5
  0
CIRCLE
  5
248
100
AcDbEntity
  8
universal_board
  6
ByLayer
 62
  256
370
   -1
100
AcDbCircle
 10
22.85999999999873
 20
45.7200000000006
 40
0.5
  0
CIRCLE
  5
249
100
AcDbEntity
  8
universal_board
  6
ByLayer
 62
  256
370
   -1
100
AcDbCircle
 10
25.39999999999859
 20
45.72000000000062
 40
0.5
  0
CIRCLE
  5
24A
100
AcDbEntity
  8
universal_board
  6
ByLayer
 62
  256
370
   -1
100
AcDbCircle
 10
27.93999999999846
 20
45.72000000000063
 40
0.5
  0
CIRCLE
  5
24B
100
AcDbEntity
  8
universal_board
  6
ByLayer
 62
  256
370
   -1
100
AcDbCircle
 10
30.47999999999833
 20
45.72000000000065
 40
0.5
  0
CIRCLE
  5
24C
100
AcDbEntity
  8
universal_board
  6
ByLayer
 62
  256
370
   -1
100
AcDbCircle
 10
33.01999999999821
 20
45.72000000000066
 40
0.5
  0
CIRCLE
  5
24D
100
AcDbEntity
  8
universal_board
  6
ByLayer
 62
  256
370
   -1
100
AcDbCircle
 10
35.55999999999808
 20
45.72000000000067
 40
0.5
  0
CIRCLE
  5
24E
100
AcDbEntity
  8
universal_board
  6
ByLayer
 62
  256
370
   -1
100
AcDbCircle
 10
2.539999999999736
 20
48.26000000000052
 40
0.5
  0
CIRCLE
  5
24F
100
AcDbEntity
  8
universal_board
  6
ByLayer
 62
  256
370
   -1
100
AcDbCircle
 10
5.079999999999593
 20
48.26000000000054
 40
0.5
  0
CIRCLE
  5
250
100
AcDbEntity
  8
universal_board
  6
ByLayer
 62
  256
370
   -1
100
AcDbCircle
 10
7.619999999999486
 20
48.26000000000055
 40
0.5
  0
CIRCLE
  5
251
100
AcDbEntity
  8
universal_board
  6
ByLayer
 62
  256
370
   -1
100
AcDbCircle
 10
10.15999999999934
 20
48.26000000000057
 40
0.5
  0
CIRCLE
  5
252
100
AcDbEntity
  8
universal_board
  6
ByLayer
 62
  256
370
   -1
100
AcDbCircle
 10
12.69999999999924
 20
48.26000000000058
 40
0.5
  0
CIRCLE
  5
253
100
AcDbEntity
  8
universal_board
  6
ByLayer
 62
  256
370
   -1
100
AcDbCircle
 10
15.2399999999991
 20
48.26000000000059
 40
0.5
  0
CIRCLE
  5
254
100
AcDbEntity
  8
universal_board
  6
ByLayer
 62
  256
370
   -1
100
AcDbCircle
 10
17.77999999999896
 20
48.26000000000061
 40
0.5
  0
CIRCLE
  5
255
100
AcDbEntity
  8
universal_board
  6
ByLayer
 62
  256
370
   -1
100
AcDbCircle
 10
20.31999999999883
 20
48.26000000000062
 40
0.5
  0
CIRCLE
  5
256
100
AcDbEntity
  8
universal_board
  6
ByLayer
 62
  256
370
   -1
100
AcDbCircle
 10
22.85999999999871
 20
48.26000000000064
 40
0.5
  0
CIRCLE
  5
257
100
AcDbEntity
  8
universal_board
  6
ByLayer
 62
  256
370
   -1
100
AcDbCircle
 10
25.39999999999858
 20
48.26000000000065
 40
0.5
  0
CIRCLE
  5
258
100
AcDbEntity
  8
universal_board
  6
ByLayer
 62
  256
370
   -1
100
AcDbCircle
 10
27.93999999999844
 20
48.26000000000067
 40
0.5
  0
CIRCLE
  5
259
100
AcDbEntity
  8
universal_board
  6
ByLayer
 62
  256
370
   -1
100
AcDbCircle
 10
30.47999999999832
 20
48.26000000000068
 40
0.5
  0
CIRCLE
  5
25A
100
AcDbEntity
  8
universal_board
  6
ByLayer
 62
  256
370
   -1
100
AcDbCircle
 10
33.0199999999982
 20
48.26000000000069
 40
0.5
  0
CIRCLE
  5
25B
100
AcDbEntity
  8
universal_board
  6
ByLayer
 62
  256
370
   -1
100
AcDbCircle
 10
35.55999999999806
 20
48.26000000000071
 40
0.5
  0
CIRCLE
  5
25C
100
AcDbEntity
  8
universal_board
  6
ByLayer
 62
  256
370
   -1
100
AcDbCircle
 10
2.539999999999715
 20
50.80000000000056
 40
0.5
  0
CIRCLE
  5
25D
100
AcDbEntity
  8
universal_board
  6
ByLayer
 62
  256
370
   -1
100
AcDbCircle
 10
5.079999999999586
 20
50.80000000000057
 40
0.5
  0
CIRCLE
  5
25E
100
AcDbEntity
  8
universal_board
  6
ByLayer
 62
  256
370
   -1
100
AcDbCircle
 10
7.619999999999465
 20
50.80000000000059
 40
0.5
  0
CIRCLE
  5
25F
100
AcDbEntity
  8
universal_board
  6
ByLayer
 62
  256
370
   -1
100
AcDbCircle
 10
10.15999999999934
 20
50.8000000000006
 40
0.5
  0
CIRCLE
  5
260
100
AcDbEntity
  8
universal_board
  6
ByLayer
 62
  256
370
   -1
100
AcDbCircle
 10
12.69999999999921
 20
50.80000000000062
 40
0.5
  0
CIRCLE
  5
261
100
AcDbEntity
  8
universal_board
  6
ByLayer
 62
  256
370
   -1
100
AcDbCircle
 10
15.23999999999909
 20
50.80000000000063
 40
0.5
  0
CIRCLE
  5
262
100
AcDbEntity
  8
universal_board
  6
ByLayer
 62
  256
370
   -1
100
AcDbCircle
 10
17.77999999999895
 20
50.80000000000064
 40
0.5
  0
CIRCLE
  5
263
100
AcDbEntity
  8
universal_board
  6
ByLayer
 62
  256
370
   -1
100
AcDbCircle
 10
20.31999999999882
 20
50.80000000000066
 40
0.5
  0
CIRCLE
  5
264
100
AcDbEntity
  8
universal_board
  6
ByLayer
 62
  256
370
   -1
100
AcDbCircle
 10
22.8599999999987
 20
50.80000000000067
 40
0.5
  0
CIRCLE
  5
265
100
AcDbEntity
  8
universal_board
  6
ByLayer
 62
  256
370
   -1
100
AcDbCircle
 10
25.39999999999856
 20
50.80000000000069
 40
0.5
  0
CIRCLE
  5
266
100
AcDbEntity
  8
universal_board
  6
ByLayer
 62
  256
370
   -1
100
AcDbCircle
 10
27.93999999999843
 20
50.8000000000007
 40
0.5
  0
CIRCLE
  5
267
100
AcDbEntity
  8
universal_board
  6
ByLayer
 62
  256
370
   -1
100
AcDbCircle
 10
30.47999999999831
 20
50.80000000000071
 40
0.5
  0
CIRCLE
  5
268
100
AcDbEntity
  8
universal_board
  6
ByLayer
 62
  256
370
   -1
100
AcDbCircle
 10
33.01999999999818
 20
50.80000000000073
 40
0.5
  0
CIRCLE
  5
269
100
AcDbEntity
  8
universal_board
  6
ByLayer
 62
  256
370
   -1
100
AcDbCircle
 10
35.55999999999805
 20
50.80000000000074
 40
0.5
  0
LINE
  5
26A
100
AcDbEntity
  8
0_wire
  6
ByLayer
 62
  256
370
   -1
100
AcDbLine
 10
27.93999999999853
 20
27.94000000000039
 11
35.55999999999815
 21
27.94000000000043
  0
LINE
  5
26B
100
AcDbEntity
  8
0_wire
  6
ByLayer
 62
  256
370
   -1
100
AcDbLine
 10
30.47999999999839
 20
30.48000000000044
 11
35.55999999999813
 21
30.48000000000047
  0
LINE
  5
26C
100
AcDbEntity
  8
3.3V line
  6
ByLayer
 62
  256
370
   -1
100
AcDbLine
 10
33.01999999999828
 20
25.40000000000038
 11
30.47999999999841
 21
25.40000000000037
  0
LINE
  5
26D
100
AcDbEntity
  8
5V line
  6
ByLayer
 62
  256
370
   -1
100
AcDbLine
 10
35.55999999999816
 20
22.86000000000038
 11
33.0199999999983
 21
22.86000000000036
  0
LINE
  5
26E
100
AcDbEntity
  8
3.3V line
  6
ByLayer
 62
  256
370
   -1
100
AcDbLine
 10
30.47999999999841
 20
25.40000000000037
 11
25.39999999999868
 21
25.40000000000034
  0
LINE
  5
26F
100
AcDbEntity
  8
0_wire
  6
ByLayer
 62
  256
370
   -1
100
AcDbLine
 10
35.55999999999813
 20
35.56000000000054
 11
25.39999999999865
 21
35.56000000000048
  0
LINE
  5
270
100
AcDbEntity
  8
0_wire
  6
ByLayer
 62
  256
370
   -1
100
AcDbLine
 10
35.55999999999813
 20
33.0200000000005
 11
25.39999999999865
 21
33.02000000000044
  0
LINE
  5
271
100
AcDbEntity
  8
0_GND
  6
ByLayer
 62
  256
370
   -1
100
AcDbLine
 10
25.39999999999872
 20
7.620000000000203
 11
25.39999999999873
 21
2.540000000000163
  0
LINE
  5
272
100
AcDbEntity
  8
0_wire
  6
ByLayer
 62
  256
370
   -1
100
AcDbLine
 10
20.31999999999891
 20
33.02000000000042
 11
12.69999999999929
 21
33.02000000000037
  0
LINE
  5
273
100
AcDbEntity
  8
0_wire
  6
ByLayer
 62
  256
370
   -1
100
AcDbLine
 10
20.31999999999892
 20
30.48000000000038
 11
12.69999999999929
 21
30.48000000000034
  0
LINE
  5
274
100
AcDbEntity
  8
0_wire
  6
ByLayer
 62
  256
370
   -1
100
AcDbLine
 10
25.39999999999868
 20
20.32000000000031
 11
20.31999999999894
 21
20.32000000000024
  0
CIRCLE
  5
275
100
AcDbEntity
  8
terminal
  6
ByLayer
 62
  256
370
   -1
100
AcDbCircle
 10
25.39999999999859
 20
43.72000000000011
 40
0.46
  0
CIRCLE
  5
276
100
AcDbEntity
  8
terminal
  6
ByLayer
 62
  256
370
   -1
100
AcDbCircle
 10
27.90000000000068
 20
43.71999989222589
 40
0.46
  0
CIRCLE
  5
277
100
AcDbEntity
  8
terminal
  6
ByLayer
 62
  256
370
   -1
100
AcDbCircle
 10
25.39999999999859
 20
45.72000000000093
 40
0.46
  0
CIRCLE
  5
278
100
AcDbEntity
  8
terminal
  6
ByLayer
 62
  256
370
   -1
100
AcDbCircle
 10
27.90000000000068
 20
45.71999989222672
 40
0.46
  0
CIRCLE
  5
279
100
AcDbEntity
  8
terminal
  6
ByLayer
 62
  256
370
   -1
100
AcDbCircle
 10
20.63000000000005
 20
48.42000000000095
 40
1.15
  0
CIRCLE
  5
27A
100
AcDbEntity
  8
terminal
  6
ByLayer
 62
  256
370
   -1
100
AcDbCircle
 10
32.66999999999918
 20
48.42000000000095
 40
1.15
  0
LINE
  5
27B
100
AcDbEntity
  8
terminal
  6
ByLayer
 62
  256
370
   -1
100
AcDbLine
 10
20.63000152986433
 20
58.70000000000093
 11
20.63000152986433
 21
42.70000000000092
  0
LINE
  5
27C
100
AcDbEntity
  8
terminal
  6
ByLayer
 62
  256
370
   -1
100
AcDbLine
 10
20.63000152986433
 20
42.70000000000092
 11
32.67000152986386
 21
42.70000000000089
  0
LINE
  5
27D
100
AcDbEntity
  8
terminal
  6
ByLayer
 62
  256
370
   -1
100
AcDbLine
 10
32.67000152986386
 20
42.70000000000089
 11
32.67000152986386
 21
58.70000000000093
  0
LINE
  5
27E
100
AcDbEntity
  8
terminal
  6
ByLayer
 62
  256
370
   -1
100
AcDbLine
 10
32.67000152986386
 20
58.70000000000093
 11
20.63000152986433
 21
58.70000000000093
  0
MTEXT
  5
27F
100
AcDbEntity
  8
terminal
  6
ByLayer
 62
  256
370
   -1
100
AcDbMText
 10
22.53029850957559
 20
44.90269571563439
 30
0
 40
1
 41
4.972222222222346
 71
    5
 72
    1
  1
4_GND\P1_V
  7
iso
210
0
220
0
230
1
 50
0
 73
    2
 44
1.54
  0
MTEXT
  5
280
100
AcDbEntity
  8
terminal
  6
ByLayer
 62
  256
370
   -1
100
AcDbMText
 10
30.72147386449671
 20
45.05108657351337
 30
0
 40
1
 41
3.861111111111235
 71
    5
 72
    1
  1
3_D+\P2_D-
  7
iso
210
0
220
0
230
1
 50
0
 73
    2
 44
1.54
  0
LINE
  5
281
100
AcDbEntity
  8
0_wire
  6
ByLayer
 62
  256
370
   -1
100
AcDbLine
 10
27.93999999999847
 20
45.72000000000063
 11
30.47999999999835
 21
45.72000000000065
  0
LINE
  5
282
100
AcDbEntity
  8
5V line
  6
ByLayer
 62
  256
370
   -1
100
AcDbLine
 10
25.39999999999861
 20
43.18000000000058
 11
25.39999999999862
 21
40.64000000000055
  0
MTEXT
  5
283
100
AcDbEntity
  8
terminal
  6
ByLayer
 62
  256
370
   -1
100
AcDbMText
 10
24.02264360490502
 20
49.86238753165106
 30
0
 40
1
 41
0.8888888888889508
 71
    4
 72
    1
  1
J1
  7
iso
210
0
220
0
230
1
 50
0
 73
    2
 44
1.54
  0
MTEXT
  5
284
100
AcDbEntity
  8
socket_header
  6
ByLayer
 62
  256
370
   -1
100
AcDbMText
 10
19.03124030276366
 20
37.8032898412575
 30
0
 40
1
 41
1.111110899108962
 71
    4
 72
    1
  1
S1
  7
iso
210
0
220
0
230
1
 50
0
 73
    2
 44
1.54
  0
MTEXT
  5
285
100
AcDbEntity
  8
socket_header
  6
ByLayer
 62
  256
370
   -1
100
AcDbMText
 10
34.72248301213904
 20
37.85278902961516
 30
0
 40
1
 41
1.333333121331184
 71
    4
 72
    1
  1
S2
  7
iso
210
0
220
0
230
1
 50
0
 73
    2
 44
1.54
  0
LINE
  5
286
100
AcDbEntity
  8
0_wire
  6
ByLayer
 62
  256
370
   -1
100
AcDbLine
 10
27.93999999999853
 20
27.94000000000039
 11
27.93999999999853
 21
30.48000000000042
  0
LINE
  5
287
100
AcDbEntity
  8
0_wire
  6
ByLayer
 62
  256
370
   -1
100
AcDbLine
 10
20.31999999999897
 20
10.16000000000019
 11
17.77999999999911
 21
10.16000000000017
  0
LINE
  5
288
100
AcDbEntity
  8
0_wire
  6
ByLayer
 62
  256
370
   -1
100
AcDbLine
 10
20.31999999999897
 20
7.620000000000168
 11
17.77999999999911
 21
7.620000000000161
  0
LINE
  5
289
100
AcDbEntity
  8
0_wire
  6
ByLayer
 62
  256
370
   -1
100
AcDbLine
 10
20.31999999999899
 20
17.78000000000021
 11
17.77999999999907
 21
17.78000000000025
  0
LINE
  5
28A
100
AcDbEntity
  8
0_wire
  6
ByLayer
 62
  256
370
   -1
100
AcDbLine
 10
20.31999999999896
 20
15.24000000000023
 11
17.77999999999908
 21
15.24000000000021
  0
LINE
  5
28B
100
AcDbEntity
  8
terminal
  6
ByLayer
 62
  256
370
   -1
100
AcDbLine
 10
-2.910000000000409
 20
35.66000000000032
 11
14.05000073114608
 21
35.66000000000032
  0
LINE
  5
28C
100
AcDbEntity
  8
terminal
  6
ByLayer
 62
  256
370
   -1
100
AcDbLine
 10
14.05000073114608
 20
35.66000000000032
 11
14.0499999999996
 21
48.16000000000025
  0
LINE
  5
28D
100
AcDbEntity
  8
terminal
  6
ByLayer
 62
  256
370
   -1
100
AcDbLine
 10
14.0499999999996
 20
48.16000000000025
 11
-2.910000000000409
 21
48.16000000000025
  0
LINE
  5
28E
100
AcDbEntity
  8
terminal
  6
ByLayer
 62
  256
370
   -1
100
AcDbLine
 10
-2.910000000000409
 20
48.16000000000025
 11
-2.910000000000409
 21
35.66000000000032
  0
CIRCLE
  5
28F
100
AcDbEntity
  8
terminal
  6
ByLayer
 62
  256
370
   -1
100
AcDbCircle
 10
7.369999999999621
 20
35.34000000000038
 40
1.15
  0
CIRCLE
  5
290
100
AcDbEntity
  8
terminal
  6
ByLayer
 62
  256
370
   -1
100
AcDbCircle
 10
13.0499999999996
 20
35.34000000000038
 40
1.15
  0
CIRCLE
  5
291
100
AcDbEntity
  8
terminal
  6
ByLayer
 62
  256
370
   -1
100
AcDbCircle
 10
10.06999999999955
 20
40.91000000000025
 40
0.46
  0
CIRCLE
  5
292
100
AcDbEntity
  8
terminal
  6
ByLayer
 62
  256
370
   -1
100
AcDbCircle
 10
10.06999999999955
 20
38.4100000000003
 40
0.46
  0
CIRCLE
  5
293
100
AcDbEntity
  8
terminal
  6
ByLayer
 62
  256
370
   -1
100
AcDbCircle
 10
10.06999999999955
 20
42.91000000000042
 40
0.46
  0
CIRCLE
  5
294
100
AcDbEntity
  8
terminal
  6
ByLayer
 62
  256
370
   -1
100
AcDbCircle
 10
10.06999999999955
 20
45.41000000000036
 40
0.46
  0
CIRCLE
  5
295
100
AcDbEntity
  8
terminal
  6
ByLayer
 62
  256
370
   -1
100
AcDbCircle
 10
12.69999999999962
 20
38.4100000000003
 40
0.46
  0
CIRCLE
  5
296
100
AcDbEntity
  8
terminal
  6
ByLayer
 62
  256
370
   -1
100
AcDbCircle
 10
12.69999999999962
 20
40.91000000000025
 40
0.46
  0
CIRCLE
  5
297
100
AcDbEntity
  8
terminal
  6
ByLayer
 62
  256
370
   -1
100
AcDbCircle
 10
12.69999999999962
 20
42.91000000000042
 40
0.46
  0
CIRCLE
  5
298
100
AcDbEntity
  8
terminal
  6
ByLayer
 62
  256
370
   -1
100
AcDbCircle
 10
12.69999999999962
 20
45.41000000000036
 40
0.46
  0
MTEXT
  5
299
100
AcDbEntity
  8
terminal
  6
ByLayer
 62
  256
370
   -1
100
AcDbMText
 10
13.51059515090087
 20
41.49157553994606
 30
0
 40
1
 41
1.333333333333395
 71
    4
 72
    1
  1
V\PD-\PD+\PG
  7
iso
210
0
220
0
230
1
 50
0
 73
    2
 44
1.54
  0
MTEXT
  5
29A
100
AcDbEntity
  8
terminal
  6
ByLayer
 62
  256
370
   -1
100
AcDbMText
 10
7.762730099720251
 20
41.70984889632
 30
0
 40
1
 41
1.333333333333395
 71
    4
 72
    1
  1
V\PD-\PD+\PG
  7
iso
210
0
220
0
230
1
 50
0
 73
    2
 44
1.54
  0
MTEXT
  5
29B
100
AcDbEntity
  8
terminal
  6
ByLayer
 62
  256
370
   -1
100
AcDbMText
 10
-1.987162100555089
 20
47.08572878066509
 30
0
 40
1
 41
1.111111111111173
 71
    4
 72
    1
  1
J2
  7
iso
210
0
220
0
230
1
 50
0
 73
    2
 44
1.54
  0
CIRCLE
  5
29C
100
AcDbEntity
  8
terminal
  6
ByLayer
 62
  256
370
   -1
100
AcDbCircle
 10
7.369999999999621
 20
48.4800000000003
 40
1.15
  0
CIRCLE
  5
29D
100
AcDbEntity
  8
terminal
  6
ByLayer
 62
  256
370
   -1
100
AcDbCircle
 10
13.0499999999996
 20
48.4800000000003
 40
1.15
  0
LINE
  5
29E
100
AcDbEntity
  8
5V line
  6
ByLayer
 62
  256
370
   -1
100
AcDbLine
 10
10.15999999999935
 20
45.72000000000053
 11
15.23999999999911
 21
45.72000000000056
  0
LINE
  5
29F
100
AcDbEntity
  8
0_wire
  6
ByLayer
 62
  256
370
   -1
100
AcDbLine
 10
12.69999999999925
 20
43.18000000000051
 11
15.23999999999912
 21
43.18000000000053
  0
LINE
  5
2A0
100
AcDbEntity
  8
0_wire
  6
ByLayer
 62
  256
370
   -1
100
AcDbLine
 10
12.69999999999927
 20
40.64000000000048
 11
15.23999999999914
 21
40.64000000000049
  0
LINE
  5
2A1
100
AcDbEntity
  8
0_GND
  6
ByLayer
 62
  256
370
   -1
100
AcDbLine
 10
12.69999999999929
 20
38.10000000000044
 11
10.1599999999994
 21
38.10000000000043
  0
LINE
  5
2A2
100
AcDbEntity
  8
0_wire
  6
ByLayer
 62
  256
370
   -1
100
AcDbLine
 10
10.15999999999939
 20
40.64000000000046
 11
5.079999999999636
 21
40.64000000000043
  0
LINE
  5
2A3
100
AcDbEntity
  8
0_wire
  6
ByLayer
 62
  256
370
   -1
100
AcDbLine
 10
5.079999999999636
 20
40.64000000000043
 11
5.079999999999686
 21
30.4800000000003
  0
LINE
  5
2A4
100
AcDbEntity
  8
0_wire
  6
ByLayer
 62
  256
370
   -1
100
AcDbLine
 10
2.539999999999793
 20
33.02000000000032
 11
2.53999999999975
 21
43.18000000000045
  0
LINE
  5
2A5
100
AcDbEntity
  8
0_wire
  6
ByLayer
 62
  256
370
   -1
100
AcDbLine
 10
2.53999999999975
 20
43.18000000000045
 11
10.15999999999937
 21
43.1800000000005
  0
LINE
  5
2A6
100
AcDbEntity
  8
0_GND
  6
ByLayer
 62
  256
370
   -1
100
AcDbLine
 10
12.69999999999929
 20
38.10000000000044
 11
15.23999999999916
 21
38.10000000000046
  0
LINE
  5
2A7
100
AcDbEntity
  8
0_GND
  6
ByLayer
 62
  256
370
   -1
100
AcDbLine
 10
15.23999999999916
 20
38.10000000000046
 11
15.23999999999916
 21
35.56000000000042
  0
LWPOLYLINE
  5
2A8
100
AcDbEntity
  8
resister
  6
ByLayer
 62
  256
370
   -1
100
AcDbPolyline
 90
    3
 70
    0
 43
0
 10
15.23999999999916
 20
35.56000000000042
 10
13.0499999999996
 20
35.34000000000038
 10
7.369999999999621
 20
35.34000000000038
  0
LINE
  5
2A9
100
AcDbEntity
  8
terminal
  6
ByLayer
 62
  256
370
   -1
100
AcDbLine
 10
-2.910000000000359
 20
12.80000000000009
 11
14.05000073114612
 21
12.80000000000009
  0
LINE
  5
2AA
100
AcDbEntity
  8
terminal
  6
ByLayer
 62
  256
370
   -1
100
AcDbLine
 10
14.05000073114612
 20
12.80000000000009
 11
14.04999999999963
 21
25.30000000000003
  0
LINE
  5
2AB
100
AcDbEntity
  8
terminal
  6
ByLayer
 62
  256
370
   -1
100
AcDbLine
 10
14.04999999999963
 20
25.30000000000003
 11
-2.910000000000359
 21
25.30000000000003
  0
LINE
  5
2AC
100
AcDbEntity
  8
terminal
  6
ByLayer
 62
  256
370
   -1
100
AcDbLine
 10
-2.910000000000359
 20
25.30000000000003
 11
-2.910000000000359
 21
12.80000000000009
  0
CIRCLE
  5
2AD
100
AcDbEntity
  8
terminal
  6
ByLayer
 62
  256
370
   -1
100
AcDbCircle
 10
7.369999999999671
 20
12.48000000000015
 40
1.15
  0
CIRCLE
  5
2AE
100
AcDbEntity
  8
terminal
  6
ByLayer
 62
  256
370
   -1
100
AcDbCircle
 10
7.369999999999671
 20
25.62000000000008
 40
1.15
  0
CIRCLE
  5
2AF
100
AcDbEntity
  8
terminal
  6
ByLayer
 62
  256
370
   -1
100
AcDbCircle
 10
13.04999999999963
 20
12.48000000000015
 40
1.15
  0
CIRCLE
  5
2B0
100
AcDbEntity
  8
terminal
  6
ByLayer
 62
  256
370
   -1
100
AcDbCircle
 10
13.04999999999963
 20
25.62000000000008
 40
1.15
  0
CIRCLE
  5
2B1
100
AcDbEntity
  8
terminal
  6
ByLayer
 62
  256
370
   -1
100
AcDbCircle
 10
10.0699999999996
 20
18.05000000000003
 40
0.46
  0
CIRCLE
  5
2B2
100
AcDbEntity
  8
terminal
  6
ByLayer
 62
  256
370
   -1
100
AcDbCircle
 10
10.0699999999996
 20
15.55000000000008
 40
0.46
  0
CIRCLE
  5
2B3
100
AcDbEntity
  8
terminal
  6
ByLayer
 62
  256
370
   -1
100
AcDbCircle
 10
10.0699999999996
 20
20.0500000000002
 40
0.46
  0
CIRCLE
  5
2B4
100
AcDbEntity
  8
terminal
  6
ByLayer
 62
  256
370
   -1
100
AcDbCircle
 10
10.0699999999996
 20
22.55000000000014
 40
0.46
  0
CIRCLE
  5
2B5
100
AcDbEntity
  8
terminal
  6
ByLayer
 62
  256
370
   -1
100
AcDbCircle
 10
12.69999999999969
 20
15.55000000000008
 40
0.46
  0
CIRCLE
  5
2B6
100
AcDbEntity
  8
terminal
  6
ByLayer
 62
  256
370
   -1
100
AcDbCircle
 10
12.69999999999969
 20
18.05000000000003
 40
0.46
  0
CIRCLE
  5
2B7
100
AcDbEntity
  8
terminal
  6
ByLayer
 62
  256
370
   -1
100
AcDbCircle
 10
12.69999999999969
 20
20.0500000000002
 40
0.46
  0
CIRCLE
  5
2B8
100
AcDbEntity
  8
terminal
  6
ByLayer
 62
  256
370
   -1
100
AcDbCircle
 10
12.69999999999969
 20
22.55000000000014
 40
0.46
  0
MTEXT
  5
2B9
100
AcDbEntity
  8
terminal
  6
ByLayer
 62
  256
370
   -1
100
AcDbMText
 10
13.51059515090094
 20
18.63157553994584
 30
0
 40
1
 41
1.333333333333395
 71
    4
 72
    1
  1
V\PD-\PD+\PG
  7
iso
210
0
220
0
230
1
 50
0
 73
    2
 44
1.54
  0
MTEXT
  5
2BA
100
AcDbEntity
  8
terminal
  6
ByLayer
 62
  256
370
   -1
100
AcDbMText
 10
7.762730099720301
 20
18.84984889631979
 30
0
 40
1
 41
1.333333333333395
 71
    4
 72
    1
  1
V\PD-\PD+\PG
  7
iso
210
0
220
0
230
1
 50
0
 73
    2
 44
1.54
  0
MTEXT
  5
2BB
100
AcDbEntity
  8
terminal
  6
ByLayer
 62
  256
370
   -1
100
AcDbMText
 10
-2.043442677717785
 20
24.17953387546182
 30
0
 40
1
 41
1.111111111111235
 71
    4
 72
    1
  1
J3
  7
iso
210
0
220
0
230
1
 50
0
 73
    2
 44
1.54
  0
LINE
  5
2BC
100
AcDbEntity
  8
0_wire
  6
ByLayer
 62
  256
370
   -1
100
AcDbLine
 10
10.15999999999945
 20
17.78000000000019
 11
5.079999999999771
 21
17.78000000000008
  0
LINE
  5
2BD
100
AcDbEntity
  8
0_wire
  6
ByLayer
 62
  256
370
   -1
100
AcDbLine
 10
10.15999999999945
 20
20.32000000000021
 11
2.539999999999814
 21
20.32000000000019
  0
LINE
  5
2BE
100
AcDbEntity
  8
0_GND
  6
ByLayer
 62
  256
370
   -1
100
AcDbLine
 10
10.15999999999946
 20
15.24000000000018
 11
12.69999999999933
 21
15.24000000000019
  0
LINE
  5
2BF
100
AcDbEntity
  8
0_GND
  6
ByLayer
 62
  256
370
   -1
100
AcDbLine
 10
12.69999999999933
 20
15.24000000000019
 11
15.2399999999992
 21
15.24000000000022
  0
LINE
  5
2C0
100
AcDbEntity
  8
0_wire
  6
ByLayer
 62
  256
370
   -1
100
AcDbLine
 10
12.69999999999932
 20
17.7800000000002
 11
15.23999999999918
 21
17.78000000000022
  0
LINE
  5
2C1
100
AcDbEntity
  8
0_wire
  6
ByLayer
 62
  256
370
   -1
100
AcDbLine
 10
12.69999999999932
 20
20.32000000000023
 11
15.23999999999918
 21
20.32000000000024
  0
LINE
  5
2C2
100
AcDbEntity
  8
5V line
  6
ByLayer
 62
  256
370
   -1
100
AcDbLine
 10
12.69999999999931
 20
22.86000000000026
 11
15.23999999999918
 21
22.86000000000026
  0
LINE
  5
2C3
100
AcDbEntity
  8
5V line
  6
ByLayer
 62
  256
370
   -1
100
AcDbLine
 10
12.69999999999931
 20
22.86000000000026
 11
10.15999999999944
 21
22.86000000000023
  0
LINE
  5
2C4
100
AcDbEntity
  8
0_wire
  6
ByLayer
 62
  256
370
   -1
100
AcDbLine
 10
2.53999999999985
 20
10.1600000000001
 11
2.539999999999836
 21
20.32000000000017
  0
LINE
  5
2C5
100
AcDbEntity
  8
0_wire
  6
ByLayer
 62
  256
370
   -1
100
AcDbLine
 10
5.07999999999975
 20
7.62000000000009
 11
5.07999999999975
 21
17.78000000000012
  0
LINE
  5
2C6
100
AcDbEntity
  8
resister
  6
ByLayer
 62
  256
370
   -1
100
AcDbLine
 10
17.77999999999907
 20
17.78000000000025
 11
15.23999999999921
 21
20.32000000000024
  0
LINE
  5
2C7
100
AcDbEntity
  8
resister
  6
ByLayer
 62
  256
370
   -1
100
AcDbLine
 10
15.23999999999921
 20
17.78000000000023
 11
17.77999999999908
 21
15.24000000000021
  0
LWPOLYLINE
  5
2C8
100
AcDbEntity
  8
resister
  6
ByLayer
 62
  256
370
   -1
100
AcDbPolyline
 90
    4
 70
    0
 43
0
 10
22.85999999999876
 20
40.64000000000053
 10
23.43872045190106
 20
40.32900996380445
 10
24.79502977280672
 20
33.44150169358036
 10
25.39999999999865
 20
33.02000000000044
  0
LINE
  5
2C9
100
AcDbEntity
  8
0_wire
  6
ByLayer
 62
  256
370
   -1
100
AcDbLine
 10
22.85999999999876
 20
40.64000000000053
 11
15.23999999999916
 21
40.64000000000049
  0
LINE
  5
2CA
100
AcDbEntity
  8
0_wire
  6
ByLayer
 62
  256
370
   -1
100
AcDbLine
 10
17.77999999999911
 20
10.16000000000017
 11
12.69999999999936
 21
10.16000000000014
  0
LINE
  5
2CB
100
AcDbEntity
  8
0_wire
  6
ByLayer
 62
  256
370
   -1
100
AcDbLine
 10
5.079999999999814
 20
7.619999999999983
 11
7.619999999999621
 21
7.620000000000104
  0
LINE
  5
2CC
100
AcDbEntity
  8
0_wire
  6
ByLayer
 62
  256
370
   -1
100
AcDbLine
 10
17.77999999999911
 20
7.620000000000161
 11
12.69999999999936
 21
7.620000000000132
  0
LINE
  5
2CD
100
AcDbEntity
  8
0_GND
  6
ByLayer
 62
  256
370
   -1
100
AcDbLine
 10
15.23999999999921
 20
15.2400000000002
 11
15.23999999999922
 21
12.70000000000018
  0
LWPOLYLINE
  5
2CE
100
AcDbEntity
  8
resister
  6
ByLayer
 62
  256
370
   -1
100
AcDbPolyline
 90
    3
 70
    0
 43
0
 10
15.23999999999922
 20
12.70000000000018
 10
13.04999999999963
 20
12.48000000000015
 10
7.369999999999671
 20
12.48000000000015
  0
LINE
  5
2CF
100
AcDbEntity
  8
5V line
  6
ByLayer
 62
  256
370
   -1
100
AcDbLine
 10
15.23999999999911
 20
45.72000000000056
 11
17.77999999999897
 21
45.72000000000057
  0
LINE
  5
2D0
100
AcDbEntity
  8
0_GND
  6
ByLayer
 62
  256
370
   -1
100
AcDbLine
 10
25.39999999999859
 20
45.72000000000093
 11
25.39999999999856
 21
50.80000000000069
  0
LINE
  5
2D1
100
AcDbEntity
  8
0_GND
  6
ByLayer
 62
  256
370
   -1
100
AcDbLine
 10
25.39999999999859
 20
45.72000000000062
 11
20.31999999999886
 21
45.72000000000059
  0
LINE
  5
2D2
100
AcDbEntity
  8
0_GND
  6
ByLayer
 62
  256
370
   -1
100
AcDbLine
 10
25.39999999999856
 20
50.80000000000069
 11
15.23999999999909
 21
50.80000000000063
  0
LINE
  5
2D3
100
AcDbEntity
  8
0_GND
  6
ByLayer
 62
  256
370
   -1
100
AcDbLine
 10
15.23999999999909
 20
50.80000000000063
 11
5.079999999999586
 21
50.80000000000057
  0
LINE
  5
2D4
100
AcDbEntity
  8
0_GND
  6
ByLayer
 62
  256
370
   -1
100
AcDbLine
 10
5.079999999999586
 20
50.80000000000057
 11
5.079999999999593
 21
48.26000000000054
  0
LWPOLYLINE
  5
2D5
100
AcDbEntity
  8
resister
  6
ByLayer
 62
  256
370
   -1
100
AcDbPolyline
 90
    3
 70
    0
 43
0
 10
5.079999999999593
 20
48.26000000000054
 10
7.369999999999621
 20
48.4800000000003
 10
13.0499999999996
 20
48.4800000000003
  0
LINE
  5
2D6
100
AcDbEntity
  8
0_wire
  6
ByLayer
 62
  256
370
   -1
100
AcDbLine
 10
7.61999999999955
 20
30.48000000000031
 11
5.079999999999686
 21
30.4800000000003
  0
LINE
  5
2D7
100
AcDbEntity
  8
0_wire
  6
ByLayer
 62
  256
370
   -1
100
AcDbLine
 10
20.31999999999889
 20
38.10000000000048
 11
22.85999999999877
 21
38.1000000000005
  0
LINE
  5
2D8
100
AcDbEntity
  8
resister
  6
ByLayer
 62
  256
370
   -1
100
AcDbLine
 10
25.39999999999865
 20
35.56000000000048
 11
22.85999999999877
 21
38.1000000000005
  0
LINE
  5
2D9
100
AcDbEntity
  8
5V line
  6
ByLayer
 62
  256
370
   -1
100
AcDbLine
 10
25.39999999999862
 20
40.64000000000055
 11
25.39999999999863
 21
38.10000000000051
  0
LWPOLYLINE
  5
2DA
100
AcDbEntity
  8
resister
  6
ByLayer
 62
  256
370
   -1
100
AcDbPolyline
 90
    5
 70
    0
 43
0
 10
25.39999999999862
 20
40.64000000000055
 10
25.15025443173002
 20
41.25956772787082
 10
18.76680205417763
 20
41.42394847579062
 10
18.43804055833802
 20
45.01292813870634
 10
17.77999999999897
 20
45.72000000000057
  0
LWPOLYLINE
  5
2DB
100
AcDbEntity
  8
resister
  6
ByLayer
 62
  256
370
   -1
100
AcDbPolyline
 90
    4
 70
    0
 43
0
 10
15.23999999999911
 20
45.72000000000056
 10
16.38986985467147
 20
44.69964505819492
 10
16.34959990416859
 20
23.88008064820683
 10
15.23999999999921
 20
22.86000000000026
  0
LINE
  5
2DC
100
AcDbEntity
  8
0_wire
  6
ByLayer
 62
  256
370
   -1
100
AcDbLine
 10
15.23999999999912
 20
43.18000000000053
 11
17.77999999999899
 21
43.18000000000054
  0
LWPOLYLINE
  5
2DD
100
AcDbEntity
  8
resister
  6
ByLayer
 62
  256
370
   -1
100
AcDbPolyline
 90
    4
 70
    0
 43
0
 10
20.31999999999889
 20
38.10000000000048
 10
19.59344543867501
 20
38.50158753927235
 10
18.4720399763661
 20
41.27395104331381
 10
17.77999999999899
 20
43.18000000000054
  0
LINE
  5
2DE
100
AcDbEntity
  8
resister
  6
ByLayer
 62
  256
370
   -1
100
AcDbLine
 10
20.31999999999882
 20
50.80000000000066
 11
20.63000000000005
 21
48.42000000000095
  0
LWPOLYLINE
  5
2DF
100
AcDbEntity
  8
resister
  6
ByLayer
 62
  256
370
   -1
100
AcDbPolyline
 90
    6
 70
    0
 43
0
 10
20.31999999999886
 20
45.72000000000059
 10
19.87379680425224
 20
47.03672911351235
 10
15.170123892901
 20
47.16132972043556
 10
14.23561934097692
 20
46.38257592716549
 10
14.29791964443852
 20
38.78193890484959
 10
15.23999999999916
 20
38.10000000000046
  0
LINE
  5
2E0
100
AcDbEntity
  8
0_GND
  6
ByLayer
 62
  256
370
   -1
100
AcDbLine
 10
15.23999999999916
 20
38.10000000000046
 11
17.77999999999902
 21
38.10000000000047
  0
LWPOLYLINE
  5
2E1
100
AcDbEntity
  8
resister
  6
ByLayer
 62
  256
370
   -1
100
AcDbPolyline
 90
    4
 70
    0
 43
0
 10
17.77999999999902
 20
38.10000000000047
 10
18.28255752830677
 20
37.33024411616822
 10
18.28255752830677
 20
16.71202945869451
 10
15.23999999999921
 20
15.2400000000002
  0
LWPOLYLINE
  5
2E2
100
AcDbEntity
  8
resister
  6
ByLayer
 62
  256
370
   -1
100
AcDbPolyline
 90
    4
 70
    0
 43
0
 10
7.61999999999955
 20
30.48000000000031
 10
8.537229506610196
 20
31.49110129325082
 10
12.242064952875
 20
31.41056139224506
 10
12.69999999999929
 20
30.48000000000034
  0
LWPOLYLINE
  5
2E3
100
AcDbEntity
  8
resister
  6
ByLayer
 62
  256
370
   -1
100
AcDbPolyline
 90
    4
 70
    0
 43
0
 10
12.69999999999929
 20
33.02000000000037
 10
12.4082590386004
 20
34.01969175527712
 10
3.754528565185362
 20
34.01969175527712
 10
2.539999999999793
 20
33.02000000000032
  0
LINE
  5
2E4
100
AcDbEntity
  8
0_GND
  6
ByLayer
 62
  256
370
   -1
100
AcDbLine
 10
10.1599999999994
 20
38.10000000000043
 11
10.15999999999944
 21
27.94000000000029
  0
LINE
  5
2E5
100
AcDbEntity
  8
0_GND
  6
ByLayer
 62
  256
370
   -1
100
AcDbLine
 10
10.15999999999944
 20
27.94000000000029
 11
5.0799999999997
 21
27.94000000000026
  0
LINE
  5
2E6
100
AcDbEntity
  8
0_GND
  6
ByLayer
 62
  256
370
   -1
100
AcDbLine
 10
5.0799999999997
 20
27.94000000000026
 11
5.079999999999714
 21
25.40000000000023
  0
LWPOLYLINE
  5
2E7
100
AcDbEntity
  8
resister
  6
ByLayer
 62
  256
370
   -1
100
AcDbPolyline
 90
    3
 70
    0
 43
0
 10
5.079999999999714
 20
25.40000000000023
 10
7.369999999999671
 20
25.62000000000008
 10
13.04999999999963
 20
25.62000000000008
  0
LWPOLYLINE
  5
2E8
100
AcDbEntity
  8
resister
  6
ByLayer
 62
  256
370
   -1
100
AcDbPolyline
 90
    4
 70
    0
 43
0
 10
12.69999999999935
 20
10.16000000000016
 10
12.40825903860046
 20
11.1596917552769
 10
3.754528565185419
 20
11.1596917552769
 10
2.53999999999985
 20
10.1600000000001
  0
LWPOLYLINE
  5
2E9
100
AcDbEntity
  8
resister
  6
ByLayer
 62
  256
370
   -1
100
AcDbPolyline
 90
    4
 70
    0
 43
0
 10
7.619999999999557
 20
7.620000000000211
 10
8.146076179122151
 20
8.358582514229857
 10
12.2899497137191
 20
8.358582514229857
 10
12.6999999999993
 20
7.620000000000239
  0
LINE
  5
2EA
100
AcDbEntity
  8
0_GND
  6
ByLayer
 62
  256
370
   -1
100
AcDbLine
 10
10.15999999999947
 20
15.24000000000017
 11
10.15999999999951
 21
2.540000000000077
  0
LINE
  5
2EB
100
AcDbEntity
  8
0_GND
  6
ByLayer
 62
  256
370
   -1
100
AcDbLine
 10
10.15999999999951
 20
2.540000000000077
 11
22.85999999999886
 21
2.540000000000148
  0
LINE
  5
2EC
100
AcDbEntity
  8
0_GND
  6
ByLayer
 62
  256
370
   -1
100
AcDbLine
 10
25.39999999999856
 20
50.80000000000069
 11
33.01999999999818
 21
50.80000000000073
  0
LINE
  5
2ED
100
AcDbEntity
  8
resister
  6
ByLayer
 62
  256
370
   -1
100
AcDbLine
 10
33.01999999999818
 20
50.80000000000073
 11
32.66999999999918
 21
48.42000000000095
  0
LINE
  5
2EE
100
AcDbEntity
  8
universal_board
  6
ByLayer
 62
  256
370
   -1
100
AcDbLine
 10
1.270000000000003
 20
52.07000000000059
 11
36.82999999999821
 21
52.07000000000067
  0
LINE
  5
2EF
100
AcDbEntity
  8
universal_board
  6
ByLayer
 62
  256
370
   -1
100
AcDbLine
 10
1.270000000000003
 20
1.269999999999904
 11
36.82999999999827
 21
1.26999999999996
  0
LINE
  5
2F0
100
AcDbEntity
  8
universal_board
  6
ByLayer
 62
  256
370
   -1
100
AcDbLine
 10
1.270000000000003
 20
52.07000000000059
 11
1.270000000000003
 21
1.269999999999904
  0
LINE
  5
2F1
100
AcDbEntity
  8
universal_board
  6
ByLayer
 62
  256
370
   -1
100
AcDbLine
 10
36.82999999999819
 20
1.26999999999996
 11
36.82999999999819
 21
52.07000000000067
  0
MTEXT
  5
2F2
100
AcDbEntity
  8
universal_board
  6
ByLayer
 62
  256
370
   -1
100
AcDbMText
 10
3.11333809372724
 20
53.48600505246131
 30
0
 40
1
 41
1.111111111111111
 71
    4
 72
    1
  1
B1
  7
iso
210
0
220
0
230
1
 50
0
 73
    2
 44
1.54
  0
LINE
  5
2F3
100
AcDbEntity
  8
0_wire
  6
ByLayer
 62
  256
370
   -1
100
AcDbLine
 10
20.31999999999892
 20
27.94000000000035
 11
17.77999999999906
 21
27.94000000000033
  0
LINE
  5
2F4
100
AcDbEntity
  8
3.3V line
  6
ByLayer
 62
  256
370
   -1
100
AcDbLine
 10
22.85999999999877
 20
35.56000000000046
 11
22.85999999999877
 21
25.40000000000031
  0
LINE
  5
2F5
100
AcDbEntity
  8
0_wire
  6
ByLayer
 62
  256
370
   -1
100
AcDbLine
 10
25.39999999999868
 20
22.86000000000032
 11
27.93999999999853
 21
22.86000000000033
  0
LINE
  5
2F6
100
AcDbEntity
  8
crystal
  6
ByLayer
 62
  256
370
   -1
100
AcDbLine
 10
25.61499999999838
 20
23.51999954172815
 11
25.61499999999855
 21
17.12000000000028
  0
LINE
  5
2F7
100
AcDbEntity
  8
crystal
  6
ByLayer
 62
  256
370
   -1
100
AcDbLine
 10
30.26499999999856
 20
23.51999999999941
 11
30.26499999999856
 21
17.12000000000028
  0
ARC
  5
2F8
100
AcDbEntity
  8
crystal
  6
ByLayer
 62
  256
370
   -1
100
AcDbCircle
 10
27.93999999999847
 20
23.52000000000007
 40
2.325000000000081
100
AcDbArc
 50
359.9999999999837
 51
180.0000000000163
  0
ARC
  5
2F9
100
AcDbEntity
  8
crystal
  6
ByLayer
 62
  256
370
   -1
100
AcDbCircle
 10
27.93999999999856
 20
17.12000000000067
 40
2.32500000000016
100
AcDbArc
 50
180.000000000009
 51
359.999999999991
  0
CIRCLE
  5
2FA
100
AcDbEntity
  8
crystal
  6
ByLayer
 62
  256
370
   -1
100
AcDbCircle
 10
27.93999999999854
 20
22.76000000000001
 40
0.3
  0
CIRCLE
  5
2FB
100
AcDbEntity
  8
crystal
  6
ByLayer
 62
  256
370
   -1
100
AcDbCircle
 10
27.93999999999856
 20
17.87999999999988
 40
0.3
  0
CIRCLE
  5
2FC
100
AcDbEntity
  8
crystal
  6
ByLayer
 62
  256
370
   -1
100
AcDbCircle
 10
27.93999999999856
 20
20.32000000000031
 40
0.1
  0
MTEXT
  5
2FD
100
AcDbEntity
  8
crystal
  6
ByLayer
 62
  256
370
   -1
100
AcDbMText
 10
27.93999999999847
 20
24.02000000000007
 30
0
 40
1
 41
1.222222222222222
 71
    4
 72
    1
  1
Y1
  7
unicode
210
0
220
0
230
1
 50
0
 73
    2
 44
1.54
  0
LINE
  5
2FE
100
AcDbEntity
  8
0_wire
  6
ByLayer
 62
  256
370
   -1
100
AcDbLine
 10
25.39999999999868
 20
20.3200000000003
 11
27.93999999999856
 21
20.32000000000031
  0
LINE
  5
2FF
100
AcDbEntity
  8
condenser
  6
ByLayer
 62
  256
370
   -1
100
AcDbLine
 10
23.65999999999803
 20
22.12000000000088
 11
22.05999999999965
 21
22.12000000000088
  0
LINE
  5
300
100
AcDbEntity
  8
condenser
  6
ByLayer
 62
  256
370
   -1
100
AcDbLine
 10
22.05999999999965
 20
22.12000000000088
 11
22.05999999999965
 21
18.51999999999994
  0
LINE
  5
301
100
AcDbEntity
  8
condenser
  6
ByLayer
 62
  256
370
   -1
100
AcDbLine
 10
22.05999999999965
 20
18.51999999999994
 11
23.65999999999803
 21
18.51999999999994
  0
LINE
  5
302
100
AcDbEntity
  8
condenser
  6
ByLayer
 62
  256
370
   -1
100
AcDbLine
 10
23.65999999999803
 20
18.51999999999994
 11
23.65999999999803
 21
22.12000000000088
  0
LINE
  5
303
100
AcDbEntity
  8
condenser
  6
ByLayer
 62
  256
370
   -1
100
AcDbLine
 10
22.85999999999886
 20
18.51999999999994
 11
22.85999999999886
 21
17.78000000000055
  0
LINE
  5
304
100
AcDbEntity
  8
condenser
  6
ByLayer
 62
  256
370
   -1
100
AcDbLine
 10
22.85999999999881
 20
22.8600000000003
 11
22.85999999999881
 21
22.12000000000088
  0
MTEXT
  5
305
100
AcDbEntity
  8
condenser
  6
ByLayer
 62
  256
370
   -1
100
AcDbMText
 10
22.22748825083706
 20
21.34517157205418
 30
0
 40
1
 41
1.222222222222346
 71
    4
 72
    1
  1
C2
  7
iso
210
0
220
0
230
1
 50
0
 73
    2
 44
1.54
  0
LINE
  5
306
100
AcDbEntity
  8
3.3V line
  6
ByLayer
 62
  256
370
   -1
100
AcDbLine
 10
30.47999999999841
 20
25.40000000000037
 11
30.47999999999843
 21
20.32000000000033
  0
LINE
  5
307
100
AcDbEntity
  8
3.3V line
  6
ByLayer
 62
  256
370
   -1
100
AcDbLine
 10
30.47999999999843
 20
20.32000000000033
 11
35.55999999999816
 21
20.32000000000035
  0
LINE
  5
308
100
AcDbEntity
  8
3.3V line
  6
ByLayer
 62
  256
370
   -1
100
AcDbLine
 10
35.55999999999816
 20
20.32000000000035
 11
35.55999999999818
 21
17.78000000000035
  0
LINE
  5
309
100
AcDbEntity
  8
0_GND
  6
ByLayer
 62
  256
370
   -1
100
AcDbLine
 10
25.39999999999872
 20
7.620000000000203
 11
25.39999999999871
 21
10.16000000000022
  0
LINE
  5
30A
100
AcDbEntity
  8
0_wire
  6
ByLayer
 62
  256
370
   -1
100
AcDbLine
 10
27.93999999999856
 20
17.78000000000031
 11
27.93999999999858
 21
12.70000000000025
  0
LINE
  5
30B
100
AcDbEntity
  8
0_wire
  6
ByLayer
 62
  256
370
   -1
100
AcDbLine
 10
27.93999999999856
 20
20.32000000000031
 11
27.93999999999856
 21
17.78000000000031
  0
LINE
  5
30C
100
AcDbEntity
  8
0_GND
  6
ByLayer
 62
  256
370
   -1
100
AcDbLine
 10
22.85999999999883
 20
17.78000000000028
 11
22.85999999999883
 21
15.24000000000024
  0
LINE
  5
30D
100
AcDbEntity
  8
0_GND
  6
ByLayer
 62
  256
370
   -1
100
AcDbLine
 10
22.85999999999883
 20
15.24000000000024
 11
25.39999999999871
 21
15.24000000000026
  0
LINE
  5
30E
100
AcDbEntity
  8
0_GND
  6
ByLayer
 62
  256
370
   -1
100
AcDbLine
 10
25.39999999999871
 20
15.24000000000026
 11
25.39999999999871
 21
10.16000000000022
  0
LINE
  5
30F
100
AcDbEntity
  8
condenser
  6
ByLayer
 62
  256
370
   -1
100
AcDbLine
 10
28.47000000000117
 20
11.90000000000106
 11
28.47000000000117
 21
13.49999999999943
  0
LINE
  5
310
100
AcDbEntity
  8
condenser
  6
ByLayer
 62
  256
370
   -1
100
AcDbLine
 10
28.47000000000117
 20
13.49999999999943
 11
24.87000000000022
 21
13.49999999999943
  0
LINE
  5
311
100
AcDbEntity
  8
condenser
  6
ByLayer
 62
  256
370
   -1
100
AcDbLine
 10
24.87000000000022
 20
13.49999999999943
 11
24.87000000000022
 21
11.90000000000106
  0
LINE
  5
312
100
AcDbEntity
  8
condenser
  6
ByLayer
 62
  256
370
   -1
100
AcDbLine
 10
24.87000000000022
 20
11.90000000000106
 11
28.47000000000117
 21
11.90000000000106
  0
LINE
  5
313
100
AcDbEntity
  8
condenser
  6
ByLayer
 62
  256
370
   -1
100
AcDbLine
 10
28.47000000000117
 20
12.70000000000024
 11
27.93999999999856
 21
12.70000000000024
  0
LINE
  5
314
100
AcDbEntity
  8
condenser
  6
ByLayer
 62
  256
370
   -1
100
AcDbLine
 10
25.39999999999856
 20
12.70000000000022
 11
24.87000000000022
 21
12.70000000000022
  0
MTEXT
  5
315
100
AcDbEntity
  8
condenser
  6
ByLayer
 62
  256
370
   -1
100
AcDbMText
 10
26.38417851599035
 20
12.83546008539812
 30
0
 40
1
 41
1.000000000000124
 71
    4
 72
    1
  1
C1
  7
iso
210
0
220
0
230
1
 50
0
 73
    2
 44
1.54
  0
LINE
  5
316
100
AcDbEntity
  8
resister
  6
ByLayer
 62
  256
370
   -1
100
AcDbLine
 10
36.65999999999703
 20
11.16999999999899
 11
36.65999999999703
 21
16.76999999999904
  0
LINE
  5
317
100
AcDbEntity
  8
resister
  6
ByLayer
 62
  256
370
   -1
100
AcDbLine
 10
34.45999999999739
 20
16.76999999999904
 11
34.45999999999739
 21
11.16999999999899
  0
LINE
  5
318
100
AcDbEntity
  8
resister
  6
ByLayer
 62
  256
370
   -1
100
AcDbLine
 10
34.45999999999739
 20
11.16999999999899
 11
36.65999999999703
 21
11.16999999999899
  0
LINE
  5
319
100
AcDbEntity
  8
resister
  6
ByLayer
 62
  256
370
   -1
100
AcDbLine
 10
36.65999999999706
 20
16.76999999999904
 11
34.45999999999739
 21
16.76999999999904
  0
LINE
  5
31A
100
AcDbEntity
  8
resister
  6
ByLayer
 62
  256
370
   -1
100
AcDbLine
 10
35.55999999999823
 20
12.70000000000024
 11
35.55999999999823
 21
11.16999999999899
  0
LINE
  5
31B
100
AcDbEntity
  8
resister
  6
ByLayer
 62
  256
370
   -1
100
AcDbLine
 10
35.5599999999982
 20
15.24000000000026
 11
35.5599999999982
 21
16.76999999999904
  0
LINE
  5
31C
100
AcDbEntity
  8
3.3V line
  6
ByLayer
 62
  256
370
   -1
100
AcDbLine
 10
35.55999999999822
 20
17.78000000000029
 11
35.55999999999819
 21
15.24000000000031
  0
LINE
  5
31D
100
AcDbEntity
  8
0_wire
  6
ByLayer
 62
  256
370
   -1
100
AcDbLine
 10
35.55999999999819
 20
10.16000000000027
 11
35.55999999999825
 21
12.70000000000022
  0
LINE
  5
31E
100
AcDbEntity
  8
3.3V line
  6
ByLayer
 62
  256
370
   -1
100
AcDbLine
 10
35.55999999999822
 20
15.24000000000026
 11
33.01999999999831
 21
15.2400000000003
  0
LINE
  5
31F
100
AcDbEntity
  8
3.3V line
  6
ByLayer
 62
  256
370
   -1
100
AcDbLine
 10
33.01999999999831
 20
15.2400000000003
 11
33.01999999999834
 21
7.620000000000253
  0
LINE
  5
320
100
AcDbEntity
  8
3.3V line
  6
ByLayer
 62
  256
370
   -1
100
AcDbLine
 10
35.55999999999828
 20
7.620000000000154
 11
33.01999999999834
 21
7.620000000000192
  0
LINE
  5
321
100
AcDbEntity
  8
0_GND
  6
ByLayer
 62
  256
370
   -1
100
AcDbLine
 10
25.39999999999871
 20
10.16000000000022
 11
30.47999999999846
 21
10.16000000000024
  0
LINE
  5
322
100
AcDbEntity
  8
0_GND
  6
ByLayer
 62
  256
370
   -1
100
AcDbLine
 10
30.47999999999846
 20
10.16000000000024
 11
30.47999999999843
 21
17.78000000000032
  0
LINE
  5
323
100
AcDbEntity
  8
3.3V line
  6
ByLayer
 62
  256
370
   -1
100
AcDbLine
 10
22.85999999999877
 20
30.48000000000039
 11
25.39999999999865
 21
30.48000000000041
  0
LINE
  5
324
100
AcDbEntity
  8
3.3V line
  6
ByLayer
 62
  256
370
   -1
100
AcDbLine
 10
25.39999999999865
 20
30.48000000000041
 11
25.39999999999868
 21
25.40000000000034
  0
LINE
  5
325
100
AcDbEntity
  8
3.3V line
  6
ByLayer
 62
  256
370
   -1
100
AcDbLine
 10
35.55999999999828
 20
5.080000000000119
 11
33.01999999999834
 21
5.080000000000219
  0
LINE
  5
326
100
AcDbEntity
  8
3.3V line
  6
ByLayer
 62
  256
370
   -1
100
AcDbLine
 10
33.01999999999834
 20
5.080000000000219
 11
27.93999999999861
 21
5.080000000000204
  0
LWPOLYLINE
  5
327
100
AcDbEntity
  8
resister
  6
ByLayer
 62
  256
370
   -1
100
AcDbPolyline
 90
    4
 70
    0
 43
0
 10
27.93999999999861
 20
5.080000000000204
 10
27.46410624296344
 20
6.121032476437599
 10
23.79954074720145
 20
6.121032476437599
 10
22.85999999999886
 20
5.080000000000169
  0
LINE
  5
328
100
AcDbEntity
  8
5V line
  6
ByLayer
 62
  256
370
   -1
100
AcDbLine
 10
35.55999999999812
 20
38.10000000000057
 11
33.01999999999826
 21
38.10000000000057
  0
LINE
  5
329
100
AcDbEntity
  8
0_GND
  6
ByLayer
 62
  256
370
   -1
100
AcDbLine
 10
33.01999999999818
 20
50.80000000000073
 11
35.55999999999805
 21
50.80000000000074
  0
LINE
  5
32A
100
AcDbEntity
  8
0_GND
  6
ByLayer
 62
  256
370
   -1
100
AcDbLine
 10
35.55999999999805
 20
50.80000000000074
 11
35.55999999999811
 21
40.6400000000006
  0
LINE
  5
32B
100
AcDbEntity
  8
condenser
  6
ByLayer
 62
  256
370
   -1
100
AcDbLine
 10
33.91999999999834
 20
5.55999999999861
 11
32.11999999999755
 21
5.55999999999861
  0
LINE
  5
32C
100
AcDbEntity
  8
condenser
  6
ByLayer
 62
  256
370
   -1
100
AcDbLine
 10
32.11999999999755
 20
5.55999999999861
 11
32.11999999999755
 21
2.059999999998205
  0
LINE
  5
32D
100
AcDbEntity
  8
condenser
  6
ByLayer
 62
  256
370
   -1
100
AcDbLine
 10
32.11999999999755
 20
2.059999999998205
 11
33.91999999999834
 21
2.059999999998205
  0
LINE
  5
32E
100
AcDbEntity
  8
condenser
  6
ByLayer
 62
  256
370
   -1
100
AcDbLine
 10
33.91999999999834
 20
2.059999999998205
 11
33.91999999999834
 21
5.55999999999861
  0
LINE
  5
32F
100
AcDbEntity
  8
condenser
  6
ByLayer
 62
  256
370
   -1
100
AcDbLine
 10
33.01999999999824
 20
2.059999999998205
 11
33.01999999999824
 21
2.540000000000184
  0
LINE
  5
330
100
AcDbEntity
  8
condenser
  6
ByLayer
 62
  256
370
   -1
100
AcDbLine
 10
33.01999999999824
 20
5.55999999999861
 11
33.01999999999824
 21
5.080000000000219
  0
LINE
  5
331
100
AcDbEntity
  8
0_wire
  6
ByLayer
 62
  256
370
   -1
100
AcDbLine
 10
27.93999999999847
 20
43.1800000000006
 11
27.93999999999848
 21
40.64000000000056
  0
LINE
  5
332
100
AcDbEntity
  8
0_wire
  6
ByLayer
 62
  256
370
   -1
100
AcDbLine
 10
30.47999999999833
 20
45.72000000000065
 11
30.47999999999835
 21
40.64000000000058
  0
LINE
  5
333
100
AcDbEntity
  8
5V line
  6
ByLayer
 62
  256
370
   -1
100
AcDbLine
 10
33.01999999999826
 20
38.10000000000056
 11
25.39999999999863
 21
38.10000000000051
  0
LWPOLYLINE
  5
334
100
AcDbEntity
  8
resister
  6
ByLayer
 62
  256
370
   -1
100
AcDbPolyline
 90
    4
 70
    0
 43
0
 10
27.93999999999848
 20
40.64000000000056
 10
28.44008853022361
 20
40.05909512581332
 10
28.56468913714683
 20
31.15015173080351
 10
27.93999999999853
 20
30.48000000000042
  0
LWPOLYLINE
  5
335
100
AcDbEntity
  8
resister
  6
ByLayer
 62
  256
370
   -1
100
AcDbPolyline
 90
    4
 70
    0
 43
0
 10
30.47999999999836
 20
40.64000000000058
 10
31.0255511238803
 20
40.05909512581332
 10
30.9944009721495
 20
31.18130188253432
 10
30.47999999999839
 20
30.48000000000044
  0
LINE
  5
336
100
AcDbEntity
  8
condenser
  6
ByLayer
 62
  256
370
   -1
100
AcDbLine
 10
31.86999999999696
 20
20.89999999999836
 11
31.86999999999696
 21
17.19999999999858
  0
LINE
  5
337
100
AcDbEntity
  8
condenser
  6
ByLayer
 62
  256
370
   -1
100
AcDbLine
 10
31.86999999999696
 20
17.19999999999858
 11
34.16999999999956
 21
17.19999999999858
  0
LINE
  5
338
100
AcDbEntity
  8
condenser
  6
ByLayer
 62
  256
370
   -1
100
AcDbLine
 10
34.16999999999956
 20
17.19999999999858
 11
34.16999999999956
 21
20.89999999999836
  0
LINE
  5
339
100
AcDbEntity
  8
condenser
  6
ByLayer
 62
  256
370
   -1
100
AcDbLine
 10
34.16999999999956
 20
20.89999999999836
 11
31.86999999999696
 21
20.89999999999836
  0
LINE
  5
33A
100
AcDbEntity
  8
condenser
  6
ByLayer
 62
  256
370
   -1
100
AcDbLine
 10
33.01999999999826
 20
20.32000000000014
 11
33.01999999999826
 21
20.89999999999836
  0
LINE
  5
33B
100
AcDbEntity
  8
condenser
  6
ByLayer
 62
  256
370
   -1
100
AcDbLine
 10
33.01999999999826
 20
17.78000000000032
 11
33.01999999999826
 21
17.19999999999858
  0
LWPOLYLINE
  5
33C
100
AcDbEntity
  8
resister
  6
ByLayer
 62
  256
370
   -1
100
AcDbPolyline
 90
    4
 70
    0
 43
0
 10
33.01999999999826
 20
38.10000000000056
 10
33.56182241806016
 20
37.31635098324561
 10
33.42446161689484
 20
24.03814020393122
 10
33.0199999999983
 20
22.86000000000036
  0
LINE
  5
33D
100
AcDbEntity
  8
resister
  6
ByLayer
 62
  256
370
   -1
100
AcDbLine
 10
8.62999999999818
 20
26.84000000000156
 11
14.22999999999823
 21
26.84000000000153
  0
LINE
  5
33E
100
AcDbEntity
  8
resister
  6
ByLayer
 62
  256
370
   -1
100
AcDbLine
 10
14.22999999999823
 20
29.04000000000118
 11
8.62999999999818
 21
29.04000000000118
  0
LINE
  5
33F
100
AcDbEntity
  8
resister
  6
ByLayer
 62
  256
370
   -1
100
AcDbLine
 10
8.62999999999818
 20
29.04000000000118
 11
8.62999999999818
 21
26.84000000000153
  0
LINE
  5
340
100
AcDbEntity
  8
resister
  6
ByLayer
 62
  256
370
   -1
100
AcDbLine
 10
14.22999999999823
 20
26.84000000000153
 11
14.22999999999823
 21
29.04000000000118
  0
LINE
  5
341
100
AcDbEntity
  8
resister
  6
ByLayer
 62
  256
370
   -1
100
AcDbLine
 10
10.15999999999942
 20
27.94000000000041
 11
8.62999999999818
 21
27.94000000000036
  0
LINE
  5
342
100
AcDbEntity
  8
resister
  6
ByLayer
 62
  256
370
   -1
100
AcDbLine
 10
12.69999999999932
 20
27.94000000000036
 11
14.22999999999823
 21
27.94000000000036
  0
LINE
  5
343
100
AcDbEntity
  8
0_wire
  6
ByLayer
 62
  256
370
   -1
100
AcDbLine
 10
17.77999999999906
 20
27.94000000000033
 11
12.69999999999931
 21
27.9400000000003
  0
LWPOLYLINE
  5
344
100
AcDbEntity
  8
5V line
  6
DOTTINY
 62
  256
370
   -1
100
AcDbPolyline
 90
    7
 70
    0
 43
0
 10
25.35908932283342
 20
43.81172275467171
 10
24.5798994274391
 20
43.38671008445662
 10
24.7215703175108
 20
40.48245683798687
 10
25.18200071024381
 20
39.98660872273594
 10
26.13827921822775
 20
40.48245683798687
 10
25.99660832815605
 20
43.56379869704624
 10
25.50076021290512
 20
43.84714047718963
  0
LWPOLYLINE
  5
345
100
AcDbEntity
  8
5V line
  6
DOTTINY
 62
  256
370
   -1
100
AcDbPolyline
 90
    7
 70
    0
 43
0
 10
9.456531912285648
 20
45.72427977063959
 10
9.987797750054504
 20
46.39721649848015
 10
17.92136759406943
 20
46.43263422099807
 10
18.55888659939206
 20
45.65344432560374
 10
17.88594987155151
 20
45.05134304279904
 10
10.58989903285921
 20
45.12217848783489
 10
9.421114189767724
 20
45.61802660308582
  0
LWPOLYLINE
  5
346
100
AcDbEntity
  8
5V line
  6
DOTTINY
 62
  256
370
   -1
100
AcDbPolyline
 90
    7
 70
    0
 43
0
 10
9.432108346685405
 20
22.89346686088691
 10
10.11891235251201
 20
23.53448393299174
 10
15.24704892935068
 20
23.53448393299174
 10
15.93385293517729
 20
22.80189299344336
 10
15.24704892935068
 20
22.16087592133853
 10
10.21048621995556
 20
22.2066628550603
 10
9.294747545520083
 20
22.89346686088691
  0
LWPOLYLINE
  5
347
100
AcDbEntity
  8
0_GND
  6
DOTTINY
 62
  256
370
   -1
100
AcDbPolyline
 90
    7
 70
    0
 43
0
 10
19.59210834668479
 20
45.75346686088757
 10
20.2789123525114
 20
46.39448393299241
 10
25.40704892935006
 20
46.39448393299241
 10
26.09385293517667
 20
45.66189299344403
 10
25.40704892935006
 20
45.0208759213392
 10
20.37048621995495
 20
45.06666285506097
 10
19.45474754551947
 20
45.75346686088757
  0
LWPOLYLINE
  5
348
100
AcDbEntity
  8
0_GND
  6
DOTTINY
 62
  256
370
   -1
100
AcDbPolyline
 90
    7
 70
    0
 43
0
 10
9.456531912285698
 20
38.10427977063949
 10
9.987797750054554
 20
38.77721649848004
 10
17.92136759406948
 20
38.81263422099796
 10
18.55888659939211
 20
38.03344432560364
 10
17.88594987155156
 20
37.43134304279894
 10
10.58989903285926
 20
37.50217848783478
 10
9.421114189767774
 20
37.99802660308572
  0
LWPOLYLINE
  5
349
100
AcDbEntity
  8
0_GND
  6
DOTTINY
 62
  256
370
   -1
100
AcDbPolyline
 90
    7
 70
    0
 43
0
 10
9.432108346685403
 20
15.27346686088715
 10
10.11891235251201
 20
15.91448393299199
 10
15.24704892935068
 20
15.91448393299199
 10
15.93385293517728
 20
15.18189299344361
 10
15.24704892935068
 20
14.54087592133878
 10
10.21048621995556
 20
14.58666285506055
 10
9.294747545520082
 20
15.27346686088715
  0
LINE
  5
34A
100
AcDbEntity
  8
condenser
  6
ByLayer
 62
  256
370
   -1
100
AcDbLine
 10
34.40999999999677
 20
41.21999999999861
 11
34.40999999999677
 21
37.51999999999882
  0
LINE
  5
34B
100
AcDbEntity
  8
condenser
  6
ByLayer
 62
  256
370
   -1
100
AcDbLine
 10
34.40999999999677
 20
37.51999999999882
 11
36.70999999999937
 21
37.51999999999882
  0
LINE
  5
34C
100
AcDbEntity
  8
condenser
  6
ByLayer
 62
  256
370
   -1
100
AcDbLine
 10
36.70999999999937
 20
37.51999999999882
 11
36.70999999999937
 21
41.21999999999861
  0
LINE
  5
34D
100
AcDbEntity
  8
condenser
  6
ByLayer
 62
  256
370
   -1
100
AcDbLine
 10
36.70999999999937
 20
41.21999999999861
 11
34.40999999999677
 21
41.21999999999861
  0
LINE
  5
34E
100
AcDbEntity
  8
condenser
  6
ByLayer
 62
  256
370
   -1
100
AcDbLine
 10
35.55999999999807
 20
40.64000000000038
 11
35.55999999999807
 21
41.21999999999861
  0
LINE
  5
34F
100
AcDbEntity
  8
condenser
  6
ByLayer
 62
  256
370
   -1
100
AcDbLine
 10
35.55999999999807
 20
38.10000000000056
 11
35.55999999999807
 21
37.51999999999882
  0
LINE
  5
350
100
AcDbEntity
  8
condenser
  6
ByLayer
 62
  256
370
   -1
100
AcDbLine
 10
18.67999999999895
 20
51.27999999999903
 11
16.87999999999816
 21
51.27999999999903
  0
LINE
  5
351
100
AcDbEntity
  8
condenser
  6
ByLayer
 62
  256
370
   -1
100
AcDbLine
 10
16.87999999999816
 20
51.27999999999903
 11
16.87999999999816
 21
47.77999999999863
  0
LINE
  5
352
100
AcDbEntity
  8
condenser
  6
ByLayer
 62
  256
370
   -1
100
AcDbLine
 10
16.87999999999816
 20
47.77999999999863
 11
18.67999999999895
 21
47.77999999999863
  0
LINE
  5
353
100
AcDbEntity
  8
condenser
  6
ByLayer
 62
  256
370
   -1
100
AcDbLine
 10
18.67999999999895
 20
47.77999999999863
 11
18.67999999999895
 21
51.27999999999903
  0
LINE
  5
354
100
AcDbEntity
  8
condenser
  6
ByLayer
 62
  256
370
   -1
100
AcDbLine
 10
17.77999999999885
 20
47.77999999999863
 11
17.77999999999885
 21
48.26000000000061
  0
LINE
  5
355
100
AcDbEntity
  8
condenser
  6
ByLayer
 62
  256
370
   -1
100
AcDbLine
 10
17.77999999999885
 20
51.27999999999903
 11
17.77999999999885
 21
50.80000000000064
  0
LINE
  5
356
100
AcDbEntity
  8
5V line
  6
ByLayer
 62
  256
370
   -1
100
AcDbLine
 10
17.77999999999896
 20
48.26000000000061
 11
17.77999999999897
 21
45.72000000000057
  0
MTEXT
  5
357
100
AcDbEntity
  8
condenser
  6
ByLayer
 62
  256
370
   -1
100
AcDbMText
 10
17.22911301833759
 20
49.19719381408115
 30
0
 40
1
 41
1.271111111111111
 71
    4
 72
    1
  1
C5
  7
kst32b
210
0
220
0
230
1
 50
0
 73
    2
 44
1.54
  0
MTEXT
  5
358
100
AcDbEntity
  8
condenser
  6
ByLayer
 62
  256
370
   -1
100
AcDbMText
 10
32.64109302302238
 20
4.066964804577703
 30
0
 40
1
 41
1.271111111111111
 71
    4
 72
    1
  1
C3
  7
kst32b
210
0
220
0
230
1
 50
0
 73
    2
 44
1.54
  0
MTEXT
  5
359
100
AcDbEntity
  8
condenser
  6
ByLayer
 62
  256
370
   -1
100
AcDbMText
 10
32.49636875778959
 20
19.00060905510102
 30
0
 40
1
 41
1.306666666666667
 71
    4
 72
    1
  1
C4
  7
kst32b
210
0
220
0
230
1
 50
0
 73
    2
 44
1.54
  0
MTEXT
  5
35A
100
AcDbEntity
  8
condenser
  6
ByLayer
 62
  256
370
   -1
100
AcDbMText
 10
34.80485397009159
 20
39.5402082517367
 30
0
 40
1
 41
1.271111111111111
 71
    4
 72
    1
  1
C6
  7
kst32b
210
0
220
0
230
1
 50
0
 73
    2
 44
1.54
  0
MTEXT
  5
35B
100
AcDbEntity
  8
resister
  6
ByLayer
 62
  256
370
   -1
100
AcDbMText
 10
10.95050677630432
 20
28.37939833318561
 30
0
 40
1
 41
1.333333333333333
 71
    4
 72
    1
  1
R2
  7
iso
210
0
220
0
230
1
 50
0
 73
    2
 44
1.54
  0
MTEXT
  5
35C
100
AcDbEntity
  8
resister
  6
ByLayer
 62
  256
370
   -1
100
AcDbMText
 10
34.92195176632472
 20
13.99079414745302
 30
0
 40
1
 41
1.111111111111111
 71
    4
 72
    1
  1
R1
  7
iso
210
0
220
0
230
1
 50
0
 73
    2
 44
1.54
  0
MTEXT
  5
35D
100
AcDbEntity
  8
socket_header
  6
ByLayer
 62
  256
370
   -1
100
AcDbMText
 10
37.70525846759922
 20
37.05414725387301
 30
0
 40
1
 41
1.271111111111111
 71
    4
 72
    1
  1
S2
  7
kst32b
210
0
220
0
230
1
 50
0
 73
    2
 44
1.54
  0
MTEXT
  5
35E
100
AcDbEntity
  8
socket_header
  6
ByLayer
 62
  256
370
   -1
100
AcDbMText
 10
38.00121811020204
 20
11.54242606150996
 30
0
 40
1
 41
1.235555555555556
 71
    4
 72
    1
  1
S3
  7
kst32b
210
0
220
0
230
1
 50
0
 73
    2
 44
1.54
  0
MTEXT
  5
35F
100
AcDbEntity
  8
0
  6
ByLayer
 62
  256
370
   -1
100
AcDbMText
 10
-22.44405698597541
 20
39.25949514879759
 30
0
 40
1
 41
18.55666666666666
 71
    4
 72
    1
  3
B1: 基板 14x20P\PC1,2: 16pF\PC3,5: 0.22uF\PC4,6: 1.5uF\PJ1: USB B 受けコネクタ\PJ2,3: USB A 2段受けコネクタ\PR1: 100kΩ\PR2: 680Ω\PS1: ピンソケット 13P\PS2: ピンソケット 8P\PS3: ピンソケット 4P\PU1: GL852G DIP 基板
  1
\PY1: 12MHz\P
  7
kst32b
210
0
220
0
230
1
 50
0
 73
    2
 44
1
  0
LINE
  5
360
100
AcDbEntity
  8
micon
  6
CONTINUOUS
 62
  256
370
   15
100
AcDbLine
 10
37.0669
 20
37.45
 11
37.0669
 21
0.65
  0
LEADER
  5
361
100
AcDbEntity
  8
0
  6
ByLayer
 62
  256
370
   -1
100
AcDbLeader
  3
Standard
 71
    1
 72
    0
 73
    3
 74
    0
 75
    0
 40
1
 41
10
 76
2
 76
2
 10
37.01447772921809
 20
20.66771822573781
 30
0
 10
40.3983610659258
 20
24.88455746071202
 30
0
  0
MTEXT
  5
362
100
AcDbEntity
  8
0
  6
ByLayer
 62
  256
370
   -1
100
AcDbMText
 10
41.3560338878922
 20
23.2079170329982
 30
0
 40
1
 41
6.326666666666665
 71
    4
 72
    1
  1
ピンを抜く
  7
kst32b
210
0
220
0
230
1
 50
90
 73
    2
 44
1.54
  0
CIRCLE
  5
363
100
AcDbEntity
  8
universal_board
  6
ByLayer
 62
  256
370
   -1
100
AcDbCircle
 10
78.73999999999604
 20
2.540000000000412
 40
0.5
  0
CIRCLE
  5
364
100
AcDbEntity
  8
universal_board
  6
ByLayer
 62
  256
370
   -1
100
AcDbCircle
 10
78.73999999999602
 20
5.080000000000448
 40
0.5
  0
CIRCLE
  5
365
100
AcDbEntity
  8
universal_board
  6
ByLayer
 62
  256
370
   -1
100
AcDbCircle
 10
78.73999999999603
 20
7.620000000000454
 40
0.5
  0
CIRCLE
  5
366
100
AcDbEntity
  8
universal_board
  6
ByLayer
 62
  256
370
   -1
100
AcDbCircle
 10
78.73999999999602
 20
10.16000000000049
 40
0.5
  0
CIRCLE
  5
367
100
AcDbEntity
  8
universal_board
  6
ByLayer
 62
  256
370
   -1
100
AcDbCircle
 10
78.73999999999599
 20
12.70000000000051
 40
0.5
  0
CIRCLE
  5
368
100
AcDbEntity
  8
universal_board
  6
ByLayer
 62
  256
370
   -1
100
AcDbCircle
 10
78.73999999999599
 20
15.24000000000053
 40
0.5
  0
CIRCLE
  5
369
100
AcDbEntity
  8
universal_board
  6
ByLayer
 62
  256
370
   -1
100
AcDbCircle
 10
78.73999999999597
 20
17.78000000000055
 40
0.5
  0
CIRCLE
  5
36A
100
AcDbEntity
  8
universal_board
  6
ByLayer
 62
  256
370
   -1
100
AcDbCircle
 10
78.73999999999597
 20
20.32000000000055
 40
0.5
  0
CIRCLE
  5
36B
100
AcDbEntity
  8
universal_board
  6
ByLayer
 62
  256
370
   -1
100
AcDbCircle
 10
78.73999999999594
 20
22.86000000000057
 40
0.5
  0
CIRCLE
  5
36C
100
AcDbEntity
  8
universal_board
  6
ByLayer
 62
  256
370
   -1
100
AcDbCircle
 10
78.73999999999594
 20
25.4000000000006
 40
0.5
  0
CIRCLE
  5
36D
100
AcDbEntity
  8
universal_board
  6
ByLayer
 62
  256
370
   -1
100
AcDbCircle
 10
78.73999999999596
 20
27.94000000000064
 40
0.5
  0
CIRCLE
  5
36E
100
AcDbEntity
  8
universal_board
  6
ByLayer
 62
  256
370
   -1
100
AcDbCircle
 10
76.19999999999618
 20
2.540000000000434
 40
0.5
  0
CIRCLE
  5
36F
100
AcDbEntity
  8
universal_board
  6
ByLayer
 62
  256
370
   -1
100
AcDbCircle
 10
76.19999999999615
 20
5.080000000000441
 40
0.5
  0
CIRCLE
  5
370
100
AcDbEntity
  8
universal_board
  6
ByLayer
 62
  256
370
   -1
100
AcDbCircle
 10
76.19999999999615
 20
7.620000000000461
 40
0.5
  0
CIRCLE
  5
371
100
AcDbEntity
  8
universal_board
  6
ByLayer
 62
  256
370
   -1
100
AcDbCircle
 10
76.19999999999614
 20
10.16000000000048
 40
0.5
  0
CIRCLE
  5
372
100
AcDbEntity
  8
universal_board
  6
ByLayer
 62
  256
370
   -1
100
AcDbCircle
 10
76.19999999999611
 20
12.7000000000005
 40
0.5
  0
CIRCLE
  5
373
100
AcDbEntity
  8
universal_board
  6
ByLayer
 62
  256
370
   -1
100
AcDbCircle
 10
76.19999999999611
 20
15.2400000000005
 40
0.5
  0
CIRCLE
  5
374
100
AcDbEntity
  8
universal_board
  6
ByLayer
 62
  256
370
   -1
100
AcDbCircle
 10
76.19999999999609
 20
17.78000000000054
 40
0.5
  0
CIRCLE
  5
375
100
AcDbEntity
  8
universal_board
  6
ByLayer
 62
  256
370
   -1
100
AcDbCircle
 10
76.19999999999611
 20
20.32000000000055
 40
0.5
  0
CIRCLE
  5
376
100
AcDbEntity
  8
universal_board
  6
ByLayer
 62
  256
370
   -1
100
AcDbCircle
 10
76.19999999999608
 20
22.86000000000057
 40
0.5
  0
CIRCLE
  5
377
100
AcDbEntity
  8
universal_board
  6
ByLayer
 62
  256
370
   -1
100
AcDbCircle
 10
76.19999999999607
 20
25.4000000000006
 40
0.5
  0
CIRCLE
  5
378
100
AcDbEntity
  8
universal_board
  6
ByLayer
 62
  256
370
   -1
100
AcDbCircle
 10
76.19999999999607
 20
27.94000000000063
 40
0.5
  0
CIRCLE
  5
379
100
AcDbEntity
  8
universal_board
  6
ByLayer
 62
  256
370
   -1
100
AcDbCircle
 10
73.65999999999629
 20
2.54000000000042
 40
0.5
  0
CIRCLE
  5
37A
100
AcDbEntity
  8
universal_board
  6
ByLayer
 62
  256
370
   -1
100
AcDbCircle
 10
73.65999999999626
 20
5.080000000000455
 40
0.5
  0
CIRCLE
  5
37B
100
AcDbEntity
  8
universal_board
  6
ByLayer
 62
  256
370
   -1
100
AcDbCircle
 10
73.65999999999627
 20
7.620000000000461
 40
0.5
  0
CIRCLE
  5
37C
100
AcDbEntity
  8
universal_board
  6
ByLayer
 62
  256
370
   -1
100
AcDbCircle
 10
73.65999999999626
 20
10.16000000000047
 40
0.5
  0
CIRCLE
  5
37D
100
AcDbEntity
  8
universal_board
  6
ByLayer
 62
  256
370
   -1
100
AcDbCircle
 10
73.65999999999623
 20
12.70000000000049
 40
0.5
  0
CIRCLE
  5
37E
100
AcDbEntity
  8
universal_board
  6
ByLayer
 62
  256
370
   -1
100
AcDbCircle
 10
73.65999999999624
 20
15.24000000000051
 40
0.5
  0
CIRCLE
  5
37F
100
AcDbEntity
  8
universal_board
  6
ByLayer
 62
  256
370
   -1
100
AcDbCircle
 10
73.65999999999622
 20
17.78000000000055
 40
0.5
  0
CIRCLE
  5
380
100
AcDbEntity
  8
universal_board
  6
ByLayer
 62
  256
370
   -1
100
AcDbCircle
 10
73.65999999999623
 20
20.32000000000056
 40
0.5
  0
CIRCLE
  5
381
100
AcDbEntity
  8
universal_board
  6
ByLayer
 62
  256
370
   -1
100
AcDbCircle
 10
73.6599999999962
 20
22.86000000000057
 40
0.5
  0
CIRCLE
  5
382
100
AcDbEntity
  8
universal_board
  6
ByLayer
 62
  256
370
   -1
100
AcDbCircle
 10
73.65999999999619
 20
25.4000000000006
 40
0.5
  0
CIRCLE
  5
383
100
AcDbEntity
  8
universal_board
  6
ByLayer
 62
  256
370
   -1
100
AcDbCircle
 10
73.65999999999619
 20
27.94000000000063
 40
0.5
  0
CIRCLE
  5
384
100
AcDbEntity
  8
universal_board
  6
ByLayer
 62
  256
370
   -1
100
AcDbCircle
 10
78.73999999999593
 20
30.48000000000068
 40
0.5
  0
CIRCLE
  5
385
100
AcDbEntity
  8
universal_board
  6
ByLayer
 62
  256
370
   -1
100
AcDbCircle
 10
76.19999999999604
 20
30.48000000000068
 40
0.5
  0
CIRCLE
  5
386
100
AcDbEntity
  8
universal_board
  6
ByLayer
 62
  256
370
   -1
100
AcDbCircle
 10
73.65999999999617
 20
30.48000000000066
 40
0.5
  0
CIRCLE
  5
387
100
AcDbEntity
  8
universal_board
  6
ByLayer
 62
  256
370
   -1
100
AcDbCircle
 10
78.7399999999959
 20
33.02000000000072
 40
0.5
  0
CIRCLE
  5
388
100
AcDbEntity
  8
universal_board
  6
ByLayer
 62
  256
370
   -1
100
AcDbCircle
 10
76.19999999999602
 20
33.02000000000071
 40
0.5
  0
CIRCLE
  5
389
100
AcDbEntity
  8
universal_board
  6
ByLayer
 62
  256
370
   -1
100
AcDbCircle
 10
73.65999999999615
 20
33.02000000000069
 40
0.5
  0
CIRCLE
  5
38A
100
AcDbEntity
  8
universal_board
  6
ByLayer
 62
  256
370
   -1
100
AcDbCircle
 10
78.73999999999592
 20
35.56000000000075
 40
0.5
  0
CIRCLE
  5
38B
100
AcDbEntity
  8
universal_board
  6
ByLayer
 62
  256
370
   -1
100
AcDbCircle
 10
76.19999999999604
 20
35.56000000000073
 40
0.5
  0
CIRCLE
  5
38C
100
AcDbEntity
  8
universal_board
  6
ByLayer
 62
  256
370
   -1
100
AcDbCircle
 10
73.65999999999616
 20
35.56000000000073
 40
0.5
  0
CIRCLE
  5
38D
100
AcDbEntity
  8
universal_board
  6
ByLayer
 62
  256
370
   -1
100
AcDbCircle
 10
78.73999999999589
 20
38.10000000000079
 40
0.5
  0
CIRCLE
  5
38E
100
AcDbEntity
  8
universal_board
  6
ByLayer
 62
  256
370
   -1
100
AcDbCircle
 10
76.19999999999602
 20
38.10000000000078
 40
0.5
  0
CIRCLE
  5
38F
100
AcDbEntity
  8
universal_board
  6
ByLayer
 62
  256
370
   -1
100
AcDbCircle
 10
73.65999999999613
 20
38.10000000000077
 40
0.5
  0
CIRCLE
  5
390
100
AcDbEntity
  8
universal_board
  6
ByLayer
 62
  256
370
   -1
100
AcDbCircle
 10
71.11999999999641
 20
2.540000000000434
 40
0.5
  0
CIRCLE
  5
391
100
AcDbEntity
  8
universal_board
  6
ByLayer
 62
  256
370
   -1
100
AcDbCircle
 10
71.11999999999638
 20
5.080000000000441
 40
0.5
  0
CIRCLE
  5
392
100
AcDbEntity
  8
universal_board
  6
ByLayer
 62
  256
370
   -1
100
AcDbCircle
 10
71.11999999999641
 20
7.620000000000475
 40
0.5
  0
CIRCLE
  5
393
100
AcDbEntity
  8
universal_board
  6
ByLayer
 62
  256
370
   -1
100
AcDbCircle
 10
71.11999999999639
 20
10.16000000000046
 40
0.5
  0
CIRCLE
  5
394
100
AcDbEntity
  8
universal_board
  6
ByLayer
 62
  256
370
   -1
100
AcDbCircle
 10
71.11999999999637
 20
12.70000000000048
 40
0.5
  0
CIRCLE
  5
395
100
AcDbEntity
  8
universal_board
  6
ByLayer
 62
  256
370
   -1
100
AcDbCircle
 10
71.11999999999637
 20
15.2400000000005
 40
0.5
  0
CIRCLE
  5
396
100
AcDbEntity
  8
universal_board
  6
ByLayer
 62
  256
370
   -1
100
AcDbCircle
 10
71.11999999999635
 20
17.78000000000054
 40
0.5
  0
CIRCLE
  5
397
100
AcDbEntity
  8
universal_board
  6
ByLayer
 62
  256
370
   -1
100
AcDbCircle
 10
71.11999999999635
 20
20.32000000000055
 40
0.5
  0
CIRCLE
  5
398
100
AcDbEntity
  8
universal_board
  6
ByLayer
 62
  256
370
   -1
100
AcDbCircle
 10
71.11999999999632
 20
22.86000000000056
 40
0.5
  0
CIRCLE
  5
399
100
AcDbEntity
  8
universal_board
  6
ByLayer
 62
  256
370
   -1
100
AcDbCircle
 10
71.11999999999631
 20
25.40000000000058
 40
0.5
  0
CIRCLE
  5
39A
100
AcDbEntity
  8
universal_board
  6
ByLayer
 62
  256
370
   -1
100
AcDbCircle
 10
71.11999999999631
 20
27.94000000000063
 40
0.5
  0
CIRCLE
  5
39B
100
AcDbEntity
  8
universal_board
  6
ByLayer
 62
  256
370
   -1
100
AcDbCircle
 10
71.11999999999631
 20
30.48000000000065
 40
0.5
  0
CIRCLE
  5
39C
100
AcDbEntity
  8
universal_board
  6
ByLayer
 62
  256
370
   -1
100
AcDbCircle
 10
71.11999999999628
 20
33.0200000000007
 40
0.5
  0
CIRCLE
  5
39D
100
AcDbEntity
  8
universal_board
  6
ByLayer
 62
  256
370
   -1
100
AcDbCircle
 10
71.11999999999628
 20
35.56000000000073
 40
0.5
  0
CIRCLE
  5
39E
100
AcDbEntity
  8
universal_board
  6
ByLayer
 62
  256
370
   -1
100
AcDbCircle
 10
71.11999999999627
 20
38.10000000000077
 40
0.5
  0
CIRCLE
  5
39F
100
AcDbEntity
  8
universal_board
  6
ByLayer
 62
  256
370
   -1
100
AcDbCircle
 10
68.57999999999656
 20
2.540000000000419
 40
0.5
  0
CIRCLE
  5
3A0
100
AcDbEntity
  8
universal_board
  6
ByLayer
 62
  256
370
   -1
100
AcDbCircle
 10
68.57999999999653
 20
5.080000000000441
 40
0.5
  0
CIRCLE
  5
3A1
100
AcDbEntity
  8
universal_board
  6
ByLayer
 62
  256
370
   -1
100
AcDbCircle
 10
68.57999999999653
 20
7.620000000000461
 40
0.5
  0
CIRCLE
  5
3A2
100
AcDbEntity
  8
universal_board
  6
ByLayer
 62
  256
370
   -1
100
AcDbCircle
 10
68.5799999999965
 20
10.16000000000045
 40
0.5
  0
CIRCLE
  5
3A3
100
AcDbEntity
  8
universal_board
  6
ByLayer
 62
  256
370
   -1
100
AcDbCircle
 10
68.57999999999647
 20
12.70000000000048
 40
0.5
  0
CIRCLE
  5
3A4
100
AcDbEntity
  8
universal_board
  6
ByLayer
 62
  256
370
   -1
100
AcDbCircle
 10
68.5799999999965
 20
15.2400000000005
 40
0.5
  0
CIRCLE
  5
3A5
100
AcDbEntity
  8
universal_board
  6
ByLayer
 62
  256
370
   -1
100
AcDbCircle
 10
68.57999999999649
 20
17.78000000000053
 40
0.5
  0
CIRCLE
  5
3A6
100
AcDbEntity
  8
universal_board
  6
ByLayer
 62
  256
370
   -1
100
AcDbCircle
 10
68.57999999999649
 20
20.32000000000055
 40
0.5
  0
CIRCLE
  5
3A7
100
AcDbEntity
  8
universal_board
  6
ByLayer
 62
  256
370
   -1
100
AcDbCircle
 10
68.57999999999646
 20
22.86000000000057
 40
0.5
  0
CIRCLE
  5
3A8
100
AcDbEntity
  8
universal_board
  6
ByLayer
 62
  256
370
   -1
100
AcDbCircle
 10
68.57999999999645
 20
25.40000000000059
 40
0.5
  0
CIRCLE
  5
3A9
100
AcDbEntity
  8
universal_board
  6
ByLayer
 62
  256
370
   -1
100
AcDbCircle
 10
68.57999999999645
 20
27.94000000000062
 40
0.5
  0
CIRCLE
  5
3AA
100
AcDbEntity
  8
universal_board
  6
ByLayer
 62
  256
370
   -1
100
AcDbCircle
 10
68.57999999999643
 20
30.48000000000066
 40
0.5
  0
CIRCLE
  5
3AB
100
AcDbEntity
  8
universal_board
  6
ByLayer
 62
  256
370
   -1
100
AcDbCircle
 10
68.5799999999964
 20
33.0200000000007
 40
0.5
  0
CIRCLE
  5
3AC
100
AcDbEntity
  8
universal_board
  6
ByLayer
 62
  256
370
   -1
100
AcDbCircle
 10
68.5799999999964
 20
35.56000000000073
 40
0.5
  0
CIRCLE
  5
3AD
100
AcDbEntity
  8
universal_board
  6
ByLayer
 62
  256
370
   -1
100
AcDbCircle
 10
68.57999999999637
 20
38.10000000000075
 40
0.5
  0
CIRCLE
  5
3AE
100
AcDbEntity
  8
universal_board
  6
ByLayer
 62
  256
370
   -1
100
AcDbCircle
 10
66.03999999999667
 20
2.540000000000412
 40
0.5
  0
CIRCLE
  5
3AF
100
AcDbEntity
  8
universal_board
  6
ByLayer
 62
  256
370
   -1
100
AcDbCircle
 10
66.03999999999664
 20
5.080000000000434
 40
0.5
  0
CIRCLE
  5
3B0
100
AcDbEntity
  8
universal_board
  6
ByLayer
 62
  256
370
   -1
100
AcDbCircle
 10
66.03999999999667
 20
7.620000000000454
 40
0.5
  0
CIRCLE
  5
3B1
100
AcDbEntity
  8
universal_board
  6
ByLayer
 62
  256
370
   -1
100
AcDbCircle
 10
66.03999999999665
 20
10.16000000000047
 40
0.5
  0
CIRCLE
  5
3B2
100
AcDbEntity
  8
universal_board
  6
ByLayer
 62
  256
370
   -1
100
AcDbCircle
 10
66.03999999999662
 20
12.70000000000048
 40
0.5
  0
CIRCLE
  5
3B3
100
AcDbEntity
  8
universal_board
  6
ByLayer
 62
  256
370
   -1
100
AcDbCircle
 10
66.03999999999662
 20
15.2400000000005
 40
0.5
  0
CIRCLE
  5
3B4
100
AcDbEntity
  8
universal_board
  6
ByLayer
 62
  256
370
   -1
100
AcDbCircle
 10
66.0399999999966
 20
17.78000000000053
 40
0.5
  0
CIRCLE
  5
3B5
100
AcDbEntity
  8
universal_board
  6
ByLayer
 62
  256
370
   -1
100
AcDbCircle
 10
66.0399999999966
 20
20.32000000000054
 40
0.5
  0
CIRCLE
  5
3B6
100
AcDbEntity
  8
universal_board
  6
ByLayer
 62
  256
370
   -1
100
AcDbCircle
 10
66.03999999999657
 20
22.86000000000056
 40
0.5
  0
CIRCLE
  5
3B7
100
AcDbEntity
  8
universal_board
  6
ByLayer
 62
  256
370
   -1
100
AcDbCircle
 10
66.03999999999658
 20
25.40000000000058
 40
0.5
  0
CIRCLE
  5
3B8
100
AcDbEntity
  8
universal_board
  6
ByLayer
 62
  256
370
   -1
100
AcDbCircle
 10
66.03999999999658
 20
27.94000000000063
 40
0.5
  0
CIRCLE
  5
3B9
100
AcDbEntity
  8
universal_board
  6
ByLayer
 62
  256
370
   -1
100
AcDbCircle
 10
66.03999999999657
 20
30.48000000000065
 40
0.5
  0
CIRCLE
  5
3BA
100
AcDbEntity
  8
universal_board
  6
ByLayer
 62
  256
370
   -1
100
AcDbCircle
 10
66.03999999999654
 20
33.02000000000069
 40
0.5
  0
CIRCLE
  5
3BB
100
AcDbEntity
  8
universal_board
  6
ByLayer
 62
  256
370
   -1
100
AcDbCircle
 10
66.03999999999654
 20
35.56000000000072
 40
0.5
  0
CIRCLE
  5
3BC
100
AcDbEntity
  8
universal_board
  6
ByLayer
 62
  256
370
   -1
100
AcDbCircle
 10
66.03999999999651
 20
38.10000000000076
 40
0.5
  0
CIRCLE
  5
3BD
100
AcDbEntity
  8
universal_board
  6
ByLayer
 62
  256
370
   -1
100
AcDbCircle
 10
63.4999999999968
 20
2.540000000000391
 40
0.5
  0
CIRCLE
  5
3BE
100
AcDbEntity
  8
universal_board
  6
ByLayer
 62
  256
370
   -1
100
AcDbCircle
 10
63.49999999999677
 20
5.080000000000426
 40
0.5
  0
CIRCLE
  5
3BF
100
AcDbEntity
  8
universal_board
  6
ByLayer
 62
  256
370
   -1
100
AcDbCircle
 10
63.49999999999679
 20
7.620000000000447
 40
0.5
  0
CIRCLE
  5
3C0
100
AcDbEntity
  8
universal_board
  6
ByLayer
 62
  256
370
   -1
100
AcDbCircle
 10
63.49999999999676
 20
10.16000000000046
 40
0.5
  0
CIRCLE
  5
3C1
100
AcDbEntity
  8
universal_board
  6
ByLayer
 62
  256
370
   -1
100
AcDbCircle
 10
63.49999999999673
 20
12.70000000000047
 40
0.5
  0
CIRCLE
  5
3C2
100
AcDbEntity
  8
universal_board
  6
ByLayer
 62
  256
370
   -1
100
AcDbCircle
 10
63.49999999999676
 20
15.24000000000049
 40
0.5
  0
CIRCLE
  5
3C3
100
AcDbEntity
  8
universal_board
  6
ByLayer
 62
  256
370
   -1
100
AcDbCircle
 10
63.49999999999675
 20
17.78000000000053
 40
0.5
  0
CIRCLE
  5
3C4
100
AcDbEntity
  8
universal_board
  6
ByLayer
 62
  256
370
   -1
100
AcDbCircle
 10
63.49999999999675
 20
20.32000000000054
 40
0.5
  0
CIRCLE
  5
3C5
100
AcDbEntity
  8
universal_board
  6
ByLayer
 62
  256
370
   -1
100
AcDbCircle
 10
63.49999999999672
 20
22.86000000000056
 40
0.5
  0
CIRCLE
  5
3C6
100
AcDbEntity
  8
universal_board
  6
ByLayer
 62
  256
370
   -1
100
AcDbCircle
 10
63.49999999999669
 20
25.40000000000058
 40
0.5
  0
CIRCLE
  5
3C7
100
AcDbEntity
  8
universal_board
  6
ByLayer
 62
  256
370
   -1
100
AcDbCircle
 10
63.49999999999669
 20
27.94000000000062
 40
0.5
  0
CIRCLE
  5
3C8
100
AcDbEntity
  8
universal_board
  6
ByLayer
 62
  256
370
   -1
100
AcDbCircle
 10
63.49999999999669
 20
30.48000000000065
 40
0.5
  0
CIRCLE
  5
3C9
100
AcDbEntity
  8
universal_board
  6
ByLayer
 62
  256
370
   -1
100
AcDbCircle
 10
63.49999999999666
 20
33.02000000000069
 40
0.5
  0
CIRCLE
  5
3CA
100
AcDbEntity
  8
universal_board
  6
ByLayer
 62
  256
370
   -1
100
AcDbCircle
 10
63.49999999999667
 20
35.56000000000073
 40
0.5
  0
CIRCLE
  5
3CB
100
AcDbEntity
  8
universal_board
  6
ByLayer
 62
  256
370
   -1
100
AcDbCircle
 10
63.49999999999665
 20
38.10000000000075
 40
0.5
  0
CIRCLE
  5
3CC
100
AcDbEntity
  8
universal_board
  6
ByLayer
 62
  256
370
   -1
100
AcDbCircle
 10
60.95999999999694
 20
2.540000000000405
 40
0.5
  0
CIRCLE
  5
3CD
100
AcDbEntity
  8
universal_board
  6
ByLayer
 62
  256
370
   -1
100
AcDbCircle
 10
60.95999999999691
 20
5.080000000000403
 40
0.5
  0
CIRCLE
  5
3CE
100
AcDbEntity
  8
universal_board
  6
ByLayer
 62
  256
370
   -1
100
AcDbCircle
 10
60.95999999999692
 20
7.62000000000044
 40
0.5
  0
CIRCLE
  5
3CF
100
AcDbEntity
  8
universal_board
  6
ByLayer
 62
  256
370
   -1
100
AcDbCircle
 10
60.9599999999969
 20
10.16000000000046
 40
0.5
  0
CIRCLE
  5
3D0
100
AcDbEntity
  8
universal_board
  6
ByLayer
 62
  256
370
   -1
100
AcDbCircle
 10
60.95999999999687
 20
12.70000000000046
 40
0.5
  0
CIRCLE
  5
3D1
100
AcDbEntity
  8
universal_board
  6
ByLayer
 62
  256
370
   -1
100
AcDbCircle
 10
60.95999999999688
 20
15.24000000000049
 40
0.5
  0
CIRCLE
  5
3D2
100
AcDbEntity
  8
universal_board
  6
ByLayer
 62
  256
370
   -1
100
AcDbCircle
 10
60.95999999999685
 20
17.78000000000054
 40
0.5
  0
CIRCLE
  5
3D3
100
AcDbEntity
  8
universal_board
  6
ByLayer
 62
  256
370
   -1
100
AcDbCircle
 10
60.95999999999687
 20
20.32000000000053
 40
0.5
  0
CIRCLE
  5
3D4
100
AcDbEntity
  8
universal_board
  6
ByLayer
 62
  256
370
   -1
100
AcDbCircle
 10
60.95999999999684
 20
22.86000000000055
 40
0.5
  0
CIRCLE
  5
3D5
100
AcDbEntity
  8
universal_board
  6
ByLayer
 62
  256
370
   -1
100
AcDbCircle
 10
60.95999999999684
 20
25.40000000000057
 40
0.5
  0
CIRCLE
  5
3D6
100
AcDbEntity
  8
universal_board
  6
ByLayer
 62
  256
370
   -1
100
AcDbCircle
 10
60.95999999999684
 20
27.94000000000062
 40
0.5
  0
CIRCLE
  5
3D7
100
AcDbEntity
  8
universal_board
  6
ByLayer
 62
  256
370
   -1
100
AcDbCircle
 10
60.95999999999681
 20
30.48000000000064
 40
0.5
  0
CIRCLE
  5
3D8
100
AcDbEntity
  8
universal_board
  6
ByLayer
 62
  256
370
   -1
100
AcDbCircle
 10
60.95999999999678
 20
33.02000000000069
 40
0.5
  0
CIRCLE
  5
3D9
100
AcDbEntity
  8
universal_board
  6
ByLayer
 62
  256
370
   -1
100
AcDbCircle
 10
60.95999999999678
 20
35.56000000000072
 40
0.5
  0
CIRCLE
  5
3DA
100
AcDbEntity
  8
universal_board
  6
ByLayer
 62
  256
370
   -1
100
AcDbCircle
 10
60.95999999999678
 20
38.10000000000075
 40
0.5
  0
CIRCLE
  5
3DB
100
AcDbEntity
  8
universal_board
  6
ByLayer
 62
  256
370
   -1
100
AcDbCircle
 10
58.41999999999706
 20
2.540000000000392
 40
0.5
  0
CIRCLE
  5
3DC
100
AcDbEntity
  8
universal_board
  6
ByLayer
 62
  256
370
   -1
100
AcDbCircle
 10
58.41999999999703
 20
5.080000000000426
 40
0.5
  0
CIRCLE
  5
3DD
100
AcDbEntity
  8
universal_board
  6
ByLayer
 62
  256
370
   -1
100
AcDbCircle
 10
58.41999999999703
 20
7.620000000000433
 40
0.5
  0
CIRCLE
  5
3DE
100
AcDbEntity
  8
universal_board
  6
ByLayer
 62
  256
370
   -1
100
AcDbCircle
 10
58.41999999999703
 20
10.16000000000046
 40
0.5
  0
CIRCLE
  5
3DF
100
AcDbEntity
  8
universal_board
  6
ByLayer
 62
  256
370
   -1
100
AcDbCircle
 10
58.419999999997
 20
12.70000000000048
 40
0.5
  0
CIRCLE
  5
3E0
100
AcDbEntity
  8
universal_board
  6
ByLayer
 62
  256
370
   -1
100
AcDbCircle
 10
58.419999999997
 20
15.24000000000049
 40
0.5
  0
CIRCLE
  5
3E1
100
AcDbEntity
  8
universal_board
  6
ByLayer
 62
  256
370
   -1
100
AcDbCircle
 10
58.41999999999697
 20
17.78000000000052
 40
0.5
  0
CIRCLE
  5
3E2
100
AcDbEntity
  8
universal_board
  6
ByLayer
 62
  256
370
   -1
100
AcDbCircle
 10
58.419999999997
 20
20.32000000000053
 40
0.5
  0
CIRCLE
  5
3E3
100
AcDbEntity
  8
universal_board
  6
ByLayer
 62
  256
370
   -1
100
AcDbCircle
 10
58.41999999999697
 20
22.86000000000055
 40
0.5
  0
CIRCLE
  5
3E4
100
AcDbEntity
  8
universal_board
  6
ByLayer
 62
  256
370
   -1
100
AcDbCircle
 10
58.41999999999696
 20
25.40000000000057
 40
0.5
  0
CIRCLE
  5
3E5
100
AcDbEntity
  8
universal_board
  6
ByLayer
 62
  256
370
   -1
100
AcDbCircle
 10
58.41999999999696
 20
27.94000000000061
 40
0.5
  0
CIRCLE
  5
3E6
100
AcDbEntity
  8
universal_board
  6
ByLayer
 62
  256
370
   -1
100
AcDbCircle
 10
58.41999999999696
 20
30.48000000000064
 40
0.5
  0
CIRCLE
  5
3E7
100
AcDbEntity
  8
universal_board
  6
ByLayer
 62
  256
370
   -1
100
AcDbCircle
 10
58.41999999999693
 20
33.02000000000067
 40
0.5
  0
CIRCLE
  5
3E8
100
AcDbEntity
  8
universal_board
  6
ByLayer
 62
  256
370
   -1
100
AcDbCircle
 10
58.41999999999693
 20
35.5600000000007
 40
0.5
  0
CIRCLE
  5
3E9
100
AcDbEntity
  8
universal_board
  6
ByLayer
 62
  256
370
   -1
100
AcDbCircle
 10
58.4199999999969
 20
38.10000000000074
 40
0.5
  0
CIRCLE
  5
3EA
100
AcDbEntity
  8
universal_board
  6
ByLayer
 62
  256
370
   -1
100
AcDbCircle
 10
55.8799999999972
 20
2.540000000000391
 40
0.5
  0
CIRCLE
  5
3EB
100
AcDbEntity
  8
universal_board
  6
ByLayer
 62
  256
370
   -1
100
AcDbCircle
 10
55.87999999999717
 20
5.080000000000412
 40
0.5
  0
CIRCLE
  5
3EC
100
AcDbEntity
  8
universal_board
  6
ByLayer
 62
  256
370
   -1
100
AcDbCircle
 10
55.87999999999718
 20
7.620000000000433
 40
0.5
  0
CIRCLE
  5
3ED
100
AcDbEntity
  8
universal_board
  6
ByLayer
 62
  256
370
   -1
100
AcDbCircle
 10
55.87999999999715
 20
10.16000000000044
 40
0.5
  0
CIRCLE
  5
3EE
100
AcDbEntity
  8
universal_board
  6
ByLayer
 62
  256
370
   -1
100
AcDbCircle
 10
55.87999999999712
 20
12.70000000000046
 40
0.5
  0
CIRCLE
  5
3EF
100
AcDbEntity
  8
universal_board
  6
ByLayer
 62
  256
370
   -1
100
AcDbCircle
 10
55.87999999999712
 20
15.24000000000049
 40
0.5
  0
CIRCLE
  5
3F0
100
AcDbEntity
  8
universal_board
  6
ByLayer
 62
  256
370
   -1
100
AcDbCircle
 10
55.87999999999712
 20
17.78000000000051
 40
0.5
  0
CIRCLE
  5
3F1
100
AcDbEntity
  8
universal_board
  6
ByLayer
 62
  256
370
   -1
100
AcDbCircle
 10
55.87999999999712
 20
20.32000000000053
 40
0.5
  0
CIRCLE
  5
3F2
100
AcDbEntity
  8
universal_board
  6
ByLayer
 62
  256
370
   -1
100
AcDbCircle
 10
55.8799999999971
 20
22.86000000000055
 40
0.5
  0
CIRCLE
  5
3F3
100
AcDbEntity
  8
universal_board
  6
ByLayer
 62
  256
370
   -1
100
AcDbCircle
 10
55.87999999999707
 20
25.40000000000057
 40
0.5
  0
CIRCLE
  5
3F4
100
AcDbEntity
  8
universal_board
  6
ByLayer
 62
  256
370
   -1
100
AcDbCircle
 10
55.8799999999971
 20
27.9400000000006
 40
0.5
  0
CIRCLE
  5
3F5
100
AcDbEntity
  8
universal_board
  6
ByLayer
 62
  256
370
   -1
100
AcDbCircle
 10
55.87999999999708
 20
30.48000000000064
 40
0.5
  0
CIRCLE
  5
3F6
100
AcDbEntity
  8
universal_board
  6
ByLayer
 62
  256
370
   -1
100
AcDbCircle
 10
55.87999999999705
 20
33.02000000000066
 40
0.5
  0
CIRCLE
  5
3F7
100
AcDbEntity
  8
universal_board
  6
ByLayer
 62
  256
370
   -1
100
AcDbCircle
 10
55.87999999999705
 20
35.56000000000071
 40
0.5
  0
CIRCLE
  5
3F8
100
AcDbEntity
  8
universal_board
  6
ByLayer
 62
  256
370
   -1
100
AcDbCircle
 10
55.87999999999704
 20
38.10000000000074
 40
0.5
  0
CIRCLE
  5
3F9
100
AcDbEntity
  8
universal_board
  6
ByLayer
 62
  256
370
   -1
100
AcDbCircle
 10
53.33999999999732
 20
2.540000000000398
 40
0.5
  0
CIRCLE
  5
3FA
100
AcDbEntity
  8
universal_board
  6
ByLayer
 62
  256
370
   -1
100
AcDbCircle
 10
53.33999999999729
 20
5.080000000000405
 40
0.5
  0
CIRCLE
  5
3FB
100
AcDbEntity
  8
universal_board
  6
ByLayer
 62
  256
370
   -1
100
AcDbCircle
 10
53.33999999999732
 20
7.620000000000418
 40
0.5
  0
CIRCLE
  5
3FC
100
AcDbEntity
  8
universal_board
  6
ByLayer
 62
  256
370
   -1
100
AcDbCircle
 10
53.33999999999729
 20
10.16000000000045
 40
0.5
  0
CIRCLE
  5
3FD
100
AcDbEntity
  8
universal_board
  6
ByLayer
 62
  256
370
   -1
100
AcDbCircle
 10
53.33999999999726
 20
12.70000000000045
 40
0.5
  0
CIRCLE
  5
3FE
100
AcDbEntity
  8
universal_board
  6
ByLayer
 62
  256
370
   -1
100
AcDbCircle
 10
53.33999999999727
 20
15.24000000000049
 40
0.5
  0
CIRCLE
  5
3FF
100
AcDbEntity
  8
universal_board
  6
ByLayer
 62
  256
370
   -1
100
AcDbCircle
 10
53.33999999999725
 20
17.7800000000005
 40
0.5
  0
CIRCLE
  5
400
100
AcDbEntity
  8
universal_board
  6
ByLayer
 62
  256
370
   -1
100
AcDbCircle
 10
53.33999999999725
 20
20.32000000000052
 40
0.5
  0
CIRCLE
  5
401
100
AcDbEntity
  8
universal_board
  6
ByLayer
 62
  256
370
   -1
100
AcDbCircle
 10
53.33999999999722
 20
22.86000000000054
 40
0.5
  0
CIRCLE
  5
402
100
AcDbEntity
  8
universal_board
  6
ByLayer
 62
  256
370
   -1
100
AcDbCircle
 10
53.33999999999722
 20
25.40000000000056
 40
0.5
  0
CIRCLE
  5
403
100
AcDbEntity
  8
universal_board
  6
ByLayer
 62
  256
370
   -1
100
AcDbCircle
 10
53.33999999999722
 20
27.94000000000059
 40
0.5
  0
CIRCLE
  5
404
100
AcDbEntity
  8
universal_board
  6
ByLayer
 62
  256
370
   -1
100
AcDbCircle
 10
53.33999999999719
 20
30.48000000000063
 40
0.5
  0
CIRCLE
  5
405
100
AcDbEntity
  8
universal_board
  6
ByLayer
 62
  256
370
   -1
100
AcDbCircle
 10
53.33999999999716
 20
33.02000000000067
 40
0.5
  0
CIRCLE
  5
406
100
AcDbEntity
  8
universal_board
  6
ByLayer
 62
  256
370
   -1
100
AcDbCircle
 10
53.33999999999719
 20
35.56000000000071
 40
0.5
  0
CIRCLE
  5
407
100
AcDbEntity
  8
universal_board
  6
ByLayer
 62
  256
370
   -1
100
AcDbCircle
 10
53.33999999999718
 20
38.10000000000074
 40
0.5
  0
CIRCLE
  5
408
100
AcDbEntity
  8
universal_board
  6
ByLayer
 62
  256
370
   -1
100
AcDbCircle
 10
50.79999999999744
 20
2.540000000000391
 40
0.5
  0
CIRCLE
  5
409
100
AcDbEntity
  8
universal_board
  6
ByLayer
 62
  256
370
   -1
100
AcDbCircle
 10
50.79999999999741
 20
5.080000000000398
 40
0.5
  0
CIRCLE
  5
40A
100
AcDbEntity
  8
universal_board
  6
ByLayer
 62
  256
370
   -1
100
AcDbCircle
 10
50.79999999999744
 20
7.620000000000433
 40
0.5
  0
CIRCLE
  5
40B
100
AcDbEntity
  8
universal_board
  6
ByLayer
 62
  256
370
   -1
100
AcDbCircle
 10
50.79999999999741
 20
10.16000000000042
 40
0.5
  0
CIRCLE
  5
40C
100
AcDbEntity
  8
universal_board
  6
ByLayer
 62
  256
370
   -1
100
AcDbCircle
 10
50.79999999999738
 20
12.70000000000044
 40
0.5
  0
CIRCLE
  5
40D
100
AcDbEntity
  8
universal_board
  6
ByLayer
 62
  256
370
   -1
100
AcDbCircle
 10
50.79999999999741
 20
15.24000000000047
 40
0.5
  0
CIRCLE
  5
40E
100
AcDbEntity
  8
universal_board
  6
ByLayer
 62
  256
370
   -1
100
AcDbCircle
 10
50.79999999999738
 20
17.78000000000051
 40
0.5
  0
CIRCLE
  5
40F
100
AcDbEntity
  8
universal_board
  6
ByLayer
 62
  256
370
   -1
100
AcDbCircle
 10
50.79999999999738
 20
20.32000000000052
 40
0.5
  0
CIRCLE
  5
410
100
AcDbEntity
  8
universal_board
  6
ByLayer
 62
  256
370
   -1
100
AcDbCircle
 10
50.79999999999735
 20
22.86000000000054
 40
0.5
  0
CIRCLE
  5
411
100
AcDbEntity
  8
universal_board
  6
ByLayer
 62
  256
370
   -1
100
AcDbCircle
 10
50.79999999999734
 20
25.40000000000056
 40
0.5
  0
CIRCLE
  5
412
100
AcDbEntity
  8
universal_board
  6
ByLayer
 62
  256
370
   -1
100
AcDbCircle
 10
50.79999999999734
 20
27.94000000000059
 40
0.5
  0
CIRCLE
  5
413
100
AcDbEntity
  8
universal_board
  6
ByLayer
 62
  256
370
   -1
100
AcDbCircle
 10
50.79999999999734
 20
30.48000000000063
 40
0.5
  0
CIRCLE
  5
414
100
AcDbEntity
  8
universal_board
  6
ByLayer
 62
  256
370
   -1
100
AcDbCircle
 10
50.79999999999731
 20
33.02000000000067
 40
0.5
  0
CIRCLE
  5
415
100
AcDbEntity
  8
universal_board
  6
ByLayer
 62
  256
370
   -1
100
AcDbCircle
 10
50.79999999999731
 20
35.56000000000071
 40
0.5
  0
CIRCLE
  5
416
100
AcDbEntity
  8
universal_board
  6
ByLayer
 62
  256
370
   -1
100
AcDbCircle
 10
50.79999999999728
 20
38.10000000000074
 40
0.5
  0
CIRCLE
  5
417
100
AcDbEntity
  8
universal_board
  6
ByLayer
 62
  256
370
   -1
100
AcDbCircle
 10
48.25999999999759
 20
2.540000000000356
 40
0.5
  0
CIRCLE
  5
418
100
AcDbEntity
  8
universal_board
  6
ByLayer
 62
  256
370
   -1
100
AcDbCircle
 10
48.25999999999756
 20
5.080000000000391
 40
0.5
  0
CIRCLE
  5
419
100
AcDbEntity
  8
universal_board
  6
ByLayer
 62
  256
370
   -1
100
AcDbCircle
 10
48.25999999999756
 20
7.620000000000426
 40
0.5
  0
CIRCLE
  5
41A
100
AcDbEntity
  8
universal_board
  6
ByLayer
 62
  256
370
   -1
100
AcDbCircle
 10
48.25999999999753
 20
10.16000000000043
 40
0.5
  0
CIRCLE
  5
41B
100
AcDbEntity
  8
universal_board
  6
ByLayer
 62
  256
370
   -1
100
AcDbCircle
 10
48.2599999999975
 20
12.70000000000045
 40
0.5
  0
CIRCLE
  5
41C
100
AcDbEntity
  8
universal_board
  6
ByLayer
 62
  256
370
   -1
100
AcDbCircle
 10
48.25999999999753
 20
15.24000000000047
 40
0.5
  0
CIRCLE
  5
41D
100
AcDbEntity
  8
universal_board
  6
ByLayer
 62
  256
370
   -1
100
AcDbCircle
 10
48.2599999999975
 20
17.78000000000051
 40
0.5
  0
CIRCLE
  5
41E
100
AcDbEntity
  8
universal_board
  6
ByLayer
 62
  256
370
   -1
100
AcDbCircle
 10
48.2599999999975
 20
20.3200000000005
 40
0.5
  0
CIRCLE
  5
41F
100
AcDbEntity
  8
universal_board
  6
ByLayer
 62
  256
370
   -1
100
AcDbCircle
 10
48.25999999999748
 20
22.86000000000053
 40
0.5
  0
CIRCLE
  5
420
100
AcDbEntity
  8
universal_board
  6
ByLayer
 62
  256
370
   -1
100
AcDbCircle
 10
48.25999999999748
 20
25.40000000000055
 40
0.5
  0
CIRCLE
  5
421
100
AcDbEntity
  8
universal_board
  6
ByLayer
 62
  256
370
   -1
100
AcDbCircle
 10
48.25999999999748
 20
27.94000000000059
 40
0.5
  0
CIRCLE
  5
422
100
AcDbEntity
  8
universal_board
  6
ByLayer
 62
  256
370
   -1
100
AcDbCircle
 10
48.25999999999746
 20
30.48000000000063
 40
0.5
  0
CIRCLE
  5
423
100
AcDbEntity
  8
universal_board
  6
ByLayer
 62
  256
370
   -1
100
AcDbCircle
 10
48.25999999999743
 20
33.02000000000068
 40
0.5
  0
CIRCLE
  5
424
100
AcDbEntity
  8
universal_board
  6
ByLayer
 62
  256
370
   -1
100
AcDbCircle
 10
48.25999999999743
 20
35.56000000000069
 40
0.5
  0
CIRCLE
  5
425
100
AcDbEntity
  8
universal_board
  6
ByLayer
 62
  256
370
   -1
100
AcDbCircle
 10
48.2599999999974
 20
38.10000000000073
 40
0.5
  0
CIRCLE
  5
426
100
AcDbEntity
  8
universal_board
  6
ByLayer
 62
  256
370
   -1
100
AcDbCircle
 10
45.71999999999771
 20
2.540000000000378
 40
0.5
  0
CIRCLE
  5
427
100
AcDbEntity
  8
universal_board
  6
ByLayer
 62
  256
370
   -1
100
AcDbCircle
 10
45.71999999999768
 20
5.080000000000398
 40
0.5
  0
CIRCLE
  5
428
100
AcDbEntity
  8
universal_board
  6
ByLayer
 62
  256
370
   -1
100
AcDbCircle
 10
45.7199999999977
 20
7.620000000000418
 40
0.5
  0
CIRCLE
  5
429
100
AcDbEntity
  8
universal_board
  6
ByLayer
 62
  256
370
   -1
100
AcDbCircle
 10
45.71999999999768
 20
10.16000000000045
 40
0.5
  0
CIRCLE
  5
42A
100
AcDbEntity
  8
universal_board
  6
ByLayer
 62
  256
370
   -1
100
AcDbCircle
 10
45.71999999999765
 20
15.24000000000046
 40
0.5
  0
CIRCLE
  5
42B
100
AcDbEntity
  8
universal_board
  6
ByLayer
 62
  256
370
   -1
100
AcDbCircle
 10
45.71999999999763
 20
17.78000000000052
 40
0.5
  0
CIRCLE
  5
42C
100
AcDbEntity
  8
universal_board
  6
ByLayer
 62
  256
370
   -1
100
AcDbCircle
 10
45.71999999999765
 20
20.32000000000051
 40
0.5
  0
CIRCLE
  5
42D
100
AcDbEntity
  8
universal_board
  6
ByLayer
 62
  256
370
   -1
100
AcDbCircle
 10
45.71999999999763
 20
22.86000000000054
 40
0.5
  0
CIRCLE
  5
42E
100
AcDbEntity
  8
universal_board
  6
ByLayer
 62
  256
370
   -1
100
AcDbCircle
 10
45.7199999999976
 20
25.40000000000056
 40
0.5
  0
CIRCLE
  5
42F
100
AcDbEntity
  8
universal_board
  6
ByLayer
 62
  256
370
   -1
100
AcDbCircle
 10
45.7199999999976
 20
27.94000000000059
 40
0.5
  0
CIRCLE
  5
430
100
AcDbEntity
  8
universal_board
  6
ByLayer
 62
  256
370
   -1
100
AcDbCircle
 10
45.7199999999976
 20
30.48000000000063
 40
0.5
  0
CIRCLE
  5
431
100
AcDbEntity
  8
universal_board
  6
ByLayer
 62
  256
370
   -1
100
AcDbCircle
 10
45.71999999999757
 20
33.02000000000066
 40
0.5
  0
CIRCLE
  5
432
100
AcDbEntity
  8
universal_board
  6
ByLayer
 62
  256
370
   -1
100
AcDbCircle
 10
45.71999999999757
 20
35.56000000000071
 40
0.5
  0
CIRCLE
  5
433
100
AcDbEntity
  8
universal_board
  6
ByLayer
 62
  256
370
   -1
100
AcDbCircle
 10
45.71999999999754
 20
38.10000000000073
 40
0.5
  0
CIRCLE
  5
434
100
AcDbEntity
  8
universal_board
  6
ByLayer
 62
  256
370
   -1
100
AcDbCircle
 10
60.95999999999678
 20
33.02000000000069
 40
0.5
  0
CIRCLE
  5
435
100
AcDbEntity
  8
universal_board
  6
ByLayer
 62
  256
370
   -1
100
AcDbCircle
 10
76.19999999999604
 20
30.48000000000068
 40
0.5
  0
CIRCLE
  5
436
100
AcDbEntity
  8
universal_board
  6
ByLayer
 62
  256
370
   -1
100
AcDbCircle
 10
60.95999999999681
 20
30.48000000000064
 40
0.5
  0
CIRCLE
  5
437
100
AcDbEntity
  8
universal_board
  6
ByLayer
 62
  256
370
   -1
100
AcDbCircle
 10
76.19999999999605
 20
27.94000000000063
 40
0.5
  0
CIRCLE
  5
438
100
AcDbEntity
  8
universal_board
  6
ByLayer
 62
  256
370
   -1
100
AcDbCircle
 10
60.95999999999682
 20
27.94000000000062
 40
0.5
  0
CIRCLE
  5
439
100
AcDbEntity
  8
universal_board
  6
ByLayer
 62
  256
370
   -1
100
AcDbCircle
 10
76.19999999999604
 20
25.4000000000006
 40
0.5
  0
CIRCLE
  5
43A
100
AcDbEntity
  8
universal_board
  6
ByLayer
 62
  256
370
   -1
100
AcDbCircle
 10
60.9599999999968
 20
25.40000000000057
 40
0.5
  0
CIRCLE
  5
43B
100
AcDbEntity
  8
universal_board
  6
ByLayer
 62
  256
370
   -1
100
AcDbCircle
 10
76.19999999999605
 20
22.86000000000056
 40
0.5
  0
CIRCLE
  5
43C
100
AcDbEntity
  8
universal_board
  6
ByLayer
 62
  256
370
   -1
100
AcDbCircle
 10
60.95999999999682
 20
22.86000000000054
 40
0.5
  0
CIRCLE
  5
43D
100
AcDbEntity
  8
universal_board
  6
ByLayer
 62
  256
370
   -1
100
AcDbCircle
 10
76.19999999999607
 20
20.32000000000052
 40
0.5
  0
CIRCLE
  5
43E
100
AcDbEntity
  8
universal_board
  6
ByLayer
 62
  256
370
   -1
100
AcDbCircle
 10
60.95999999999684
 20
20.32000000000051
 40
0.5
  0
CIRCLE
  5
43F
100
AcDbEntity
  8
universal_board
  6
ByLayer
 62
  256
370
   -1
100
AcDbCircle
 10
76.19999999999607
 20
17.78000000000048
 40
0.5
  0
CIRCLE
  5
440
100
AcDbEntity
  8
universal_board
  6
ByLayer
 62
  256
370
   -1
100
AcDbCircle
 10
60.95999999999682
 20
17.78000000000047
 40
0.5
  0
CIRCLE
  5
441
100
AcDbEntity
  8
universal_board
  6
ByLayer
 62
  256
370
   -1
100
AcDbCircle
 10
76.19999999999607
 20
15.24000000000045
 40
0.5
  0
CIRCLE
  5
442
100
AcDbEntity
  8
universal_board
  6
ByLayer
 62
  256
370
   -1
100
AcDbCircle
 10
60.95999999999682
 20
15.24000000000043
 40
0.5
  0
CIRCLE
  5
443
100
AcDbEntity
  8
universal_board
  6
ByLayer
 62
  256
370
   -1
100
AcDbCircle
 10
76.19999999999605
 20
12.70000000000043
 40
0.5
  0
CIRCLE
  5
444
100
AcDbEntity
  8
universal_board
  6
ByLayer
 62
  256
370
   -1
100
AcDbCircle
 10
60.95999999999682
 20
12.70000000000039
 40
0.5
  0
CIRCLE
  5
445
100
AcDbEntity
  8
universal_board
  6
ByLayer
 62
  256
370
   -1
100
AcDbCircle
 10
76.19999999999607
 20
10.16000000000039
 40
0.5
  0
CIRCLE
  5
446
100
AcDbEntity
  8
universal_board
  6
ByLayer
 62
  256
370
   -1
100
AcDbCircle
 10
60.95999999999684
 20
10.16000000000036
 40
0.5
  0
CIRCLE
  5
447
100
AcDbEntity
  8
universal_board
  6
ByLayer
 62
  256
370
   -1
100
AcDbCircle
 10
76.19999999999608
 20
7.620000000000354
 40
0.5
  0
CIRCLE
  5
448
100
AcDbEntity
  8
universal_board
  6
ByLayer
 62
  256
370
   -1
100
AcDbCircle
 10
60.95999999999684
 20
7.62000000000034
 40
0.5
  0
CIRCLE
  5
449
100
AcDbEntity
  8
universal_board
  6
ByLayer
 62
  256
370
   -1
100
AcDbCircle
 10
76.19999999999608
 20
5.08000000000032
 40
0.5
  0
CIRCLE
  5
44A
100
AcDbEntity
  8
universal_board
  6
ByLayer
 62
  256
370
   -1
100
AcDbCircle
 10
60.95999999999684
 20
5.080000000000291
 40
0.5
  0
CIRCLE
  5
44B
100
AcDbEntity
  8
universal_board
  6
ByLayer
 62
  256
370
   -1
100
AcDbCircle
 10
76.19999999999608
 20
2.540000000000285
 40
0.5
  0
CIRCLE
  5
44C
100
AcDbEntity
  8
universal_board
  6
ByLayer
 62
  256
370
   -1
100
AcDbCircle
 10
60.95999999999684
 20
2.540000000000256
 40
0.5
  0
CIRCLE
  5
44D
100
AcDbEntity
  8
universal_board
  6
ByLayer
 62
  256
370
   -1
100
AcDbCircle
 10
78.7399999999959
 20
40.64000000000082
 40
0.5
  0
CIRCLE
  5
44E
100
AcDbEntity
  8
universal_board
  6
ByLayer
 62
  256
370
   -1
100
AcDbCircle
 10
76.19999999999604
 20
40.6400000000008
 40
0.5
  0
CIRCLE
  5
44F
100
AcDbEntity
  8
universal_board
  6
ByLayer
 62
  256
370
   -1
100
AcDbCircle
 10
73.65999999999615
 20
40.6400000000008
 40
0.5
  0
CIRCLE
  5
450
100
AcDbEntity
  8
universal_board
  6
ByLayer
 62
  256
370
   -1
100
AcDbCircle
 10
71.11999999999628
 20
40.6400000000008
 40
0.5
  0
CIRCLE
  5
451
100
AcDbEntity
  8
universal_board
  6
ByLayer
 62
  256
370
   -1
100
AcDbCircle
 10
68.5799999999964
 20
40.6400000000008
 40
0.5
  0
CIRCLE
  5
452
100
AcDbEntity
  8
universal_board
  6
ByLayer
 62
  256
370
   -1
100
AcDbCircle
 10
66.03999999999652
 20
40.64000000000079
 40
0.5
  0
CIRCLE
  5
453
100
AcDbEntity
  8
universal_board
  6
ByLayer
 62
  256
370
   -1
100
AcDbCircle
 10
63.49999999999666
 20
40.6400000000008
 40
0.5
  0
CIRCLE
  5
454
100
AcDbEntity
  8
universal_board
  6
ByLayer
 62
  256
370
   -1
100
AcDbCircle
 10
60.9599999999968
 20
40.64000000000079
 40
0.5
  0
CIRCLE
  5
455
100
AcDbEntity
  8
universal_board
  6
ByLayer
 62
  256
370
   -1
100
AcDbCircle
 10
58.4199999999969
 20
40.64000000000079
 40
0.5
  0
CIRCLE
  5
456
100
AcDbEntity
  8
universal_board
  6
ByLayer
 62
  256
370
   -1
100
AcDbCircle
 10
55.87999999999705
 20
40.64000000000078
 40
0.5
  0
CIRCLE
  5
457
100
AcDbEntity
  8
universal_board
  6
ByLayer
 62
  256
370
   -1
100
AcDbCircle
 10
53.33999999999719
 20
40.64000000000078
 40
0.5
  0
CIRCLE
  5
458
100
AcDbEntity
  8
universal_board
  6
ByLayer
 62
  256
370
   -1
100
AcDbCircle
 10
50.79999999999731
 20
40.64000000000078
 40
0.5
  0
CIRCLE
  5
459
100
AcDbEntity
  8
universal_board
  6
ByLayer
 62
  256
370
   -1
100
AcDbCircle
 10
48.25999999999742
 20
40.64000000000078
 40
0.5
  0
CIRCLE
  5
45A
100
AcDbEntity
  8
universal_board
  6
ByLayer
 62
  256
370
   -1
100
AcDbCircle
 10
45.71999999999755
 20
40.64000000000075
 40
0.5
  0
CIRCLE
  5
45B
100
AcDbEntity
  8
universal_board
  6
ByLayer
 62
  256
370
   -1
100
AcDbCircle
 10
78.73999999999589
 20
43.18000000000085
 40
0.5
  0
CIRCLE
  5
45C
100
AcDbEntity
  8
universal_board
  6
ByLayer
 62
  256
370
   -1
100
AcDbCircle
 10
76.19999999999602
 20
43.18000000000085
 40
0.5
  0
CIRCLE
  5
45D
100
AcDbEntity
  8
universal_board
  6
ByLayer
 62
  256
370
   -1
100
AcDbCircle
 10
73.65999999999615
 20
43.18000000000084
 40
0.5
  0
CIRCLE
  5
45E
100
AcDbEntity
  8
universal_board
  6
ByLayer
 62
  256
370
   -1
100
AcDbCircle
 10
71.11999999999627
 20
43.18000000000084
 40
0.5
  0
CIRCLE
  5
45F
100
AcDbEntity
  8
universal_board
  6
ByLayer
 62
  256
370
   -1
100
AcDbCircle
 10
68.57999999999639
 20
43.18000000000084
 40
0.5
  0
CIRCLE
  5
460
100
AcDbEntity
  8
universal_board
  6
ByLayer
 62
  256
370
   -1
100
AcDbCircle
 10
66.03999999999652
 20
43.18000000000083
 40
0.5
  0
CIRCLE
  5
461
100
AcDbEntity
  8
universal_board
  6
ByLayer
 62
  256
370
   -1
100
AcDbCircle
 10
63.49999999999665
 20
43.18000000000082
 40
0.5
  0
CIRCLE
  5
462
100
AcDbEntity
  8
universal_board
  6
ByLayer
 62
  256
370
   -1
100
AcDbCircle
 10
60.95999999999678
 20
43.18000000000082
 40
0.5
  0
CIRCLE
  5
463
100
AcDbEntity
  8
universal_board
  6
ByLayer
 62
  256
370
   -1
100
AcDbCircle
 10
58.4199999999969
 20
43.18000000000081
 40
0.5
  0
CIRCLE
  5
464
100
AcDbEntity
  8
universal_board
  6
ByLayer
 62
  256
370
   -1
100
AcDbCircle
 10
55.87999999999703
 20
43.18000000000081
 40
0.5
  0
CIRCLE
  5
465
100
AcDbEntity
  8
universal_board
  6
ByLayer
 62
  256
370
   -1
100
AcDbCircle
 10
53.33999999999718
 20
43.18000000000081
 40
0.5
  0
CIRCLE
  5
466
100
AcDbEntity
  8
universal_board
  6
ByLayer
 62
  256
370
   -1
100
AcDbCircle
 10
50.7999999999973
 20
43.18000000000081
 40
0.5
  0
CIRCLE
  5
467
100
AcDbEntity
  8
universal_board
  6
ByLayer
 62
  256
370
   -1
100
AcDbCircle
 10
48.25999999999742
 20
43.1800000000008
 40
0.5
  0
CIRCLE
  5
468
100
AcDbEntity
  8
universal_board
  6
ByLayer
 62
  256
370
   -1
100
AcDbCircle
 10
45.71999999999754
 20
43.1800000000008
 40
0.5
  0
CIRCLE
  5
469
100
AcDbEntity
  8
universal_board
  6
ByLayer
 62
  256
370
   -1
100
AcDbCircle
 10
78.73999999999587
 20
45.72000000000089
 40
0.5
  0
CIRCLE
  5
46A
100
AcDbEntity
  8
universal_board
  6
ByLayer
 62
  256
370
   -1
100
AcDbCircle
 10
76.19999999999601
 20
45.72000000000089
 40
0.5
  0
CIRCLE
  5
46B
100
AcDbEntity
  8
universal_board
  6
ByLayer
 62
  256
370
   -1
100
AcDbCircle
 10
73.65999999999612
 20
45.72000000000087
 40
0.5
  0
CIRCLE
  5
46C
100
AcDbEntity
  8
universal_board
  6
ByLayer
 62
  256
370
   -1
100
AcDbCircle
 10
71.11999999999627
 20
45.72000000000087
 40
0.5
  0
CIRCLE
  5
46D
100
AcDbEntity
  8
universal_board
  6
ByLayer
 62
  256
370
   -1
100
AcDbCircle
 10
68.57999999999637
 20
45.72000000000088
 40
0.5
  0
CIRCLE
  5
46E
100
AcDbEntity
  8
universal_board
  6
ByLayer
 62
  256
370
   -1
100
AcDbCircle
 10
66.0399999999965
 20
45.72000000000086
 40
0.5
  0
CIRCLE
  5
46F
100
AcDbEntity
  8
universal_board
  6
ByLayer
 62
  256
370
   -1
100
AcDbCircle
 10
63.49999999999665
 20
45.72000000000085
 40
0.5
  0
CIRCLE
  5
470
100
AcDbEntity
  8
universal_board
  6
ByLayer
 62
  256
370
   -1
100
AcDbCircle
 10
60.95999999999675
 20
45.72000000000086
 40
0.5
  0
CIRCLE
  5
471
100
AcDbEntity
  8
universal_board
  6
ByLayer
 62
  256
370
   -1
100
AcDbCircle
 10
58.41999999999688
 20
45.72000000000086
 40
0.5
  0
CIRCLE
  5
472
100
AcDbEntity
  8
universal_board
  6
ByLayer
 62
  256
370
   -1
100
AcDbCircle
 10
55.87999999999703
 20
45.72000000000086
 40
0.5
  0
CIRCLE
  5
473
100
AcDbEntity
  8
universal_board
  6
ByLayer
 62
  256
370
   -1
100
AcDbCircle
 10
53.33999999999715
 20
45.72000000000084
 40
0.5
  0
CIRCLE
  5
474
100
AcDbEntity
  8
universal_board
  6
ByLayer
 62
  256
370
   -1
100
AcDbCircle
 10
50.79999999999728
 20
45.72000000000085
 40
0.5
  0
CIRCLE
  5
475
100
AcDbEntity
  8
universal_board
  6
ByLayer
 62
  256
370
   -1
100
AcDbCircle
 10
48.25999999999739
 20
45.72000000000084
 40
0.5
  0
CIRCLE
  5
476
100
AcDbEntity
  8
universal_board
  6
ByLayer
 62
  256
370
   -1
100
AcDbCircle
 10
45.71999999999754
 20
45.72000000000082
 40
0.5
  0
CIRCLE
  5
477
100
AcDbEntity
  8
universal_board
  6
ByLayer
 62
  256
370
   -1
100
AcDbCircle
 10
78.73999999999587
 20
48.26000000000091
 40
0.5
  0
CIRCLE
  5
478
100
AcDbEntity
  8
universal_board
  6
ByLayer
 62
  256
370
   -1
100
AcDbCircle
 10
76.19999999999602
 20
48.26000000000092
 40
0.5
  0
CIRCLE
  5
479
100
AcDbEntity
  8
universal_board
  6
ByLayer
 62
  256
370
   -1
100
AcDbCircle
 10
73.65999999999613
 20
48.26000000000091
 40
0.5
  0
CIRCLE
  5
47A
100
AcDbEntity
  8
universal_board
  6
ByLayer
 62
  256
370
   -1
100
AcDbCircle
 10
71.11999999999627
 20
48.26000000000091
 40
0.5
  0
CIRCLE
  5
47B
100
AcDbEntity
  8
universal_board
  6
ByLayer
 62
  256
370
   -1
100
AcDbCircle
 10
68.57999999999637
 20
48.26000000000091
 40
0.5
  0
CIRCLE
  5
47C
100
AcDbEntity
  8
universal_board
  6
ByLayer
 62
  256
370
   -1
100
AcDbCircle
 10
66.03999999999651
 20
48.2600000000009
 40
0.5
  0
CIRCLE
  5
47D
100
AcDbEntity
  8
universal_board
  6
ByLayer
 62
  256
370
   -1
100
AcDbCircle
 10
63.49999999999665
 20
48.26000000000089
 40
0.5
  0
CIRCLE
  5
47E
100
AcDbEntity
  8
universal_board
  6
ByLayer
 62
  256
370
   -1
100
AcDbCircle
 10
60.95999999999678
 20
48.26000000000089
 40
0.5
  0
CIRCLE
  5
47F
100
AcDbEntity
  8
universal_board
  6
ByLayer
 62
  256
370
   -1
100
AcDbCircle
 10
58.4199999999969
 20
48.26000000000089
 40
0.5
  0
CIRCLE
  5
480
100
AcDbEntity
  8
universal_board
  6
ByLayer
 62
  256
370
   -1
100
AcDbCircle
 10
55.87999999999703
 20
48.26000000000088
 40
0.5
  0
CIRCLE
  5
481
100
AcDbEntity
  8
universal_board
  6
ByLayer
 62
  256
370
   -1
100
AcDbCircle
 10
53.33999999999718
 20
48.26000000000089
 40
0.5
  0
CIRCLE
  5
482
100
AcDbEntity
  8
universal_board
  6
ByLayer
 62
  256
370
   -1
100
AcDbCircle
 10
50.7999999999973
 20
48.26000000000088
 40
0.5
  0
CIRCLE
  5
483
100
AcDbEntity
  8
universal_board
  6
ByLayer
 62
  256
370
   -1
100
AcDbCircle
 10
48.25999999999742
 20
48.26000000000087
 40
0.5
  0
CIRCLE
  5
484
100
AcDbEntity
  8
universal_board
  6
ByLayer
 62
  256
370
   -1
100
AcDbCircle
 10
45.71999999999754
 20
48.26000000000086
 40
0.5
  0
CIRCLE
  5
485
100
AcDbEntity
  8
universal_board
  6
ByLayer
 62
  256
370
   -1
100
AcDbCircle
 10
78.73999999999587
 20
50.80000000000096
 40
0.5
  0
CIRCLE
  5
486
100
AcDbEntity
  8
universal_board
  6
ByLayer
 62
  256
370
   -1
100
AcDbCircle
 10
76.199999999996
 20
50.80000000000096
 40
0.5
  0
CIRCLE
  5
487
100
AcDbEntity
  8
universal_board
  6
ByLayer
 62
  256
370
   -1
100
AcDbCircle
 10
73.65999999999612
 20
50.80000000000094
 40
0.5
  0
CIRCLE
  5
488
100
AcDbEntity
  8
universal_board
  6
ByLayer
 62
  256
370
   -1
100
AcDbCircle
 10
71.11999999999624
 20
50.80000000000094
 40
0.5
  0
CIRCLE
  5
489
100
AcDbEntity
  8
universal_board
  6
ByLayer
 62
  256
370
   -1
100
AcDbCircle
 10
68.57999999999637
 20
50.80000000000095
 40
0.5
  0
CIRCLE
  5
48A
100
AcDbEntity
  8
universal_board
  6
ByLayer
 62
  256
370
   -1
100
AcDbCircle
 10
66.0399999999965
 20
50.80000000000094
 40
0.5
  0
CIRCLE
  5
48B
100
AcDbEntity
  8
universal_board
  6
ByLayer
 62
  256
370
   -1
100
AcDbCircle
 10
63.49999999999663
 20
50.80000000000092
 40
0.5
  0
CIRCLE
  5
48C
100
AcDbEntity
  8
universal_board
  6
ByLayer
 62
  256
370
   -1
100
AcDbCircle
 10
60.95999999999677
 20
50.80000000000093
 40
0.5
  0
CIRCLE
  5
48D
100
AcDbEntity
  8
universal_board
  6
ByLayer
 62
  256
370
   -1
100
AcDbCircle
 10
58.41999999999689
 20
50.80000000000093
 40
0.5
  0
CIRCLE
  5
48E
100
AcDbEntity
  8
universal_board
  6
ByLayer
 62
  256
370
   -1
100
AcDbCircle
 10
55.87999999999703
 20
50.80000000000092
 40
0.5
  0
CIRCLE
  5
48F
100
AcDbEntity
  8
universal_board
  6
ByLayer
 62
  256
370
   -1
100
AcDbCircle
 10
53.33999999999715
 20
50.80000000000091
 40
0.5
  0
CIRCLE
  5
490
100
AcDbEntity
  8
universal_board
  6
ByLayer
 62
  256
370
   -1
100
AcDbCircle
 10
50.79999999999727
 20
50.80000000000091
 40
0.5
  0
CIRCLE
  5
491
100
AcDbEntity
  8
universal_board
  6
ByLayer
 62
  256
370
   -1
100
AcDbCircle
 10
48.2599999999974
 20
50.80000000000091
 40
0.5
  0
CIRCLE
  5
492
100
AcDbEntity
  8
universal_board
  6
ByLayer
 62
  256
370
   -1
100
AcDbCircle
 10
45.71999999999754
 20
50.8000000000009
 40
0.5
  0
LINE
  5
493
100
AcDbEntity
  8
universal_board
  6
ByLayer
 62
  256
370
   -1
100
AcDbLine
 10
80.00999999999559
 20
52.07000000000099
 11
44.44999999999737
 21
52.07000000000082
  0
LINE
  5
494
100
AcDbEntity
  8
universal_board
  6
ByLayer
 62
  256
370
   -1
100
AcDbLine
 10
80.00999999999593
 20
1.270000000000288
 11
44.44999999999764
 21
1.270000000000119
  0
LINE
  5
495
100
AcDbEntity
  8
universal_board
  6
ByLayer
 62
  256
370
   -1
100
AcDbLine
 10
80.00999999999559
 20
52.07000000000099
 11
80.00999999999593
 21
1.270000000000288
  0
LINE
  5
496
100
AcDbEntity
  8
universal_board
  6
ByLayer
 62
  256
370
   -1
100
AcDbLine
 10
44.44999999999773
 20
1.270000000000119
 11
44.44999999999739
 21
52.07000000000082
  0
LINE
  5
497
100
AcDbEntity
  8
3.3V line
  6
ByLayer
 62
  256
370
  200
100
AcDbLine
 10
45.71999999999761
 20
5.080000000000263
 11
45.71999999999761
 21
7.620000000000298
  0
LINE
  5
498
100
AcDbEntity
  8
0_GND
  6
ByLayer
 62
  256
370
  200
100
AcDbLine
 10
45.71999999999763
 20
2.540000000000235
 11
48.25999999999759
 21
2.540000000000392
  0
LINE
  5
499
100
AcDbEntity
  8
0_GND
  6
ByLayer
 62
  256
370
  200
100
AcDbLine
 10
48.25999999999759
 20
2.540000000000356
 11
55.8799999999972
 21
2.540000000000391
  0
LINE
  5
49A
100
AcDbEntity
  8
3.3V line
  6
ByLayer
 62
  256
370
  200
100
AcDbLine
 10
45.7199999999976
 20
25.40000000000056
 11
48.25999999999748
 21
25.40000000000055
  0
LINE
  5
49B
100
AcDbEntity
  8
0_GND
  6
ByLayer
 62
  256
370
  200
100
AcDbLine
 10
58.41999999999706
 20
2.540000000000392
 11
55.8799999999972
 21
2.540000000000391
  0
LINE
  5
49C
100
AcDbEntity
  8
3.3V line
  6
ByLayer
 62
  256
370
  200
100
AcDbLine
 10
60.95999999999678
 20
35.56000000000072
 11
58.41999999999693
 21
35.5600000000007
  0
LINE
  5
49D
100
AcDbEntity
  8
3.3V line
  6
ByLayer
 62
  256
370
  200
100
AcDbLine
 10
58.419999999997
 20
12.70000000000048
 11
58.41999999999703
 21
5.080000000000426
  0
LINE
  5
49E
100
AcDbEntity
  8
3.3V line
  6
ByLayer
 62
  256
370
  200
100
AcDbLine
 10
60.95999999999691
 20
5.080000000000403
 11
58.41999999999703
 21
5.080000000000405
  0
LINE
  5
49F
100
AcDbEntity
  8
0_wire
  6
ByLayer
 62
  256
370
  200
100
AcDbLine
 10
60.95999999999684
 20
22.86000000000054
 11
55.87999999999712
 21
22.86000000000053
  0
LINE
  5
4A0
100
AcDbEntity
  8
3.3V line
  6
ByLayer
 62
  256
370
  200
100
AcDbLine
 10
55.87999999999707
 20
25.40000000000055
 11
60.95999999999688
 21
25.40000000000057
  0
LINE
  5
4A1
100
AcDbEntity
  8
3.3V line
  6
ByLayer
 62
  256
370
  200
100
AcDbLine
 10
58.419999999997
 20
12.70000000000048
 11
60.95999999999682
 21
12.70000000000039
  0
LINE
  5
4A2
100
AcDbEntity
  8
0_wire
  6
ByLayer
 62
  256
370
  200
100
AcDbLine
 10
53.33999999999722
 20
27.94000000000059
 11
45.7199999999976
 21
27.94000000000059
  0
LINE
  5
4A3
100
AcDbEntity
  8
0_wire
  6
ByLayer
 62
  256
370
  200
100
AcDbLine
 10
50.79999999999734
 20
30.48000000000063
 11
45.7199999999976
 21
30.48000000000063
  0
LINE
  5
4A4
100
AcDbEntity
  8
3.3V line
  6
ByLayer
 62
  256
370
  200
100
AcDbLine
 10
48.25999999999748
 20
25.40000000000055
 11
50.79999999999734
 21
25.40000000000056
  0
LINE
  5
4A5
100
AcDbEntity
  8
5V line
  6
ByLayer
 62
  256
370
  200
100
AcDbLine
 10
45.71999999999763
 20
22.86000000000054
 11
48.25999999999748
 21
22.86000000000053
  0
LINE
  5
4A6
100
AcDbEntity
  8
3.3V line
  6
ByLayer
 62
  256
370
  200
100
AcDbLine
 10
50.79999999999734
 20
25.40000000000056
 11
55.87999999999707
 21
25.40000000000057
  0
LINE
  5
4A7
100
AcDbEntity
  8
0_wire
  6
ByLayer
 62
  256
370
  200
100
AcDbLine
 10
45.71999999999757
 20
35.56000000000071
 11
55.87999999999705
 21
35.56000000000071
  0
LINE
  5
4A8
100
AcDbEntity
  8
0_wire
  6
ByLayer
 62
  256
370
  200
100
AcDbLine
 10
45.71999999999757
 20
33.02000000000066
 11
55.87999999999705
 21
33.02000000000066
  0
LINE
  5
4A9
100
AcDbEntity
  8
0_GND
  6
ByLayer
 62
  256
370
  200
100
AcDbLine
 10
55.87999999999718
 20
7.620000000000433
 11
55.8799999999972
 21
2.540000000000391
  0
LINE
  5
4AA
100
AcDbEntity
  8
0_wire
  6
ByLayer
 62
  256
370
  200
100
AcDbLine
 10
60.95999999999678
 20
33.02000000000069
 11
68.5799999999964
 21
33.0200000000007
  0
LINE
  5
4AB
100
AcDbEntity
  8
0_wire
  6
ByLayer
 62
  256
370
  200
100
AcDbLine
 10
60.95999999999681
 20
30.48000000000064
 11
68.57999999999643
 21
30.48000000000066
  0
LINE
  5
4AC
100
AcDbEntity
  8
0_wire
  6
ByLayer
 62
  256
370
  200
100
AcDbLine
 10
55.87999999999712
 20
20.32000000000054
 11
60.95999999999687
 21
20.32000000000051
  0
LINE
  5
4AD
100
AcDbEntity
  8
0_wire
  6
ByLayer
 62
  256
370
  200
100
AcDbLine
 10
53.33999999999715
 20
45.72000000000084
 11
50.79999999999727
 21
45.72000000000085
  0
LINE
  5
4AE
100
AcDbEntity
  8
5V line
  6
ByLayer
 62
  256
370
  200
100
AcDbLine
 10
55.87999999999703
 20
43.18000000000081
 11
55.87999999999705
 21
40.64000000000078
  0
LINE
  5
4AF
100
AcDbEntity
  8
0_wire
  6
ByLayer
 62
  256
370
  200
100
AcDbLine
 10
53.33999999999722
 20
27.94000000000059
 11
53.33999999999719
 21
30.48000000000063
  0
LINE
  5
4B0
100
AcDbEntity
  8
0_wire
  6
ByLayer
 62
  256
370
  200
100
AcDbLine
 10
60.9599999999969
 20
10.16000000000046
 11
63.49999999999676
 21
10.16000000000046
  0
LINE
  5
4B1
100
AcDbEntity
  8
0_wire
  6
ByLayer
 62
  256
370
  200
100
AcDbLine
 10
60.95999999999692
 20
7.62000000000044
 11
63.49999999999679
 21
7.620000000000447
  0
LINE
  5
4B2
100
AcDbEntity
  8
0_wire
  6
ByLayer
 62
  256
370
  200
100
AcDbLine
 10
60.95999999999682
 20
17.78000000000047
 11
63.49999999999675
 21
17.78000000000053
  0
LINE
  5
4B3
100
AcDbEntity
  8
0_wire
  6
ByLayer
 62
  256
370
  200
100
AcDbLine
 10
60.95999999999688
 20
15.24000000000049
 11
63.49999999999676
 21
15.24000000000049
  0
LINE
  5
4B4
100
AcDbEntity
  8
5V line
  6
ByLayer
 62
  256
370
  200
100
AcDbLine
 10
71.11999999999627
 20
45.72000000000087
 11
66.0399999999965
 21
45.72000000000086
  0
LINE
  5
4B5
100
AcDbEntity
  8
0_wire
  6
ByLayer
 62
  256
370
  200
100
AcDbLine
 10
68.57999999999639
 20
43.18000000000084
 11
66.03999999999652
 21
43.18000000000083
  0
LINE
  5
4B6
100
AcDbEntity
  8
0_wire
  6
ByLayer
 62
  256
370
  200
100
AcDbLine
 10
68.5799999999964
 20
40.6400000000008
 11
66.03999999999652
 21
40.64000000000079
  0
LINE
  5
4B7
100
AcDbEntity
  8
0_GND
  6
ByLayer
 62
  256
370
  200
100
AcDbLine
 10
68.57999999999637
 20
38.10000000000075
 11
71.11999999999627
 21
38.10000000000077
  0
LINE
  5
4B8
100
AcDbEntity
  8
0_wire
  6
ByLayer
 62
  256
370
  200
100
AcDbLine
 10
71.11999999999628
 20
40.6400000000008
 11
76.19999999999604
 21
40.6400000000008
  0
LINE
  5
4B9
100
AcDbEntity
  8
0_wire
  6
ByLayer
 62
  256
370
  200
100
AcDbLine
 10
76.19999999999604
 20
40.6400000000008
 11
76.19999999999604
 21
30.48000000000068
  0
LINE
  5
4BA
100
AcDbEntity
  8
0_wire
  6
ByLayer
 62
  256
370
  200
100
AcDbLine
 10
78.7399999999959
 20
33.02000000000072
 11
78.73999999999589
 21
43.18000000000085
  0
LINE
  5
4BB
100
AcDbEntity
  8
0_wire
  6
ByLayer
 62
  256
370
  200
100
AcDbLine
 10
78.73999999999589
 20
43.18000000000085
 11
71.11999999999627
 21
43.18000000000084
  0
LINE
  5
4BC
100
AcDbEntity
  8
0_GND
  6
ByLayer
 62
  256
370
  200
100
AcDbLine
 10
68.57999999999637
 20
38.10000000000075
 11
66.03999999999651
 21
38.10000000000076
  0
LINE
  5
4BD
100
AcDbEntity
  8
0_GND
  6
ByLayer
 62
  256
370
  200
100
AcDbLine
 10
66.03999999999651
 20
38.10000000000076
 11
66.03999999999654
 21
35.56000000000072
  0
LINE
  5
4BE
100
AcDbEntity
  8
0_wire
  6
ByLayer
 62
  256
370
  200
100
AcDbLine
 10
71.11999999999637
 20
17.78000000000052
 11
76.19999999999604
 21
17.78000000000045
  0
LINE
  5
4BF
100
AcDbEntity
  8
0_wire
  6
ByLayer
 62
  256
370
  200
100
AcDbLine
 10
71.11999999999637
 20
20.32000000000055
 11
78.739999999996
 21
20.32000000000057
  0
LINE
  5
4C0
100
AcDbEntity
  8
0_GND
  6
ByLayer
 62
  256
370
  200
100
AcDbLine
 10
71.11999999999638
 20
15.24000000000052
 11
68.57999999999652
 21
15.2400000000005
  0
LINE
  5
4C1
100
AcDbEntity
  8
0_GND
  6
ByLayer
 62
  256
370
  200
100
AcDbLine
 10
68.57999999999652
 20
15.2400000000005
 11
66.03999999999664
 21
15.24000000000051
  0
LINE
  5
4C2
100
AcDbEntity
  8
0_wire
  6
ByLayer
 62
  256
370
  200
100
AcDbLine
 10
68.57999999999649
 20
17.78000000000051
 11
66.03999999999664
 21
17.78000000000052
  0
LINE
  5
4C3
100
AcDbEntity
  8
0_wire
  6
ByLayer
 62
  256
370
  200
100
AcDbLine
 10
68.57999999999649
 20
20.32000000000055
 11
66.03999999999664
 21
20.32000000000054
  0
LINE
  5
4C4
100
AcDbEntity
  8
5V line
  6
ByLayer
 62
  256
370
  200
100
AcDbLine
 10
68.57999999999647
 20
22.86000000000059
 11
66.03999999999661
 21
22.86000000000056
  0
LINE
  5
4C5
100
AcDbEntity
  8
5V line
  6
ByLayer
 62
  256
370
  200
100
AcDbLine
 10
68.57999999999647
 20
22.86000000000059
 11
71.11999999999634
 21
22.86000000000056
  0
LINE
  5
4C6
100
AcDbEntity
  8
0_wire
  6
ByLayer
 62
  256
370
  200
100
AcDbLine
 10
78.73999999999602
 20
10.16000000000049
 11
78.73999999999597
 21
20.32000000000055
  0
LINE
  5
4C7
100
AcDbEntity
  8
0_wire
  6
ByLayer
 62
  256
370
  200
100
AcDbLine
 10
76.19999999999615
 20
7.620000000000461
 11
76.19999999999607
 21
17.78000000000048
  0
LINE
  5
4C8
100
AcDbEntity
  8
0_wire
  6
ByLayer
 62
  256
370
  200
100
AcDbLine
 10
58.4199999999969
 20
40.64000000000079
 11
66.03999999999651
 21
40.64000000000079
  0
LINE
  5
4C9
100
AcDbEntity
  8
0_wire
  6
ByLayer
 62
  256
370
  200
100
AcDbLine
 10
63.49999999999676
 20
10.16000000000046
 11
68.5799999999965
 21
10.16000000000045
  0
LINE
  5
4CA
100
AcDbEntity
  8
0_wire
  6
ByLayer
 62
  256
370
  200
100
AcDbLine
 10
76.19999999999608
 20
7.620000000000354
 11
73.65999999999627
 21
7.620000000000461
  0
LINE
  5
4CB
100
AcDbEntity
  8
0_wire
  6
ByLayer
 62
  256
370
  200
100
AcDbLine
 10
63.49999999999679
 20
7.620000000000447
 11
68.57999999999653
 21
7.620000000000461
  0
LINE
  5
4CC
100
AcDbEntity
  8
0_GND
  6
ByLayer
 62
  256
370
  200
100
AcDbLine
 10
66.03999999999662
 20
15.2400000000005
 11
66.03999999999662
 21
12.70000000000048
  0
LINE
  5
4CD
100
AcDbEntity
  8
5V line
  6
ByLayer
 62
  256
370
  200
100
AcDbLine
 10
66.0399999999965
 20
45.72000000000086
 11
63.49999999999665
 21
45.72000000000085
  0
LINE
  5
4CE
100
AcDbEntity
  8
0_GND
  6
ByLayer
 62
  256
370
  200
100
AcDbLine
 10
55.87999999999703
 20
45.72000000000117
 11
55.87999999999703
 21
50.80000000000092
  0
LINE
  5
4CF
100
AcDbEntity
  8
0_GND
  6
ByLayer
 62
  256
370
  200
100
AcDbLine
 10
55.87999999999703
 20
45.72000000000086
 11
60.95999999999675
 21
45.72000000000086
  0
LINE
  5
4D0
100
AcDbEntity
  8
0_GND
  6
ByLayer
 62
  256
370
  200
100
AcDbLine
 10
55.87999999999703
 20
50.80000000000092
 11
66.0399999999965
 21
50.80000000000094
  0
LINE
  5
4D1
100
AcDbEntity
  8
0_GND
  6
ByLayer
 62
  256
370
  200
100
AcDbLine
 10
66.0399999999965
 20
50.80000000000094
 11
76.199999999996
 21
50.80000000000096
  0
LINE
  5
4D2
100
AcDbEntity
  8
0_GND
  6
ByLayer
 62
  256
370
  200
100
AcDbLine
 10
76.199999999996
 20
50.80000000000096
 11
76.19999999999602
 21
48.26000000000092
  0
LINE
  5
4D3
100
AcDbEntity
  8
0_wire
  6
ByLayer
 62
  256
370
  200
100
AcDbLine
 10
73.65999999999617
 20
30.48000000000066
 11
76.19999999999604
 21
30.48000000000068
  0
LINE
  5
4D4
100
AcDbEntity
  8
0_wire
  6
ByLayer
 62
  256
370
  200
100
AcDbLine
 10
60.95999999999678
 20
38.10000000000075
 11
58.4199999999969
 21
38.10000000000074
  0
LINE
  5
4D5
100
AcDbEntity
  8
5V line
  6
ByLayer
 62
  256
370
  200
100
AcDbLine
 10
55.87999999999705
 20
40.64000000000078
 11
55.87999999999704
 21
38.10000000000074
  0
LINE
  5
4D6
100
AcDbEntity
  8
0_wire
  6
ByLayer
 62
  256
370
  200
100
AcDbLine
 10
66.03999999999652
 20
43.18000000000083
 11
63.49999999999665
 21
43.18000000000082
  0
LINE
  5
4D7
100
AcDbEntity
  8
0_GND
  6
ByLayer
 62
  256
370
  200
100
AcDbLine
 10
66.03999999999651
 20
38.10000000000076
 11
63.49999999999665
 21
38.10000000000075
  0
LINE
  5
4D8
100
AcDbEntity
  8
0_GND
  6
ByLayer
 62
  256
370
  200
100
AcDbLine
 10
71.11999999999627
 20
38.10000000000077
 11
71.11999999999631
 21
27.94000000000063
  0
LINE
  5
4D9
100
AcDbEntity
  8
0_GND
  6
ByLayer
 62
  256
370
  200
100
AcDbLine
 10
71.11999999999631
 20
27.94000000000063
 11
76.19999999999605
 21
27.94000000000063
  0
LINE
  5
4DA
100
AcDbEntity
  8
0_GND
  6
ByLayer
 62
  256
370
  200
100
AcDbLine
 10
76.19999999999605
 20
27.94000000000063
 11
76.19999999999604
 21
25.4000000000006
  0
LINE
  5
4DB
100
AcDbEntity
  8
0_GND
  6
ByLayer
 62
  256
370
  200
100
AcDbLine
 10
71.11999999999637
 20
15.2400000000005
 11
71.11999999999641
 21
2.540000000000434
  0
LINE
  5
4DC
100
AcDbEntity
  8
0_GND
  6
ByLayer
 62
  256
370
  200
100
AcDbLine
 10
71.11999999999641
 20
2.540000000000434
 11
58.41999999999706
 21
2.540000000000392
  0
LINE
  5
4DD
100
AcDbEntity
  8
0_GND
  6
ByLayer
 62
  256
370
  200
100
AcDbLine
 10
55.87999999999703
 20
50.80000000000092
 11
48.2599999999974
 21
50.80000000000091
  0
LINE
  5
4DE
100
AcDbEntity
  8
0_wire
  6
ByLayer
 62
  256
370
  200
100
AcDbLine
 10
60.95999999999684
 20
27.94000000000062
 11
63.49999999999669
 21
27.94000000000062
  0
LINE
  5
4DF
100
AcDbEntity
  8
3.3V line
  6
ByLayer
 62
  256
370
  200
100
AcDbLine
 10
58.41999999999693
 20
35.5600000000007
 11
58.41999999999699
 21
25.40000000000056
  0
LINE
  5
4E0
100
AcDbEntity
  8
0_wire
  6
ByLayer
 62
  256
370
  200
100
AcDbLine
 10
55.8799999999971
 20
22.86000000000055
 11
53.33999999999725
 21
22.86000000000054
  0
LINE
  5
4E1
100
AcDbEntity
  8
0_wire
  6
ByLayer
 62
  256
370
  200
100
AcDbLine
 10
55.87999999999712
 20
20.32000000000053
 11
53.33999999999725
 21
20.32000000000052
  0
LINE
  5
4E2
100
AcDbEntity
  8
3.3V line
  6
ByLayer
 62
  256
370
  200
100
AcDbLine
 10
50.79999999999734
 20
25.40000000000056
 11
50.79999999999738
 21
20.32000000000052
  0
LINE
  5
4E3
100
AcDbEntity
  8
3.3V line
  6
ByLayer
 62
  256
370
  200
100
AcDbLine
 10
50.79999999999738
 20
20.32000000000052
 11
45.71999999999765
 21
20.32000000000051
  0
LINE
  5
4E4
100
AcDbEntity
  8
3.3V line
  6
ByLayer
 62
  256
370
  200
100
AcDbLine
 10
45.71999999999765
 20
20.32000000000051
 11
45.71999999999763
 21
17.78000000000052
  0
LINE
  5
4E5
100
AcDbEntity
  8
0_GND
  6
ByLayer
 62
  256
370
  200
100
AcDbLine
 10
55.87999999999718
 20
7.620000000000433
 11
55.87999999999715
 21
10.16000000000044
  0
LINE
  5
4E6
100
AcDbEntity
  8
0_wire
  6
ByLayer
 62
  256
370
  200
100
AcDbLine
 10
53.33999999999725
 20
17.7800000000005
 11
53.33999999999726
 21
12.70000000000045
  0
LINE
  5
4E7
100
AcDbEntity
  8
0_wire
  6
ByLayer
 62
  256
370
  200
100
AcDbLine
 10
53.33999999999725
 20
20.32000000000052
 11
53.33999999999725
 21
17.7800000000005
  0
LINE
  5
4E8
100
AcDbEntity
  8
0_GND
  6
ByLayer
 62
  256
370
  200
100
AcDbLine
 10
58.41999999999697
 20
17.78000000000052
 11
58.419999999997
 21
15.24000000000049
  0
LINE
  5
4E9
100
AcDbEntity
  8
0_GND
  6
ByLayer
 62
  256
370
  200
100
AcDbLine
 10
58.419999999997
 20
15.24000000000049
 11
55.87999999999712
 21
15.24000000000049
  0
LINE
  5
4EA
100
AcDbEntity
  8
0_GND
  6
ByLayer
 62
  256
370
  200
100
AcDbLine
 10
55.87999999999712
 20
15.24000000000049
 11
55.87999999999715
 21
10.16000000000044
  0
LINE
  5
4EB
100
AcDbEntity
  8
3.3V line
  6
ByLayer
 62
  256
370
  200
100
AcDbLine
 10
45.7199999999976
 20
17.78000000000045
 11
45.71999999999765
 21
15.24000000000046
  0
LINE
  5
4EC
100
AcDbEntity
  8
0_wire
  6
ByLayer
 62
  256
370
  200
100
AcDbLine
 10
45.71999999999768
 20
10.16000000000045
 11
45.7199999999976
 21
12.70000000000038
  0
LINE
  5
4ED
100
AcDbEntity
  8
3.3V line
  6
ByLayer
 62
  256
370
  200
100
AcDbLine
 10
45.71999999999763
 20
15.24000000000041
 11
48.25999999999753
 21
15.24000000000047
  0
LINE
  5
4EE
100
AcDbEntity
  8
3.3V line
  6
ByLayer
 62
  256
370
  200
100
AcDbLine
 10
48.25999999999753
 20
15.24000000000047
 11
48.25999999999756
 21
7.620000000000426
  0
LINE
  5
4EF
100
AcDbEntity
  8
3.3V line
  6
ByLayer
 62
  256
370
  200
100
AcDbLine
 10
45.71999999999761
 20
7.620000000000298
 11
48.25999999999756
 21
7.620000000000358
  0
LINE
  5
4F0
100
AcDbEntity
  8
0_GND
  6
ByLayer
 62
  256
370
  200
100
AcDbLine
 10
55.87999999999715
 20
10.16000000000044
 11
50.79999999999741
 21
10.16000000000042
  0
LINE
  5
4F1
100
AcDbEntity
  8
0_GND
  6
ByLayer
 62
  256
370
  200
100
AcDbLine
 10
50.79999999999741
 20
10.16000000000042
 11
50.79999999999738
 21
17.78000000000051
  0
LINE
  5
4F2
100
AcDbEntity
  8
3.3V line
  6
ByLayer
 62
  256
370
  200
100
AcDbLine
 10
58.41999999999696
 20
30.48000000000064
 11
55.87999999999708
 21
30.48000000000064
  0
LINE
  5
4F3
100
AcDbEntity
  8
3.3V line
  6
ByLayer
 62
  256
370
  200
100
AcDbLine
 10
55.87999999999708
 20
30.48000000000064
 11
55.87999999999707
 21
25.40000000000057
  0
LINE
  5
4F4
100
AcDbEntity
  8
3.3V line
  6
ByLayer
 62
  256
370
  200
100
AcDbLine
 10
45.71999999999761
 20
5.080000000000263
 11
48.25999999999756
 21
5.080000000000391
  0
LINE
  5
4F5
100
AcDbEntity
  8
3.3V line
  6
ByLayer
 62
  256
370
  200
100
AcDbLine
 10
48.25999999999756
 20
5.080000000000391
 11
53.33999999999729
 21
5.080000000000405
  0
LINE
  5
4F6
100
AcDbEntity
  8
5V line
  6
ByLayer
 62
  256
370
  200
100
AcDbLine
 10
45.71999999999754
 20
38.10000000000073
 11
48.2599999999974
 21
38.10000000000075
  0
LINE
  5
4F7
100
AcDbEntity
  8
0_GND
  6
ByLayer
 62
  256
370
  200
100
AcDbLine
 10
48.2599999999974
 20
50.80000000000091
 11
45.71999999999754
 21
50.8000000000009
  0
LINE
  5
4F8
100
AcDbEntity
  8
0_GND
  6
ByLayer
 62
  256
370
  200
100
AcDbLine
 10
45.71999999999754
 20
50.8000000000009
 11
45.71999999999755
 21
40.64000000000075
  0
LINE
  5
4F9
100
AcDbEntity
  8
0_wire
  6
ByLayer
 62
  256
370
  200
100
AcDbLine
 10
53.33999999999718
 20
43.18000000000081
 11
53.33999999999719
 21
40.64000000000078
  0
LINE
  5
4FA
100
AcDbEntity
  8
0_wire
  6
ByLayer
 62
  256
370
  200
100
AcDbLine
 10
50.79999999999728
 20
45.72000000000085
 11
50.79999999999733
 21
40.64000000000078
  0
LINE
  5
4FB
100
AcDbEntity
  8
5V line
  6
ByLayer
 62
  256
370
  200
100
AcDbLine
 10
48.2599999999974
 20
38.10000000000073
 11
55.87999999999704
 21
38.10000000000074
  0
LINE
  5
4FC
100
AcDbEntity
  8
0_wire
  6
ByLayer
 62
  256
370
  200
100
AcDbLine
 10
63.49999999999669
 20
27.94000000000062
 11
68.57999999999645
 21
27.94000000000062
  0
LINE
  5
4FD
100
AcDbEntity
  8
5V line
  6
ByLayer
 62
  256
370
  200
100
AcDbLine
 10
63.49999999999665
 20
48.26000000000089
 11
63.49999999999665
 21
45.72000000000085
  0
LINE
  5
4FE
100
AcDbEntity
  8
universal_board
  6
ByLayer
 62
  256
370
   -1
100
AcDbLine
 10
80.00999999999593
 20
3.810000000000323
 11
44.44999999999764
 21
3.810000000000154
  0
LINE
  5
4FF
100
AcDbEntity
  8
universal_board
  6
ByLayer
 62
  256
370
   -1
100
AcDbLine
 10
80.00999999999593
 20
6.350000000000358
 11
44.44999999999764
 21
6.350000000000189
  0
LINE
  5
500
100
AcDbEntity
  8
universal_board
  6
ByLayer
 62
  256
370
   -1
100
AcDbLine
 10
80.00999999999593
 20
8.890000000000395
 11
44.44999999999764
 21
8.890000000000224
  0
LINE
  5
501
100
AcDbEntity
  8
universal_board
  6
ByLayer
 62
  256
370
   -1
100
AcDbLine
 10
80.00999999999593
 20
11.43000000000043
 11
44.44999999999764
 21
11.43000000000026
  0
LINE
  5
502
100
AcDbEntity
  8
universal_board
  6
ByLayer
 62
  256
370
   -1
100
AcDbLine
 10
80.00999999999593
 20
13.97000000000046
 11
44.44999999999764
 21
13.97000000000029
  0
LINE
  5
503
100
AcDbEntity
  8
universal_board
  6
ByLayer
 62
  256
370
   -1
100
AcDbLine
 10
80.00999999999593
 20
16.5100000000005
 11
44.44999999999764
 21
16.51000000000033
  0
LINE
  5
504
100
AcDbEntity
  8
universal_board
  6
ByLayer
 62
  256
370
   -1
100
AcDbLine
 10
80.00999999999593
 20
19.05000000000053
 11
44.44999999999764
 21
19.05000000000037
  0
LINE
  5
505
100
AcDbEntity
  8
universal_board
  6
ByLayer
 62
  256
370
   -1
100
AcDbLine
 10
80.00999999999593
 20
21.59000000000057
 11
44.44999999999764
 21
21.5900000000004
  0
LINE
  5
506
100
AcDbEntity
  8
universal_board
  6
ByLayer
 62
  256
370
   -1
100
AcDbLine
 10
80.00999999999593
 20
24.1300000000006
 11
44.44999999999764
 21
24.13000000000044
  0
LINE
  5
507
100
AcDbEntity
  8
universal_board
  6
ByLayer
 62
  256
370
   -1
100
AcDbLine
 10
80.00999999999593
 20
26.67000000000064
 11
44.44999999999764
 21
26.67000000000047
  0
LINE
  5
508
100
AcDbEntity
  8
universal_board
  6
ByLayer
 62
  256
370
   -1
100
AcDbLine
 10
80.00999999999593
 20
29.21000000000067
 11
44.44999999999764
 21
29.21000000000051
  0
LINE
  5
509
100
AcDbEntity
  8
universal_board
  6
ByLayer
 62
  256
370
   -1
100
AcDbLine
 10
80.00999999999593
 20
31.75000000000071
 11
44.44999999999764
 21
31.75000000000054
  0
LINE
  5
50A
100
AcDbEntity
  8
universal_board
  6
ByLayer
 62
  256
370
   -1
100
AcDbLine
 10
80.00999999999593
 20
34.29000000000075
 11
44.44999999999764
 21
34.29000000000057
  0
LINE
  5
50B
100
AcDbEntity
  8
universal_board
  6
ByLayer
 62
  256
370
   -1
100
AcDbLine
 10
80.00999999999593
 20
36.83000000000078
 11
44.44999999999764
 21
36.83000000000061
  0
LINE
  5
50C
100
AcDbEntity
  8
universal_board
  6
ByLayer
 62
  256
370
   -1
100
AcDbLine
 10
80.00999999999593
 20
39.37000000000081
 11
44.44999999999764
 21
39.37000000000064
  0
LINE
  5
50D
100
AcDbEntity
  8
universal_board
  6
ByLayer
 62
  256
370
   -1
100
AcDbLine
 10
80.00999999999593
 20
41.91000000000085
 11
44.44999999999764
 21
41.91000000000068
  0
LINE
  5
50E
100
AcDbEntity
  8
universal_board
  6
ByLayer
 62
  256
370
   -1
100
AcDbLine
 10
80.00999999999593
 20
44.45000000000088
 11
44.44999999999764
 21
44.45000000000071
  0
LINE
  5
50F
100
AcDbEntity
  8
universal_board
  6
ByLayer
 62
  256
370
   -1
100
AcDbLine
 10
80.00999999999593
 20
46.99000000000092
 11
44.44999999999764
 21
46.99000000000075
  0
LINE
  5
510
100
AcDbEntity
  8
universal_board
  6
ByLayer
 62
  256
370
   -1
100
AcDbLine
 10
80.00999999999593
 20
49.53000000000095
 11
44.44999999999764
 21
49.53000000000078
  0
LINE
  5
511
100
AcDbEntity
  8
universal_board
  6
ByLayer
 62
  256
370
   -1
100
AcDbLine
 10
77.46999999999568
 20
52.07000000000099
 11
77.46999999999602
 21
1.270000000000285
  0
LINE
  5
512
100
AcDbEntity
  8
universal_board
  6
ByLayer
 62
  256
370
   -1
100
AcDbLine
 10
74.92999999999577
 20
52.07000000000098
 11
74.92999999999611
 21
1.270000000000281
  0
LINE
  5
513
100
AcDbEntity
  8
universal_board
  6
ByLayer
 62
  256
370
   -1
100
AcDbLine
 10
72.38999999999587
 20
52.07000000000097
 11
72.38999999999621
 21
1.270000000000278
  0
LINE
  5
514
100
AcDbEntity
  8
universal_board
  6
ByLayer
 62
  256
370
   -1
100
AcDbLine
 10
69.84999999999596
 20
52.07000000000097
 11
69.8499999999963
 21
1.270000000000274
  0
LINE
  5
515
100
AcDbEntity
  8
universal_board
  6
ByLayer
 62
  256
370
   -1
100
AcDbLine
 10
67.30999999999605
 20
52.07000000000097
 11
67.30999999999639
 21
1.27000000000027
  0
LINE
  5
516
100
AcDbEntity
  8
universal_board
  6
ByLayer
 62
  256
370
   -1
100
AcDbLine
 10
64.76999999999614
 20
52.07000000000097
 11
64.76999999999649
 21
1.270000000000267
  0
LINE
  5
517
100
AcDbEntity
  8
universal_board
  6
ByLayer
 62
  256
370
   -1
100
AcDbLine
 10
62.22999999999624
 20
52.07000000000096
 11
62.22999999999658
 21
1.270000000000263
  0
LINE
  5
518
100
AcDbEntity
  8
universal_board
  6
ByLayer
 62
  256
370
   -1
100
AcDbLine
 10
59.68999999999633
 20
52.07000000000096
 11
59.68999999999667
 21
1.27000000000026
  0
LINE
  5
519
100
AcDbEntity
  8
universal_board
  6
ByLayer
 62
  256
370
   -1
100
AcDbLine
 10
57.14999999999642
 20
52.07000000000096
 11
57.14999999999677
 21
1.270000000000256
  0
LINE
  5
51A
100
AcDbEntity
  8
universal_board
  6
ByLayer
 62
  256
370
   -1
100
AcDbLine
 10
54.60999999999652
 20
52.07000000000095
 11
54.60999999999686
 21
1.270000000000253
  0
LINE
  5
51B
100
AcDbEntity
  8
universal_board
  6
ByLayer
 62
  256
370
   -1
100
AcDbLine
 10
52.06999999999661
 20
52.07000000000095
 11
52.06999999999695
 21
1.270000000000249
  0
LINE
  5
51C
100
AcDbEntity
  8
universal_board
  6
ByLayer
 62
  256
370
   -1
100
AcDbLine
 10
49.5299999999967
 20
52.07000000000095
 11
49.52999999999705
 21
1.270000000000246
  0
LINE
  5
51D
100
AcDbEntity
  8
universal_board
  6
ByLayer
 62
  256
370
   -1
100
AcDbLine
 10
46.9899999999968
 20
52.07000000000095
 11
46.98999999999714
 21
1.270000000000242
  0
ENDSEC
  0
SECTION
  2
OBJECTS
  0
DICTIONARY
  5
C
330
0
100
AcDbDictionary
281
    1
  3
ACAD_GROUP
350
D
  0
DICTIONARY
  5
D
330
C
100
AcDbDictionary
281
    1
  0
PLOTSETTINGS
  5
51E
100
AcDbPlotSettings
  6
1x1
 40
5
 41
5
 42
5
 43
5
  0
ENDSEC
  0
EOF
