999
dxfrw 0.6.3
  0
SECTION
  2
HEADER
  9
$ACADVER
  1
AC1021
  9
$DWGCODEPAGE
  3
ANSI_1252
  9
$INSBASE
 10
0
 20
0
 30
0
  9
$EXTMIN
 10
-23.41266501333634
 20
-2.388640661938538
 30
0
  9
$EXTMAX
 10
39.37000000000007
 20
35.96000000000026
 30
0
  9
$LIMMIN
 10
0
 20
0
  9
$LIMMAX
 10
420
 20
297
  9
$ORTHOMODE
 70
    0
  9
$REGENMODE
 70
    1
  9
$FILLMODE
 70
    1
  9
$QTEXTMODE
 70
    0
  9
$MIRRTEXT
 70
    0
  9
$LTSCALE
 40
1
  9
$ATTMODE
 70
    0
  9
$TEXTSIZE
 40
2.5
  9
$TRACEWID
 40
15.68
  9
$TEXTSTYLE
  7
STANDARD
  9
$CLAYER
  8
terminal
  9
$CELTYPE
  6
BYLAYER
  9
$CECOLOR
 62
  256
  9
$CELTSCALE
 40
1
  9
$DISPSILH
 70
    0
  9
$DIMSCALE
 40
1
  9
$DIMASZ
 40
2.5
  9
$DIMEXO
 40
0.625
  9
$DIMDLI
 40
3.75
  9
$DIMRND
 40
0
  9
$DIMDLE
 40
0
  9
$DIMEXE
 40
1.25
  9
$DIMTP
 40
0
  9
$DIMTM
 40
0
  9
$DIMTXT
 40
2.5
  9
$DIMCEN
 40
2.5
  9
$DIMTSZ
 40
0
  9
$DIMTOL
 70
    0
  9
$DIMLIM
 70
    0
  9
$DIMTIH
 70
    0
  9
$DIMTOH
 70
    0
  9
$DIMSE1
 70
    0
  9
$DIMSE2
 70
    0
  9
$DIMTAD
 70
    1
  9
$DIMZIN
 70
    8
  9
$DIMBLK
  1

  9
$DIMASO
 70
    1
  9
$DIMSHO
 70
    1
  9
$DIMPOST
  1

  9
$DIMAPOST
  1

  9
$DIMALT
 70
    0
  9
$DIMALTD
 70
    3
  9
$DIMALTF
 40
0.03937
  9
$DIMLFAC
 40
1
  9
$DIMTOFL
 70
    1
  9
$DIMTVP
 40
0
  9
$DIMTIX
 70
    0
  9
$DIMSOXD
 70
    0
  9
$DIMSAH
 70
    0
  9
$DIMBLK1
  1

  9
$DIMBLK2
  1

  9
$DIMSTYLE
  2
STANDARD
  9
$DIMCLRD
 70
    0
  9
$DIMCLRE
 70
    0
  9
$DIMCLRT
 70
    0
  9
$DIMTFAC
 40
1
  9
$DIMGAP
 40
0.625
  9
$DIMJUST
 70
    0
  9
$DIMSD1
 70
    0
  9
$DIMSD2
 70
    0
  9
$DIMTOLJ
 70
    0
  9
$DIMTZIN
 70
    8
  9
$DIMALTZ
 70
    0
  9
$DIMALTTZ
 70
    0
  9
$DIMUPT
 70
    0
  9
$DIMDEC
 70
    2
  9
$DIMTDEC
 70
    2
  9
$DIMALTU
 70
    2
  9
$DIMALTTD
 70
    3
  9
$DIMTXSTY
  7
standard
  9
$DIMAUNIT
 70
    0
  9
$DIMADEC
 70
    0
  9
$DIMALTRND
 40
0
  9
$DIMAZIN
 70
    0
  9
$DIMDSEP
 70
   44
  9
$DIMATFIT
 70
    3
  9
$DIMFRAC
 70
    0
  9
$DIMLDRBLK
  1
STANDARD
  9
$DIMLUNIT
 70
    2
  9
$DIMLWD
 70
   -2
  9
$DIMLWE
 70
   -2
  9
$DIMTMOVE
 70
    0
  9
$DIMFXL
 40
1
  9
$DIMFXLON
 70
    0
  9
$DIMJOGANG
 40
0.7854
  9
$DIMTFILL
 70
    0
  9
$DIMTFILLCLR
 70
    0
  9
$DIMARCSYM
 70
    0
  9
$DIMLTYPE
  6

  9
$DIMLTEX1
  6

  9
$DIMLTEX2
  6

  9
$LUNITS
 70
    2
  9
$LUPREC
 70
    4
  9
$SKETCHINC
 40
1
  9
$FILLETRAD
 40
0
  9
$AUNITS
 70
    0
  9
$AUPREC
 70
    2
  9
$MENU
  1
.
  9
$ELEVATION
 40
0
  9
$PELEVATION
 40
0
  9
$THICKNESS
 40
0
  9
$LIMCHECK
 70
    0
  9
$CHAMFERA
 40
0
  9
$CHAMFERB
 40
0
  9
$CHAMFERC
 40
0
  9
$CHAMFERD
 40
0
  9
$SKPOLY
 70
    0
  9
$USRTIMER
 70
    1
  9
$ANGBASE
 50
0
  9
$ANGDIR
 70
    0
  9
$PDMODE
 70
   34
  9
$PDSIZE
 40
0
  9
$PLINEWID
 40
0
  9
$SPLFRAME
 70
    0
  9
$SPLINETYPE
 70
    2
  9
$SPLINESEGS
 70
    8
  9
$HANDSEED
  5
20000
  9
$SURFTAB1
 70
    6
  9
$SURFTAB2
 70
    6
  9
$SURFTYPE
 70
    6
  9
$SURFU
 70
    6
  9
$SURFV
 70
    6
  9
$UCSBASE
  2

  9
$UCSNAME
  2

  9
$UCSORG
 10
0
 20
0
 30
0
  9
$UCSXDIR
 10
1
 20
0
 30
0
  9
$UCSYDIR
 10
0
 20
1
 30
0
  9
$UCSORTHOREF
  2

  9
$UCSORTHOVIEW
 70
    0
  9
$UCSORGTOP
 10
0
 20
0
 30
0
  9
$UCSORGBOTTOM
 10
0
 20
0
 30
0
  9
$UCSORGLEFT
 10
0
 20
0
 30
0
  9
$UCSORGRIGHT
 10
0
 20
0
 30
0
  9
$UCSORGFRONT
 10
0
 20
0
 30
0
  9
$UCSORGBACK
 10
0
 20
0
 30
0
  9
$PUCSBASE
  2

  9
$PUCSNAME
  2

  9
$PUCSORG
 10
0
 20
0
 30
0
  9
$PUCSXDIR
 10
1
 20
0
 30
0
  9
$PUCSYDIR
 10
0
 20
1
 30
0
  9
$PUCSORTHOREF
  2

  9
$PUCSORTHOVIEW
 70
    0
  9
$PUCSORGTOP
 10
0
 20
0
 30
0
  9
$PUCSORGBOTTOM
 10
0
 20
0
 30
0
  9
$PUCSORGLEFT
 10
0
 20
0
 30
0
  9
$PUCSORGRIGHT
 10
0
 20
0
 30
0
  9
$PUCSORGFRONT
 10
0
 20
0
 30
0
  9
$PUCSORGBACK
 10
0
 20
0
 30
0
  9
$USERI1
 70
    0
  9
$USERI2
 70
    0
  9
$USERI3
 70
    0
  9
$USERI4
 70
    0
  9
$USERI5
 70
    0
  9
$USERR1
 40
0
  9
$USERR2
 40
0
  9
$USERR3
 40
0
  9
$USERR4
 40
0
  9
$USERR5
 40
0
  9
$WORLDVIEW
 70
    1
  9
$SHADEDGE
 70
    3
  9
$SHADEDIF
 70
   70
  9
$TILEMODE
 70
    1
  9
$MAXACTVP
 70
   64
  9
$PINSBASE
 10
112.0269135182486
 20
28.26719383465936
 30
0
  9
$PLIMCHECK
 70
    0
  9
$PEXTMIN
 10
0
 20
0
 30
0
  9
$PEXTMAX
 10
0
 20
0
 30
0
  9
$GRIDMODE
 70
    0
  9
$SNAPSTYLE
 70
    0
  9
$GRIDUNIT
 10
0
 20
0
  9
$PLIMMIN
 10
0
 20
0
  9
$PLIMMAX
 10
297
 20
210
  9
$UNITMODE
 70
    0
  9
$VISRETAIN
 70
    1
  9
$PLINEGEN
 70
    0
  9
$PSLTSCALE
 70
    1
  9
$TREEDEPTH
 70
 3020
  9
$CMLSTYLE
  2
Standard
  9
$CMLJUST
 70
    0
  9
$CMLSCALE
 40
20
  9
$PROXYGRAPHICS
 70
    1
  9
$MEASUREMENT
 70
    1
  9
$CELWEIGHT
370
   -1
  9
$ENDCAPS
280
    0
  9
$JOINSTYLE
280
    0
  9
$LWDISPLAY
290
    0
  9
$INSUNITS
 70
    0
  9
$HYPERLINKBASE
  1

  9
$STYLESHEET
  1

  9
$XEDIT
290
    1
  9
$CEPSNTYPE
380
    0
  9
$PSTYLEMODE
290
    1
  9
$EXTNAMES
290
    1
  9
$PSVPSCALE
 40
4.571325539287555
  9
$OLESTARTUP
290
    0
  9
$SORTENTS
280
  127
  9
$INDEXCTL
280
    0
  9
$HIDETEXT
280
    1
  9
$XCLIPFRAME
290
    0
  9
$HALOGAP
280
    0
  9
$OBSCOLOR
 70
  257
  9
$OBSLTYPE
280
    0
  9
$INTERSECTIONDISPLAY
280
    0
  9
$INTERSECTIONCOLOR
 70
  257
  9
$DIMASSOC
280
    1
  9
$PROJECTNAME
  1

  9
$CAMERADISPLAY
290
    0
  9
$LENSLENGTH
 40
50
  9
$CAMERAHEIGHT
 40
0
  9
$STEPSPERSEC
 40
2
  9
$STEPSIZE
 40
50
  9
$3DDWFPREC
 40
2
  9
$PSOLWIDTH
 40
5
  9
$PSOLHEIGHT
 40
80
  9
$LOFTANG1
 40
1.570796326794897
  9
$LOFTANG2
 40
1.570796326794897
  9
$LOFTMAG1
 40
0
  9
$LOFTMAG2
 40
0
  9
$LOFTPARAM
 70
    7
  9
$LOFTNORMALS
280
    1
  9
$LATITUDE
 40
1
  9
$LONGITUDE
 40
1
  9
$NORTHDIRECTION
 40
0
  9
$TIMEZONE
 70
-8000
  9
$LIGHTGLYPHDISPLAY
280
    1
  9
$TILEMODELIGHTSYNCH
280
    1
  9
$SOLIDHIST
280
    1
  9
$SHOWHIST
280
    1
  9
$DWFFRAME
280
    2
  9
$DGNFRAME
280
    0
  9
$REALWORLDSCALE
290
    1
  9
$INTERFERECOLOR
 62
    1
  9
$CSHADOW
280
    0
  9
$SHADOWPLANELOCATION
 40
0
  0
ENDSEC
  0
SECTION
  2
CLASSES
  0
ENDSEC
  0
SECTION
  2
TABLES
  0
TABLE
  2
VPORT
  5
8
330
0
100
AcDbSymbolTable
 70
    1
  0
VPORT
  5
31
330
2
100
AcDbSymbolTableRecord
100
AcDbViewportTableRecord
  2
*ACTIVE
 70
    0
 10
0
 20
0
 11
1
 21
1
 12
19.91112854379053
 22
18.31906530612503
 13
0
 23
0
 14
10
 24
10
 15
10
 25
10
 16
0
 26
0
 36
1
 17
0
 27
0
 37
0
 40
39.69820021191881
 41
1.626041666666667
 42
50
 43
0
 44
0
 50
0
 51
0
 71
    0
 72
  100
 73
    1
 74
    3
 75
    0
 76
    0
 77
    0
 78
    0
281
    0
 65
    1
110
0
120
0
130
0
111
1
121
0
131
0
112
0
122
1
132
0
 79
    0
146
0
348
10020
 60
    7
 61
    5
292
1
282
    1
141
0
142
0
 63
  250
421
3358443
  0
ENDTAB
  0
TABLE
  2
LTYPE
  5
5
330
0
100
AcDbSymbolTable
 70
    4
  0
LTYPE
  5
14
330
5
100
AcDbSymbolTableRecord
100
AcDbLinetypeTableRecord
  2
ByBlock
 70
    0
  3

 72
   65
 73
    0
 40
0
  0
LTYPE
  5
15
330
5
100
AcDbSymbolTableRecord
100
AcDbLinetypeTableRecord
  2
ByLayer
 70
    0
  3

 72
   65
 73
    0
 40
0
  0
LTYPE
  5
16
330
5
100
AcDbSymbolTableRecord
100
AcDbLinetypeTableRecord
  2
Continuous
 70
    0
  3
Solid line
 72
   65
 73
    0
 40
0
  0
LTYPE
  5
32
330
5
100
AcDbSymbolTableRecord
100
AcDbLinetypeTableRecord
  2
DOT
 70
    0
  3
Dot . . . . . . . . . . . . . . . . . . . . . .
 72
   65
 73
    2
 40
6.35
 49
0
 74
    0
 49
-6.35
 74
    0
  0
LTYPE
  5
33
330
5
100
AcDbSymbolTableRecord
100
AcDbLinetypeTableRecord
  2
DOTTINY
 70
    0
  3
Dot (.15x) .....................................
 72
   65
 73
    2
 40
0.9525
 49
0
 74
    0
 49
-0.9525
 74
    0
  0
LTYPE
  5
34
330
5
100
AcDbSymbolTableRecord
100
AcDbLinetypeTableRecord
  2
DOT2
 70
    0
  3
Dot (.5x) .....................................
 72
   65
 73
    2
 40
3.175
 49
0
 74
    0
 49
-3.175
 74
    0
  0
LTYPE
  5
35
330
5
100
AcDbSymbolTableRecord
100
AcDbLinetypeTableRecord
  2
DOTX2
 70
    0
  3
Dot (2x) .  .  .  .  .  .  .  .  .  .  .  .  .
 72
   65
 73
    2
 40
12.7
 49
0
 74
    0
 49
-12.7
 74
    0
  0
LTYPE
  5
36
330
5
100
AcDbSymbolTableRecord
100
AcDbLinetypeTableRecord
  2
DASHED
 70
    0
  3
Dashed _ _ _ _ _ _ _ _ _ _ _ _ _ _ _ _ _
 72
   65
 73
    2
 40
19.05
 49
12.7
 74
    0
 49
-6.35
 74
    0
  0
LTYPE
  5
37
330
5
100
AcDbSymbolTableRecord
100
AcDbLinetypeTableRecord
  2
DASHEDTINY
 70
    0
  3
Dashed (.15x) _ _ _ _ _ _ _ _ _ _ _ _ _ _ _ _ _
 72
   65
 73
    2
 40
2.8575
 49
1.905
 74
    0
 49
-0.9525
 74
    0
  0
LTYPE
  5
38
330
5
100
AcDbSymbolTableRecord
100
AcDbLinetypeTableRecord
  2
DASHED2
 70
    0
  3
Dashed (.5x) _ _ _ _ _ _ _ _ _ _ _ _ _ _ _ _ _
 72
   65
 73
    2
 40
9.524999999999999
 49
6.35
 74
    0
 49
-3.175
 74
    0
  0
LTYPE
  5
39
330
5
100
AcDbSymbolTableRecord
100
AcDbLinetypeTableRecord
  2
DASHEDX2
 70
    0
  3
Dashed (2x) ____  ____  ____  ____  ____  ___
 72
   65
 73
    2
 40
38.09999999999999
 49
25.4
 74
    0
 49
-12.7
 74
    0
  0
LTYPE
  5
3A
330
5
100
AcDbSymbolTableRecord
100
AcDbLinetypeTableRecord
  2
DASHDOT
 70
    0
  3
Dash dot __ . __ . __ . __ . __ . __ . __ . __
 72
   65
 73
    4
 40
25.4
 49
12.7
 74
    0
 49
-6.35
 74
    0
 49
0
 74
    0
 49
-6.35
 74
    0
  0
LTYPE
  5
3B
330
5
100
AcDbSymbolTableRecord
100
AcDbLinetypeTableRecord
  2
DASHDOTTINY
 70
    0
  3
Dash dot (.15x) _._._._._._._._._._._._._._._.
 72
   65
 73
    4
 40
3.81
 49
1.905
 74
    0
 49
-0.9525
 74
    0
 49
0
 74
    0
 49
-0.9525
 74
    0
  0
LTYPE
  5
3C
330
5
100
AcDbSymbolTableRecord
100
AcDbLinetypeTableRecord
  2
DASHDOT2
 70
    0
  3
Dash dot (.5x) _._._._._._._._._._._._._._._.
 72
   65
 73
    4
 40
12.7
 49
6.35
 74
    0
 49
-3.175
 74
    0
 49
0
 74
    0
 49
-3.175
 74
    0
  0
LTYPE
  5
3D
330
5
100
AcDbSymbolTableRecord
100
AcDbLinetypeTableRecord
  2
DASHDOTX2
 70
    0
  3
Dash dot (2x) ____  .  ____  .  ____  .  ___
 72
   65
 73
    4
 40
50.8
 49
25.4
 74
    0
 49
-12.7
 74
    0
 49
0
 74
    0
 49
-12.7
 74
    0
  0
LTYPE
  5
3E
330
5
100
AcDbSymbolTableRecord
100
AcDbLinetypeTableRecord
  2
DIVIDE
 70
    0
  3
Divide ____ . . ____ . . ____ . . ____ . . ____
 72
   65
 73
    6
 40
31.75
 49
12.7
 74
    0
 49
-6.35
 74
    0
 49
0
 74
    0
 49
-6.35
 74
    0
 49
0
 74
    0
 49
-6.35
 74
    0
  0
LTYPE
  5
3F
330
5
100
AcDbSymbolTableRecord
100
AcDbLinetypeTableRecord
  2
DIVIDETINY
 70
    0
  3
Divide (.15x) __..__..__..__..__..__..__..__.._
 72
   65
 73
    6
 40
4.7625
 49
1.905
 74
    0
 49
-0.9525
 74
    0
 49
0
 74
    0
 49
-0.9525
 74
    0
 49
0
 74
    0
 49
-0.9525
 74
    0
  0
LTYPE
  5
40
330
5
100
AcDbSymbolTableRecord
100
AcDbLinetypeTableRecord
  2
DIVIDE2
 70
    0
  3
Divide (.5x) __..__..__..__..__..__..__..__.._
 72
   65
 73
    6
 40
15.875
 49
6.35
 74
    0
 49
-3.175
 74
    0
 49
0
 74
    0
 49
-3.175
 74
    0
 49
0
 74
    0
 49
-3.175
 74
    0
  0
LTYPE
  5
41
330
5
100
AcDbSymbolTableRecord
100
AcDbLinetypeTableRecord
  2
DIVIDEX2
 70
    0
  3
Divide (2x) ________  .  .  ________  .  .  _
 72
   65
 73
    6
 40
63.5
 49
25.4
 74
    0
 49
-12.7
 74
    0
 49
0
 74
    0
 49
-12.7
 74
    0
 49
0
 74
    0
 49
-12.7
 74
    0
  0
LTYPE
  5
42
330
5
100
AcDbSymbolTableRecord
100
AcDbLinetypeTableRecord
  2
BORDER
 70
    0
  3
Border __ __ . __ __ . __ __ . __ __ . __ __ .
 72
   65
 73
    6
 40
44.45
 49
12.7
 74
    0
 49
-6.35
 74
    0
 49
12.7
 74
    0
 49
-6.35
 74
    0
 49
0
 74
    0
 49
-6.35
 74
    0
  0
LTYPE
  5
43
330
5
100
AcDbSymbolTableRecord
100
AcDbLinetypeTableRecord
  2
BORDERTINY
 70
    0
  3
Border (.15x) __.__.__.__.__.__.__.__.__.__.__.
 72
   65
 73
    6
 40
6.6675
 49
1.905
 74
    0
 49
-0.9525
 74
    0
 49
1.905
 74
    0
 49
-0.9525
 74
    0
 49
0
 74
    0
 49
-0.9525
 74
    0
  0
LTYPE
  5
44
330
5
100
AcDbSymbolTableRecord
100
AcDbLinetypeTableRecord
  2
BORDER2
 70
    0
  3
Border (.5x) __.__.__.__.__.__.__.__.__.__.__.
 72
   65
 73
    6
 40
22.225
 49
6.35
 74
    0
 49
-3.175
 74
    0
 49
6.35
 74
    0
 49
-3.175
 74
    0
 49
0
 74
    0
 49
-3.175
 74
    0
  0
LTYPE
  5
45
330
5
100
AcDbSymbolTableRecord
100
AcDbLinetypeTableRecord
  2
BORDERX2
 70
    0
  3
Border (2x) ____  ____  .  ____  ____  .  ___
 72
   65
 73
    6
 40
88.89999999999999
 49
25.4
 74
    0
 49
-12.7
 74
    0
 49
25.4
 74
    0
 49
-12.7
 74
    0
 49
0
 74
    0
 49
-12.7
 74
    0
  0
LTYPE
  5
46
330
5
100
AcDbSymbolTableRecord
100
AcDbLinetypeTableRecord
  2
CENTER
 70
    0
  3
Center ____ _ ____ _ ____ _ ____ _ ____ _ ____
 72
   65
 73
    4
 40
50.8
 49
31.75
 74
    0
 49
-6.35
 74
    0
 49
6.35
 74
    0
 49
-6.35
 74
    0
  0
LTYPE
  5
47
330
5
100
AcDbSymbolTableRecord
100
AcDbLinetypeTableRecord
  2
CENTERTINY
 70
    0
  3
Center (.15x) ___ _ ___ _ ___ _ ___ _ ___ _ ___
 72
   65
 73
    4
 40
7.619999999999999
 49
4.7625
 74
    0
 49
-0.9525
 74
    0
 49
0.9525
 74
    0
 49
-0.9525
 74
    0
  0
LTYPE
  5
48
330
5
100
AcDbSymbolTableRecord
100
AcDbLinetypeTableRecord
  2
CENTER2
 70
    0
  3
Center (.5x) ___ _ ___ _ ___ _ ___ _ ___ _ ___
 72
   65
 73
    4
 40
28.575
 49
19.05
 74
    0
 49
-3.175
 74
    0
 49
3.175
 74
    0
 49
-3.175
 74
    0
  0
LTYPE
  5
49
330
5
100
AcDbSymbolTableRecord
100
AcDbLinetypeTableRecord
  2
CENTERX2
 70
    0
  3
Center (2x) ________  __  ________  __  _____
 72
   65
 73
    4
 40
101.6
 49
63.5
 74
    0
 49
-12.7
 74
    0
 49
12.7
 74
    0
 49
-12.7
 74
    0
  0
ENDTAB
  0
TABLE
  2
LAYER
  5
2
330
0
100
AcDbSymbolTable
 70
    1
  0
LAYER
  5
10
330
2
100
AcDbSymbolTableRecord
100
AcDbLayerTableRecord
  2
0
 70
    0
 62
    7
  6
CONTINUOUS
370
    9
390
F
  0
LAYER
  5
4A
330
2
100
AcDbSymbolTableRecord
100
AcDbLayerTableRecord
  2
0_GND
 70
    0
 62
    7
  6
CONTINUOUS
370
   15
390
F
  0
LAYER
  5
4B
330
2
100
AcDbSymbolTableRecord
100
AcDbLayerTableRecord
  2
0_draft
 70
    0
 62
    7
  6
DOTTINY
370
   -3
390
F
1001
LibreCad
1070
    1
  0
LAYER
  5
4C
330
2
100
AcDbSymbolTableRecord
100
AcDbLayerTableRecord
  2
0_wire
 70
    0
 62
   92
420
51200
  6
CONTINUOUS
370
   15
390
F
  0
LAYER
  5
4D
330
2
100
AcDbSymbolTableRecord
100
AcDbLayerTableRecord
  2
1_wire
 70
    0
 62
    2
  6
CONTINUOUS
370
   15
390
F
  0
LAYER
  5
4E
330
2
100
AcDbSymbolTableRecord
100
AcDbLayerTableRecord
  2
3.3V line
 70
    0
 62
   40
420
16755200
  6
CONTINUOUS
370
   15
390
F
  0
LAYER
  5
4F
330
2
100
AcDbSymbolTableRecord
100
AcDbLayerTableRecord
  2
5V line
 70
    0
 62
    1
  6
CONTINUOUS
370
   15
390
F
  0
LAYER
  5
50
330
2
100
AcDbSymbolTableRecord
100
AcDbLayerTableRecord
  2
condenser
 70
    0
 62
    5
  6
CONTINUOUS
370
   15
390
F
  0
LAYER
  5
51
330
2
100
AcDbSymbolTableRecord
100
AcDbLayerTableRecord
  2
crystal
 70
    0
 62
   96
420
32768
  6
CONTINUOUS
370
   15
390
F
  0
LAYER
  5
52
330
2
100
AcDbSymbolTableRecord
100
AcDbLayerTableRecord
  2
diode
 70
    0
 62
  212
420
14549214
  6
CONTINUOUS
370
   15
390
F
  0
LAYER
  5
53
330
2
100
AcDbSymbolTableRecord
100
AcDbLayerTableRecord
  2
kakou
 70
    0
 62
  176
420
  128
  6
CONTINUOUS
370
   15
390
F
  0
LAYER
  5
54
330
2
100
AcDbSymbolTableRecord
100
AcDbLayerTableRecord
  2
micon
 70
    0
 62
  216
420
8388736
  6
CONTINUOUS
370
   15
390
F
  0
LAYER
  5
55
330
2
100
AcDbSymbolTableRecord
100
AcDbLayerTableRecord
  2
resister
 70
    0
 62
  134
420
45489
  6
CONTINUOUS
370
   15
390
F
  0
LAYER
  5
56
330
2
100
AcDbSymbolTableRecord
100
AcDbLayerTableRecord
  2
socket_header
 70
    0
 62
   56
420
8421376
  6
CONTINUOUS
370
   15
390
F
  0
LAYER
  5
57
330
2
100
AcDbSymbolTableRecord
100
AcDbLayerTableRecord
  2
switch
 70
    0
 62
  136
420
32896
  6
CONTINUOUS
370
   15
390
F
  0
LAYER
  5
58
330
2
100
AcDbSymbolTableRecord
100
AcDbLayerTableRecord
  2
terminal
 70
    0
 62
   16
420
8388608
  6
CONTINUOUS
370
   15
390
F
  0
LAYER
  5
59
330
2
100
AcDbSymbolTableRecord
100
AcDbLayerTableRecord
  2
universal_board
 70
    4
 62
  253
420
10526884
  6
CONTINUOUS
370
   15
390
F
  0
ENDTAB
  0
TABLE
  2
STYLE
  5
3
330
0
100
AcDbSymbolTable
 70
    3
  0
STYLE
  5
5A
330
2
100
AcDbSymbolTableRecord
100
AcDbTextStyleTableRecord
  2
STANDARD
 70
    0
 40
0
 41
1
 50
0
 71
    0
 42
1
  3
STANDARD
  4

  0
STYLE
  5
5B
330
2
100
AcDbSymbolTableRecord
100
AcDbTextStyleTableRecord
  2
azomix
 70
    0
 40
0
 41
1
 50
0
 71
    0
 42
1
  3
azomix
  4

  0
STYLE
  5
5C
330
2
100
AcDbSymbolTableRecord
100
AcDbTextStyleTableRecord
  2
kst32b
 70
    0
 40
0
 41
1
 50
0
 71
    0
 42
1
  3
kst32b
  4

  0
STYLE
  5
5D
330
2
100
AcDbSymbolTableRecord
100
AcDbTextStyleTableRecord
  2
unicode
 70
    0
 40
0
 41
1
 50
0
 71
    0
 42
1
  3
unicode
  4

  0
STYLE
  5
5E
330
2
100
AcDbSymbolTableRecord
100
AcDbTextStyleTableRecord
  2
iso
 70
    0
 40
0
 41
1
 50
0
 71
    0
 42
1
  3
iso
  4

  0
ENDTAB
  0
TABLE
  2
VIEW
  5
6
330
0
100
AcDbSymbolTable
 70
    0
  0
ENDTAB
  0
TABLE
  2
UCS
  5
7
330
0
100
AcDbSymbolTable
 70
    0
  0
ENDTAB
  0
TABLE
  2
APPID
  5
9
330
0
100
AcDbSymbolTable
 70
    1
  0
APPID
  5
12
330
9
100
AcDbSymbolTableRecord
100
AcDbRegAppTableRecord
  2
ACAD
 70
    0
  0
APPID
  5
5F
330
9
100
AcDbSymbolTableRecord
100
AcDbRegAppTableRecord
  2
LibreCad
 70
    0
  0
ENDTAB
  0
TABLE
  2
DIMSTYLE
  5
A
330
0
100
AcDbSymbolTable
 70
    1
100
AcDbDimStyleTable
 71
    1
  0
DIMSTYLE
105
60
330
A
100
AcDbSymbolTableRecord
100
AcDbDimStyleTableRecord
  2
Standard
 70
    0
 40
1
 41
2.5
 42
0.625
 43
0.38
 44
1.25
 45
0
 46
0
 47
0
 48
0
 49
1
140
2.5
141
0.09
142
0
143
25.4
144
1
145
0
146
1
147
0.625
148
0
 71
    0
 72
    0
 73
    0
 74
    1
 75
    0
 76
    0
 77
    0
 78
    8
 79
    0
170
    0
171
    2
172
    0
173
    0
174
    0
175
    0
176
    0
177
    0
178
    0
179
    0
271
    2
272
    4
273
    2
274
    2
275
    0
276
    0
277
    2
278
   44
279
    0
280
    0
281
    0
282
    0
283
    1
284
    0
285
    0
286
    0
288
    0
289
    3
340
5A
  0
ENDTAB
  0
TABLE
  2
BLOCK_RECORD
  5
1
330
0
100
AcDbSymbolTable
 70
    2
  0
BLOCK_RECORD
  5
1F
330
1
100
AcDbSymbolTableRecord
100
AcDbBlockTableRecord
  2
*Model_Space
 70
    0
280
    1
281
    0
  0
BLOCK_RECORD
  5
1E
330
1
100
AcDbSymbolTableRecord
100
AcDbBlockTableRecord
  2
*Paper_Space
 70
    0
280
    1
281
    0
  0
BLOCK_RECORD
  5
61
330
1
100
AcDbSymbolTableRecord
100
AcDbBlockTableRecord
  2
2227MC-08-03
 70
    0
280
    1
281
    0
  0
BLOCK_RECORD
  5
64
330
1
100
AcDbSymbolTableRecord
100
AcDbBlockTableRecord
  2
PIC16F15325
 70
    0
280
    1
281
    0
  0
BLOCK_RECORD
  5
67
330
1
100
AcDbSymbolTableRecord
100
AcDbBlockTableRecord
  2
2227MC-28-03
 70
    0
280
    1
281
    0
  0
BLOCK_RECORD
  5
6A
330
1
100
AcDbSymbolTableRecord
100
AcDbBlockTableRecord
  2
HUSG-16.000-20
 70
    0
280
    1
281
    0
  0
BLOCK_RECORD
  5
6D
330
1
100
AcDbSymbolTableRecord
100
AcDbBlockTableRecord
  2
ATmega328P
 70
    0
280
    1
281
    0
  0
BLOCK_RECORD
  5
70
330
1
100
AcDbSymbolTableRecord
100
AcDbBlockTableRecord
  2
DTS-63-N-V-BLK
 70
    0
280
    1
281
    0
  0
BLOCK_RECORD
  5
73
330
1
100
AcDbSymbolTableRecord
100
AcDbBlockTableRecord
  2
2227MC-14-03
 70
    0
280
    1
281
    0
  0
BLOCK_RECORD
  5
76
330
1
100
AcDbSymbolTableRecord
100
AcDbBlockTableRecord
  2
C_0.01uF
 70
    0
280
    1
281
    0
  0
BLOCK_RECORD
  5
79
330
1
100
AcDbSymbolTableRecord
100
AcDbBlockTableRecord
  2
R300
 70
    0
280
    1
281
    0
  0
BLOCK_RECORD
  5
7C
330
1
100
AcDbSymbolTableRecord
100
AcDbBlockTableRecord
  2
R10k
 70
    0
280
    1
281
    0
  0
BLOCK_RECORD
  5
7F
330
1
100
AcDbSymbolTableRecord
100
AcDbBlockTableRecord
  2
R0
 70
    0
280
    1
281
    0
  0
ENDTAB
  0
ENDSEC
  0
SECTION
  2
BLOCKS
  0
BLOCK
  5
20
330
1F
100
AcDbEntity
  8
0
100
AcDbBlockBegin
  2
*Model_Space
 70
    0
 10
0
 20
0
 30
0
  3
*Model_Space
  1

  0
ENDBLK
  5
21
330
1F
100
AcDbEntity
  8
0
100
AcDbBlockEnd
  0
BLOCK
  5
1C
330
1B
100
AcDbEntity
  8
0
100
AcDbBlockBegin
  2
*Paper_Space
 70
    0
 10
0
 20
0
 30
0
  3
*Paper_Space
  1

  0
ENDBLK
  5
1D
330
1F
100
AcDbEntity
  8
0
100
AcDbBlockEnd
  0
BLOCK
  5
62
330
61
100
AcDbEntity
  8
0
100
AcDbBlockBegin
  2
2227MC-08-03
 70
    0
 10
0
 20
0
  3
2227MC-08-03
  1

  0
LINE
  5
82
100
AcDbEntity
  8
socket_header
  6
ByLayer
 62
  256
370
   -1
100
AcDbLine
 10
-1.270000000000131
 20
-8.890000110779171
 11
-1.270000000000131
 21
1.269999889220831
  0
LINE
  5
83
100
AcDbEntity
  8
socket_header
  6
ByLayer
 62
  256
370
   -1
100
AcDbLine
 10
-1.270000000000131
 20
1.269999889220831
 11
8.890000394687402
 21
1.269999889220831
  0
LINE
  5
84
100
AcDbEntity
  8
socket_header
  6
ByLayer
 62
  256
370
   -1
100
AcDbLine
 10
8.890000394687402
 20
1.269999889220831
 11
8.88999999999989
 21
-8.890000110779171
  0
LINE
  5
85
100
AcDbEntity
  8
socket_header
  6
ByLayer
 62
  256
370
   -1
100
AcDbLine
 10
8.88999999999989
 20
-8.890000110779171
 11
-1.270000000000131
 21
-8.890000110779171
  0
CIRCLE
  5
86
100
AcDbEntity
  8
socket_header
  6
ByLayer
 62
  256
370
   -1
100
AcDbCircle
 10
2.539999999999878
 20
1.06581410364015e-14
 40
0.6
  0
CIRCLE
  5
87
100
AcDbEntity
  8
socket_header
  6
ByLayer
 62
  256
370
   -1
100
AcDbCircle
 10
2.539999999999893
 20
-7.620000000000061
 40
0.6
  0
CIRCLE
  5
88
100
AcDbEntity
  8
socket_header
  6
ByLayer
 62
  256
370
   -1
100
AcDbCircle
 10
0
 20
0
 40
0.6
  0
CIRCLE
  5
89
100
AcDbEntity
  8
socket_header
  6
ByLayer
 62
  256
370
   -1
100
AcDbCircle
 10
7.105427357601002e-15
 20
-7.620000000000072
 40
0.6
  0
CIRCLE
  5
8A
100
AcDbEntity
  8
socket_header
  6
ByLayer
 62
  256
370
   -1
100
AcDbCircle
 10
5.079999999999757
 20
2.842170943040401e-14
 40
0.6
  0
CIRCLE
  5
8B
100
AcDbEntity
  8
socket_header
  6
ByLayer
 62
  256
370
   -1
100
AcDbCircle
 10
5.079999999999771
 20
-7.620000000000051
 40
0.6
  0
CIRCLE
  5
8C
100
AcDbEntity
  8
socket_header
  6
ByLayer
 62
  256
370
   -1
100
AcDbCircle
 10
7.619999999999639
 20
3.907985046680551e-14
 40
0.6
  0
CIRCLE
  5
8D
100
AcDbEntity
  8
socket_header
  6
ByLayer
 62
  256
370
   -1
100
AcDbCircle
 10
7.61999999999966
 20
-7.62000000000004
 40
0.6
  0
MTEXT
  5
8E
100
AcDbEntity
  8
socket_header
  6
ByLayer
 62
  256
370
   -1
100
AcDbMText
 10
3.950796119092651
 20
-1.713679173150673
 30
0
 40
1
 41
9.222222222222346
 71
    5
 72
    1
  1
2227MC-08-03
  7
STANDARD
210
0
220
0
230
1
 50
0
 73
    2
 44
1
  0
ENDBLK
  5
63
330
61
100
AcDbEntity
  8
0
100
AcDbBlockEnd
  0
BLOCK
  5
65
330
64
100
AcDbEntity
  8
0
100
AcDbBlockBegin
  2
PIC16F15325
 70
    0
 10
0
 20
0
  3
PIC16F15325
  1

  0
ENDBLK
  5
66
330
64
100
AcDbEntity
  8
0
100
AcDbBlockEnd
  0
BLOCK
  5
68
330
67
100
AcDbEntity
  8
0
100
AcDbBlockBegin
  2
2227MC-28-03
 70
    0
 10
0
 20
0
  3
2227MC-28-03
  1

  0
ENDBLK
  5
69
330
67
100
AcDbEntity
  8
0
100
AcDbBlockEnd
  0
BLOCK
  5
6B
330
6A
100
AcDbEntity
  8
0
100
AcDbBlockBegin
  2
HUSG-16.000-20
 70
    0
 10
0
 20
0
  3
HUSG-16.000-20
  1

  0
ENDBLK
  5
6C
330
6A
100
AcDbEntity
  8
0
100
AcDbBlockEnd
  0
BLOCK
  5
6E
330
6D
100
AcDbEntity
  8
0
100
AcDbBlockBegin
  2
ATmega328P
 70
    0
 10
0
 20
0
  3
ATmega328P
  1

  0
ENDBLK
  5
6F
330
6D
100
AcDbEntity
  8
0
100
AcDbBlockEnd
  0
BLOCK
  5
71
330
70
100
AcDbEntity
  8
0
100
AcDbBlockBegin
  2
DTS-63-N-V-BLK
 70
    0
 10
0
 20
0
  3
DTS-63-N-V-BLK
  1

  0
ENDBLK
  5
72
330
70
100
AcDbEntity
  8
0
100
AcDbBlockEnd
  0
BLOCK
  5
74
330
73
100
AcDbEntity
  8
0
100
AcDbBlockBegin
  2
2227MC-14-03
 70
    0
 10
0
 20
0
  3
2227MC-14-03
  1

  0
ENDBLK
  5
75
330
73
100
AcDbEntity
  8
0
100
AcDbBlockEnd
  0
BLOCK
  5
77
330
76
100
AcDbEntity
  8
0
100
AcDbBlockBegin
  2
C_0.01uF
 70
    0
 10
0
 20
0
  3
C_0.01uF
  1

  0
LWPOLYLINE
  5
8F
100
AcDbEntity
  8
condenser
  6
ByLayer
 62
  256
370
   -1
100
AcDbPolyline
 90
    4
 70
    1
 43
0
 10
1.499999999999972
 20
5.039999999999822
 10
1.499999999999972
 20
0.03999999999992099
 10
-1.50000000000005
 20
0.03999999999992099
 10
-1.50000000000005
 20
5.039999999999822
  0
MTEXT
  5
90
100
AcDbEntity
  8
condenser
  6
ByLayer
 62
  256
370
   -1
100
AcDbMText
 10
2.336701583810211
 20
2.491803864245341
 30
0
 40
1
 41
3.666666666666713
 71
    5
 72
    1
  1
0.01uF
  7
STANDARD
210
0
220
0
230
1
 50
270
 73
    2
 44
1
  0
CIRCLE
  5
91
100
AcDbEntity
  8
condenser
  6
ByLayer
 62
  256
370
   -1
100
AcDbCircle
 10
0
 20
0
 40
0.4
  0
CIRCLE
  5
92
100
AcDbEntity
  8
condenser
  6
ByLayer
 62
  256
370
   -1
100
AcDbCircle
 10
-6.927791673660977e-14
 20
5.080000000000041
 40
0.4
  0
ENDBLK
  5
78
330
76
100
AcDbEntity
  8
0
100
AcDbBlockEnd
  0
BLOCK
  5
7A
330
79
100
AcDbEntity
  8
0
100
AcDbBlockBegin
  2
R300
 70
    0
 10
0
 20
0
  3
R300
  1

  0
LWPOLYLINE
  5
93
100
AcDbEntity
  8
resister
  6
ByLayer
 62
  256
370
   -1
100
AcDbPolyline
 90
    4
 70
    1
 43
0
 10
-1.150000000000091
 20
0.6599999999995898
 10
-1.15000000000008
 20
6.959999999999511
 10
1.150000000000126
 20
6.959999999999511
 10
1.150000000000119
 20
0.6599999999995898
  0
CIRCLE
  5
94
100
AcDbEntity
  8
resister
  6
ByLayer
 62
  256
370
   -1
100
AcDbCircle
 10
1.953992523340276e-14
 20
7.619999999999639
 40
0.3
  0
LINE
  5
95
100
AcDbEntity
  8
resister
  6
ByLayer
 62
  256
370
   -1
100
AcDbLine
 10
1.953992523340276e-14
 20
0.2999999999998604
 11
1.031014139840636e-06
 21
0.6599999999995898
  0
LINE
  5
96
100
AcDbEntity
  8
resister
  6
ByLayer
 62
  256
370
   -1
100
AcDbLine
 10
3.907985046680551e-14
 20
6.959999999999511
 11
3.907985046680551e-14
 21
7.320000000000348
  0
MTEXT
  5
97
100
AcDbEntity
  8
resister
  6
ByLayer
 62
  256
370
   -1
100
AcDbMText
 10
-0.02409769535478112
 20
3.951579464078229
 30
0
 40
1
 41
2.888888888888951
 71
    5
 72
    1
  1
R300
  7
STANDARD
210
0
220
0
230
1
 50
90
 73
    2
 44
1
  0
CIRCLE
  5
98
100
AcDbEntity
  8
resister
  6
ByLayer
 62
  256
370
   -1
100
AcDbCircle
 10
0
 20
0
 40
0.25
  0
ENDBLK
  5
7B
330
79
100
AcDbEntity
  8
0
100
AcDbBlockEnd
  0
BLOCK
  5
7D
330
7C
100
AcDbEntity
  8
0
100
AcDbBlockBegin
  2
R10k
 70
    0
 10
0
 20
0
  3
R10k
  1

  0
CIRCLE
  5
99
100
AcDbEntity
  8
resister
  6
ByLayer
 62
  256
370
   -1
100
AcDbCircle
 10
0
 20
0
 40
0.3
  0
LINE
  5
9A
100
AcDbEntity
  8
resister
  6
ByLayer
 62
  256
370
   -1
100
AcDbLine
 10
-0.659999999999485
 20
1.150000000000098
 11
-0.659999999999485
 21
-1.150000000000059
  0
LINE
  5
9B
100
AcDbEntity
  8
resister
  6
ByLayer
 62
  256
370
   -1
100
AcDbLine
 10
-6.959999999999557
 20
-1.150000000000041
 11
-0.659999999999485
 21
-1.150000000000059
  0
LINE
  5
9C
100
AcDbEntity
  8
resister
  6
ByLayer
 62
  256
370
   -1
100
AcDbLine
 10
-0.659999999999485
 20
1.150000000000098
 11
-6.959999999999557
 21
1.150000000000098
  0
LINE
  5
9D
100
AcDbEntity
  8
resister
  6
ByLayer
 62
  256
370
   -1
100
AcDbLine
 10
-6.959999999999557
 20
1.150000000000098
 11
-6.959999999999557
 21
-1.150000000000041
  0
CIRCLE
  5
9E
100
AcDbEntity
  8
resister
  6
ByLayer
 62
  256
370
   -1
100
AcDbCircle
 10
-7.619999999999408
 20
2.131628207280301e-14
 40
0.25
  0
MTEXT
  5
9F
100
AcDbEntity
  8
resister
  6
ByLayer
 62
  256
370
   -1
100
AcDbMText
 10
-3.991855261194459
 20
0.08749576228997924
 30
0
 40
1
 41
2.666666666666667
 71
    5
 72
    1
  1
R10k
  7
unicode
210
0
220
0
230
1
 50
0
 73
    2
 44
1
  0
LINE
  5
A0
100
AcDbEntity
  8
resister
  6
ByLayer
 62
  256
370
   -1
100
AcDbLine
 10
-0.2499999999985789
 20
2.131628207280301e-14
 11
-0.659999999999485
 21
2.131628207280301e-14
  0
LINE
  5
A1
100
AcDbEntity
  8
resister
  6
ByLayer
 62
  256
370
   -1
100
AcDbLine
 10
-7.369999999999898
 20
1.06581410364015e-14
 11
-6.959999999999557
 21
1.06581410364015e-14
  0
ENDBLK
  5
7E
330
7C
100
AcDbEntity
  8
0
100
AcDbBlockEnd
  0
BLOCK
  5
80
330
7F
100
AcDbEntity
  8
0
100
AcDbBlockBegin
  2
R0
 70
    0
 10
0
 20
0
  3
R0
  1

  0
LINE
  5
A2
100
AcDbEntity
  8
resister
  6
ByLayer
 62
  256
370
   -1
100
AcDbLine
 10
-0.6599999999999611
 20
1.149999999999959
 11
-0.6599999999999611
 21
-1.14999999999997
  0
LINE
  5
A3
100
AcDbEntity
  8
resister
  6
ByLayer
 62
  256
370
   -1
100
AcDbLine
 10
-0.6599999999999611
 20
-1.14999999999997
 11
-6.959999999999834
 21
-1.14999999999997
  0
LINE
  5
A4
100
AcDbEntity
  8
resister
  6
ByLayer
 62
  256
370
   -1
100
AcDbLine
 10
-6.959999999999834
 20
-1.14999999999997
 11
-6.95999999999982
 21
1.149999999999959
  0
LINE
  5
A5
100
AcDbEntity
  8
resister
  6
ByLayer
 62
  256
370
   -1
100
AcDbLine
 10
-6.95999999999982
 20
1.149999999999959
 11
-0.6599999999999611
 21
1.149999999999959
  0
LINE
  5
A6
100
AcDbEntity
  8
resister
  6
ByLayer
 62
  256
370
   -1
100
AcDbLine
 10
-6.95999999999982
 20
0
 11
-7.61999999999966
 21
0
  0
LINE
  5
A7
100
AcDbEntity
  8
resister
  6
ByLayer
 62
  256
370
   -1
100
AcDbLine
 10
3.694822225952521e-13
 20
0
 11
-0.6599999999999611
 21
0
  0
MTEXT
  5
A8
100
AcDbEntity
  8
resister
  6
ByLayer
 62
  256
370
   -1
100
AcDbMText
 10
-4.132042899777453
 20
0.05377778633712005
 30
0
 40
1
 41
1.333333333333333
 71
    5
 72
    1
  1
R0
  7
STANDARD
210
0
220
0
230
1
 50
270
 73
    2
 44
1
  0
ENDBLK
  5
81
330
7F
100
AcDbEntity
  8
0
100
AcDbBlockEnd
  0
ENDSEC
  0
SECTION
  2
ENTITIES
  0
CIRCLE
  5
A9
100
AcDbEntity
  8
universal_board
  6
ByLayer
 62
  256
370
   -1
100
AcDbCircle
 10
38.09999999999981
 20
30.48000000000029
 40
0.5
  0
CIRCLE
  5
AA
100
AcDbEntity
  8
universal_board
  6
ByLayer
 62
  256
370
   -1
100
AcDbCircle
 10
38.09999999999982
 20
27.94000000000027
 40
0.5
  0
CIRCLE
  5
AB
100
AcDbEntity
  8
universal_board
  6
ByLayer
 62
  256
370
   -1
100
AcDbCircle
 10
38.09999999999984
 20
25.40000000000025
 40
0.5
  0
CIRCLE
  5
AC
100
AcDbEntity
  8
universal_board
  6
ByLayer
 62
  256
370
   -1
100
AcDbCircle
 10
38.09999999999976
 20
22.86000000000023
 40
0.5
  0
CIRCLE
  5
AD
100
AcDbEntity
  8
universal_board
  6
ByLayer
 62
  256
370
   -1
100
AcDbCircle
 10
38.09999999999977
 20
20.32000000000021
 40
0.5
  0
CIRCLE
  5
AE
100
AcDbEntity
  8
universal_board
  6
ByLayer
 62
  256
370
   -1
100
AcDbCircle
 10
38.09999999999979
 20
17.78000000000019
 40
0.5
  0
CIRCLE
  5
AF
100
AcDbEntity
  8
universal_board
  6
ByLayer
 62
  256
370
   -1
100
AcDbCircle
 10
38.0999999999998
 20
33.02000000000031
 40
0.5
  0
CIRCLE
  5
B0
100
AcDbEntity
  8
universal_board
  6
ByLayer
 62
  256
370
   -1
100
AcDbCircle
 10
38.0999999999998
 20
15.24000000000017
 40
0.5
  0
CIRCLE
  5
B1
100
AcDbEntity
  8
universal_board
  6
ByLayer
 62
  256
370
   -1
100
AcDbCircle
 10
38.09999999999982
 20
12.70000000000014
 40
0.5
  0
CIRCLE
  5
B2
100
AcDbEntity
  8
universal_board
  6
ByLayer
 62
  256
370
   -1
100
AcDbCircle
 10
38.09999999999983
 20
10.16000000000012
 40
0.5
  0
CIRCLE
  5
B3
100
AcDbEntity
  8
universal_board
  6
ByLayer
 62
  256
370
   -1
100
AcDbCircle
 10
38.09999999999984
 20
7.620000000000104
 40
0.5
  0
CIRCLE
  5
B4
100
AcDbEntity
  8
universal_board
  6
ByLayer
 62
  256
370
   -1
100
AcDbCircle
 10
38.09999999999985
 20
5.080000000000076
 40
0.5
  0
CIRCLE
  5
B5
100
AcDbEntity
  8
universal_board
  6
ByLayer
 62
  256
370
   -1
100
AcDbCircle
 10
38.09999999999987
 20
2.540000000000063
 40
0.5
  0
CIRCLE
  5
B6
100
AcDbEntity
  8
universal_board
  6
ByLayer
 62
  256
370
   -1
100
AcDbCircle
 10
38.09999999999988
 20
4.263256414560601e-14
 40
0.5
  0
CIRCLE
  5
B7
100
AcDbEntity
  8
universal_board
  6
ByLayer
 62
  256
370
   -1
100
AcDbCircle
 10
35.55999999999982
 20
30.48000000000027
 40
0.5
  0
CIRCLE
  5
B8
100
AcDbEntity
  8
universal_board
  6
ByLayer
 62
  256
370
   -1
100
AcDbCircle
 10
35.55999999999983
 20
27.94000000000025
 40
0.5
  0
CIRCLE
  5
B9
100
AcDbEntity
  8
universal_board
  6
ByLayer
 62
  256
370
   -1
100
AcDbCircle
 10
35.55999999999985
 20
25.40000000000023
 40
0.5
  0
CIRCLE
  5
BA
100
AcDbEntity
  8
universal_board
  6
ByLayer
 62
  256
370
   -1
100
AcDbCircle
 10
35.55999999999977
 20
22.86000000000021
 40
0.5
  0
CIRCLE
  5
BB
100
AcDbEntity
  8
universal_board
  6
ByLayer
 62
  256
370
   -1
100
AcDbCircle
 10
35.55999999999978
 20
20.32000000000019
 40
0.5
  0
CIRCLE
  5
BC
100
AcDbEntity
  8
universal_board
  6
ByLayer
 62
  256
370
   -1
100
AcDbCircle
 10
35.5599999999998
 20
17.78000000000017
 40
0.5
  0
CIRCLE
  5
BD
100
AcDbEntity
  8
universal_board
  6
ByLayer
 62
  256
370
   -1
100
AcDbCircle
 10
35.5599999999998
 20
33.02000000000029
 40
0.5
  0
CIRCLE
  5
BE
100
AcDbEntity
  8
universal_board
  6
ByLayer
 62
  256
370
   -1
100
AcDbCircle
 10
35.55999999999981
 20
15.24000000000015
 40
0.5
  0
CIRCLE
  5
BF
100
AcDbEntity
  8
universal_board
  6
ByLayer
 62
  256
370
   -1
100
AcDbCircle
 10
35.55999999999982
 20
12.70000000000012
 40
0.5
  0
CIRCLE
  5
C0
100
AcDbEntity
  8
universal_board
  6
ByLayer
 62
  256
370
   -1
100
AcDbCircle
 10
35.55999999999984
 20
10.16000000000011
 40
0.5
  0
CIRCLE
  5
C1
100
AcDbEntity
  8
universal_board
  6
ByLayer
 62
  256
370
   -1
100
AcDbCircle
 10
35.55999999999985
 20
7.62000000000009
 40
0.5
  0
CIRCLE
  5
C2
100
AcDbEntity
  8
universal_board
  6
ByLayer
 62
  256
370
   -1
100
AcDbCircle
 10
35.55999999999986
 20
5.080000000000069
 40
0.5
  0
CIRCLE
  5
C3
100
AcDbEntity
  8
universal_board
  6
ByLayer
 62
  256
370
   -1
100
AcDbCircle
 10
35.55999999999987
 20
2.540000000000049
 40
0.5
  0
CIRCLE
  5
C4
100
AcDbEntity
  8
universal_board
  6
ByLayer
 62
  256
370
   -1
100
AcDbCircle
 10
35.55999999999989
 20
2.842170943040401e-14
 40
0.5
  0
CIRCLE
  5
C5
100
AcDbEntity
  8
universal_board
  6
ByLayer
 62
  256
370
   -1
100
AcDbCircle
 10
33.01999999999983
 20
30.48000000000026
 40
0.5
  0
CIRCLE
  5
C6
100
AcDbEntity
  8
universal_board
  6
ByLayer
 62
  256
370
   -1
100
AcDbCircle
 10
33.01999999999984
 20
27.94000000000024
 40
0.5
  0
CIRCLE
  5
C7
100
AcDbEntity
  8
universal_board
  6
ByLayer
 62
  256
370
   -1
100
AcDbCircle
 10
33.01999999999985
 20
25.40000000000022
 40
0.5
  0
CIRCLE
  5
C8
100
AcDbEntity
  8
universal_board
  6
ByLayer
 62
  256
370
   -1
100
AcDbCircle
 10
33.01999999999978
 20
22.8600000000002
 40
0.5
  0
CIRCLE
  5
C9
100
AcDbEntity
  8
universal_board
  6
ByLayer
 62
  256
370
   -1
100
AcDbCircle
 10
33.01999999999979
 20
20.32000000000018
 40
0.5
  0
CIRCLE
  5
CA
100
AcDbEntity
  8
universal_board
  6
ByLayer
 62
  256
370
   -1
100
AcDbCircle
 10
33.0199999999998
 20
17.78000000000016
 40
0.5
  0
CIRCLE
  5
CB
100
AcDbEntity
  8
universal_board
  6
ByLayer
 62
  256
370
   -1
100
AcDbCircle
 10
33.01999999999981
 20
33.02000000000028
 40
0.5
  0
CIRCLE
  5
CC
100
AcDbEntity
  8
universal_board
  6
ByLayer
 62
  256
370
   -1
100
AcDbCircle
 10
33.01999999999982
 20
15.24000000000014
 40
0.5
  0
CIRCLE
  5
CD
100
AcDbEntity
  8
universal_board
  6
ByLayer
 62
  256
370
   -1
100
AcDbCircle
 10
33.01999999999983
 20
12.70000000000012
 40
0.5
  0
CIRCLE
  5
CE
100
AcDbEntity
  8
universal_board
  6
ByLayer
 62
  256
370
   -1
100
AcDbCircle
 10
33.01999999999985
 20
10.1600000000001
 40
0.5
  0
CIRCLE
  5
CF
100
AcDbEntity
  8
universal_board
  6
ByLayer
 62
  256
370
   -1
100
AcDbCircle
 10
33.01999999999985
 20
7.620000000000076
 40
0.5
  0
CIRCLE
  5
D0
100
AcDbEntity
  8
universal_board
  6
ByLayer
 62
  256
370
   -1
100
AcDbCircle
 10
33.01999999999987
 20
5.080000000000055
 40
0.5
  0
CIRCLE
  5
D1
100
AcDbEntity
  8
universal_board
  6
ByLayer
 62
  256
370
   -1
100
AcDbCircle
 10
33.01999999999988
 20
2.540000000000035
 40
0.5
  0
CIRCLE
  5
D2
100
AcDbEntity
  8
universal_board
  6
ByLayer
 62
  256
370
   -1
100
AcDbCircle
 10
33.0199999999999
 20
1.4210854715202e-14
 40
0.5
  0
CIRCLE
  5
D3
100
AcDbEntity
  8
universal_board
  6
ByLayer
 62
  256
370
   -1
100
AcDbCircle
 10
30.47999999999983
 20
30.48000000000025
 40
0.5
  0
CIRCLE
  5
D4
100
AcDbEntity
  8
universal_board
  6
ByLayer
 62
  256
370
   -1
100
AcDbCircle
 10
30.47999999999985
 20
27.94000000000023
 40
0.5
  0
CIRCLE
  5
D5
100
AcDbEntity
  8
universal_board
  6
ByLayer
 62
  256
370
   -1
100
AcDbCircle
 10
30.47999999999986
 20
25.4000000000002
 40
0.5
  0
CIRCLE
  5
D6
100
AcDbEntity
  8
universal_board
  6
ByLayer
 62
  256
370
   -1
100
AcDbCircle
 10
30.47999999999978
 20
22.86000000000018
 40
0.5
  0
CIRCLE
  5
D7
100
AcDbEntity
  8
universal_board
  6
ByLayer
 62
  256
370
   -1
100
AcDbCircle
 10
30.4799999999998
 20
20.32000000000016
 40
0.5
  0
CIRCLE
  5
D8
100
AcDbEntity
  8
universal_board
  6
ByLayer
 62
  256
370
   -1
100
AcDbCircle
 10
30.47999999999981
 20
17.78000000000014
 40
0.5
  0
CIRCLE
  5
D9
100
AcDbEntity
  8
universal_board
  6
ByLayer
 62
  256
370
   -1
100
AcDbCircle
 10
30.47999999999982
 20
33.02000000000027
 40
0.5
  0
CIRCLE
  5
DA
100
AcDbEntity
  8
universal_board
  6
ByLayer
 62
  256
370
   -1
100
AcDbCircle
 10
30.47999999999983
 20
15.24000000000012
 40
0.5
  0
CIRCLE
  5
DB
100
AcDbEntity
  8
universal_board
  6
ByLayer
 62
  256
370
   -1
100
AcDbCircle
 10
30.47999999999984
 20
12.7000000000001
 40
0.5
  0
CIRCLE
  5
DC
100
AcDbEntity
  8
universal_board
  6
ByLayer
 62
  256
370
   -1
100
AcDbCircle
 10
30.47999999999985
 20
10.16000000000007
 40
0.5
  0
CIRCLE
  5
DD
100
AcDbEntity
  8
universal_board
  6
ByLayer
 62
  256
370
   -1
100
AcDbCircle
 10
30.47999999999986
 20
7.620000000000061
 40
0.5
  0
CIRCLE
  5
DE
100
AcDbEntity
  8
universal_board
  6
ByLayer
 62
  256
370
   -1
100
AcDbCircle
 10
30.47999999999988
 20
5.080000000000041
 40
0.5
  0
CIRCLE
  5
DF
100
AcDbEntity
  8
universal_board
  6
ByLayer
 62
  256
370
   -1
100
AcDbCircle
 10
30.47999999999989
 20
2.54000000000002
 40
0.5
  0
CIRCLE
  5
E0
100
AcDbEntity
  8
universal_board
  6
ByLayer
 62
  256
370
   -1
100
AcDbCircle
 10
30.4799999999999
 20
0
 40
0.5
  0
CIRCLE
  5
E1
100
AcDbEntity
  8
universal_board
  6
ByLayer
 62
  256
370
   -1
100
AcDbCircle
 10
27.93999999999984
 20
30.48000000000023
 40
0.5
  0
CIRCLE
  5
E2
100
AcDbEntity
  8
universal_board
  6
ByLayer
 62
  256
370
   -1
100
AcDbCircle
 10
27.93999999999986
 20
27.94000000000021
 40
0.5
  0
CIRCLE
  5
E3
100
AcDbEntity
  8
universal_board
  6
ByLayer
 62
  256
370
   -1
100
AcDbCircle
 10
27.93999999999987
 20
25.40000000000019
 40
0.5
  0
CIRCLE
  5
E4
100
AcDbEntity
  8
universal_board
  6
ByLayer
 62
  256
370
   -1
100
AcDbCircle
 10
27.93999999999979
 20
22.86000000000017
 40
0.5
  0
CIRCLE
  5
E5
100
AcDbEntity
  8
universal_board
  6
ByLayer
 62
  256
370
   -1
100
AcDbCircle
 10
27.93999999999981
 20
20.32000000000015
 40
0.5
  0
CIRCLE
  5
E6
100
AcDbEntity
  8
universal_board
  6
ByLayer
 62
  256
370
   -1
100
AcDbCircle
 10
27.93999999999982
 20
17.78000000000013
 40
0.5
  0
CIRCLE
  5
E7
100
AcDbEntity
  8
universal_board
  6
ByLayer
 62
  256
370
   -1
100
AcDbCircle
 10
27.93999999999983
 20
33.02000000000025
 40
0.5
  0
CIRCLE
  5
E8
100
AcDbEntity
  8
universal_board
  6
ByLayer
 62
  256
370
   -1
100
AcDbCircle
 10
27.93999999999983
 20
15.24000000000011
 40
0.5
  0
CIRCLE
  5
E9
100
AcDbEntity
  8
universal_board
  6
ByLayer
 62
  256
370
   -1
100
AcDbCircle
 10
27.93999999999985
 20
12.70000000000009
 40
0.5
  0
CIRCLE
  5
EA
100
AcDbEntity
  8
universal_board
  6
ByLayer
 62
  256
370
   -1
100
AcDbCircle
 10
27.93999999999986
 20
10.16000000000006
 40
0.5
  0
CIRCLE
  5
EB
100
AcDbEntity
  8
universal_board
  6
ByLayer
 62
  256
370
   -1
100
AcDbCircle
 10
27.93999999999987
 20
7.620000000000047
 40
0.5
  0
CIRCLE
  5
EC
100
AcDbEntity
  8
universal_board
  6
ByLayer
 62
  256
370
   -1
100
AcDbCircle
 10
27.93999999999988
 20
5.080000000000027
 40
0.5
  0
CIRCLE
  5
ED
100
AcDbEntity
  8
universal_board
  6
ByLayer
 62
  256
370
   -1
100
AcDbCircle
 10
27.9399999999999
 20
2.540000000000006
 40
0.5
  0
CIRCLE
  5
EE
100
AcDbEntity
  8
universal_board
  6
ByLayer
 62
  256
370
   -1
100
AcDbCircle
 10
27.93999999999991
 20
-1.4210854715202e-14
 40
0.5
  0
CIRCLE
  5
EF
100
AcDbEntity
  8
universal_board
  6
ByLayer
 62
  256
370
   -1
100
AcDbCircle
 10
25.39999999999985
 20
30.48000000000022
 40
0.5
  0
CIRCLE
  5
F0
100
AcDbEntity
  8
universal_board
  6
ByLayer
 62
  256
370
   -1
100
AcDbCircle
 10
25.39999999999986
 20
27.9400000000002
 40
0.5
  0
CIRCLE
  5
F1
100
AcDbEntity
  8
universal_board
  6
ByLayer
 62
  256
370
   -1
100
AcDbCircle
 10
25.39999999999988
 20
25.40000000000018
 40
0.5
  0
CIRCLE
  5
F2
100
AcDbEntity
  8
universal_board
  6
ByLayer
 62
  256
370
   -1
100
AcDbCircle
 10
25.3999999999998
 20
22.86000000000016
 40
0.5
  0
CIRCLE
  5
F3
100
AcDbEntity
  8
universal_board
  6
ByLayer
 62
  256
370
   -1
100
AcDbCircle
 10
25.39999999999981
 20
20.32000000000014
 40
0.5
  0
CIRCLE
  5
F4
100
AcDbEntity
  8
universal_board
  6
ByLayer
 62
  256
370
   -1
100
AcDbCircle
 10
25.39999999999983
 20
17.78000000000011
 40
0.5
  0
CIRCLE
  5
F5
100
AcDbEntity
  8
universal_board
  6
ByLayer
 62
  256
370
   -1
100
AcDbCircle
 10
25.39999999999984
 20
33.02000000000024
 40
0.5
  0
CIRCLE
  5
F6
100
AcDbEntity
  8
universal_board
  6
ByLayer
 62
  256
370
   -1
100
AcDbCircle
 10
25.39999999999984
 20
15.2400000000001
 40
0.5
  0
CIRCLE
  5
F7
100
AcDbEntity
  8
universal_board
  6
ByLayer
 62
  256
370
   -1
100
AcDbCircle
 10
25.39999999999986
 20
12.70000000000007
 40
0.5
  0
CIRCLE
  5
F8
100
AcDbEntity
  8
universal_board
  6
ByLayer
 62
  256
370
   -1
100
AcDbCircle
 10
25.39999999999987
 20
10.16000000000005
 40
0.5
  0
CIRCLE
  5
F9
100
AcDbEntity
  8
universal_board
  6
ByLayer
 62
  256
370
   -1
100
AcDbCircle
 10
25.39999999999988
 20
7.62000000000004
 40
0.5
  0
CIRCLE
  5
FA
100
AcDbEntity
  8
universal_board
  6
ByLayer
 62
  256
370
   -1
100
AcDbCircle
 10
25.39999999999989
 20
5.080000000000013
 40
0.5
  0
CIRCLE
  5
FB
100
AcDbEntity
  8
universal_board
  6
ByLayer
 62
  256
370
   -1
100
AcDbCircle
 10
25.39999999999991
 20
2.539999999999992
 40
0.5
  0
CIRCLE
  5
FC
100
AcDbEntity
  8
universal_board
  6
ByLayer
 62
  256
370
   -1
100
AcDbCircle
 10
25.39999999999992
 20
-2.842170943040401e-14
 40
0.5
  0
CIRCLE
  5
FD
100
AcDbEntity
  8
universal_board
  6
ByLayer
 62
  256
370
   -1
100
AcDbCircle
 10
22.85999999999986
 20
30.4800000000002
 40
0.5
  0
CIRCLE
  5
FE
100
AcDbEntity
  8
universal_board
  6
ByLayer
 62
  256
370
   -1
100
AcDbCircle
 10
22.85999999999987
 20
27.94000000000018
 40
0.5
  0
CIRCLE
  5
FF
100
AcDbEntity
  8
universal_board
  6
ByLayer
 62
  256
370
   -1
100
AcDbCircle
 10
22.85999999999989
 20
25.40000000000016
 40
0.5
  0
CIRCLE
  5
100
100
AcDbEntity
  8
universal_board
  6
ByLayer
 62
  256
370
   -1
100
AcDbCircle
 10
22.85999999999981
 20
22.86000000000014
 40
0.5
  0
CIRCLE
  5
101
100
AcDbEntity
  8
universal_board
  6
ByLayer
 62
  256
370
   -1
100
AcDbCircle
 10
22.85999999999982
 20
20.32000000000012
 40
0.5
  0
CIRCLE
  5
102
100
AcDbEntity
  8
universal_board
  6
ByLayer
 62
  256
370
   -1
100
AcDbCircle
 10
22.85999999999984
 20
17.7800000000001
 40
0.5
  0
CIRCLE
  5
103
100
AcDbEntity
  8
universal_board
  6
ByLayer
 62
  256
370
   -1
100
AcDbCircle
 10
22.85999999999984
 20
33.02000000000022
 40
0.5
  0
CIRCLE
  5
104
100
AcDbEntity
  8
universal_board
  6
ByLayer
 62
  256
370
   -1
100
AcDbCircle
 10
22.85999999999985
 20
15.24000000000009
 40
0.5
  0
CIRCLE
  5
105
100
AcDbEntity
  8
universal_board
  6
ByLayer
 62
  256
370
   -1
100
AcDbCircle
 10
22.85999999999986
 20
12.70000000000006
 40
0.5
  0
CIRCLE
  5
106
100
AcDbEntity
  8
universal_board
  6
ByLayer
 62
  256
370
   -1
100
AcDbCircle
 10
22.85999999999988
 20
10.16000000000003
 40
0.5
  0
CIRCLE
  5
107
100
AcDbEntity
  8
universal_board
  6
ByLayer
 62
  256
370
   -1
100
AcDbCircle
 10
22.85999999999989
 20
7.620000000000026
 40
0.5
  0
CIRCLE
  5
108
100
AcDbEntity
  8
universal_board
  6
ByLayer
 62
  256
370
   -1
100
AcDbCircle
 10
22.8599999999999
 20
5.079999999999998
 40
0.5
  0
CIRCLE
  5
109
100
AcDbEntity
  8
universal_board
  6
ByLayer
 62
  256
370
   -1
100
AcDbCircle
 10
22.85999999999991
 20
2.539999999999978
 40
0.5
  0
CIRCLE
  5
10A
100
AcDbEntity
  8
universal_board
  6
ByLayer
 62
  256
370
   -1
100
AcDbCircle
 10
22.85999999999993
 20
-4.263256414560601e-14
 40
0.5
  0
LINE
  5
10B
100
AcDbEntity
  8
universal_board
  6
ByLayer
 62
  256
370
   -1
100
AcDbLine
 10
21.58999999999994
 20
34.29000000000003
 11
21.59000000000012
 21
-1.270000000000252
  0
LINE
  5
10C
100
AcDbEntity
  8
universal_board
  6
ByLayer
 62
  256
370
   -1
100
AcDbLine
 10
39.36999999999988
 20
34.29000000000012
 11
39.37000000000007
 21
-1.270000000000181
  0
LINE
  5
10D
100
AcDbEntity
  8
universal_board
  6
ByLayer
 62
  256
370
   -1
100
AcDbLine
 10
39.37000000000007
 20
-1.270000000000181
 11
21.59000000000004
 21
-1.270000000000252
  0
LINE
  5
10E
100
AcDbEntity
  8
universal_board
  6
ByLayer
 62
  256
370
   -1
100
AcDbLine
 10
39.36999999999988
 20
34.29000000000012
 11
21.58999999999994
 21
34.29000000000003
  0
LINE
  5
10F
100
AcDbEntity
  8
universal_board
  6
ByLayer
 62
  256
370
   -1
100
AcDbLine
 10
24.12999999999993
 20
34.29000000000005
 11
24.13000000000012
 21
-1.270000000000238
  0
LINE
  5
110
100
AcDbEntity
  8
universal_board
  6
ByLayer
 62
  256
370
   -1
100
AcDbLine
 10
26.66999999999992
 20
34.29000000000006
 11
26.67000000000011
 21
-1.270000000000223
  0
LINE
  5
111
100
AcDbEntity
  8
universal_board
  6
ByLayer
 62
  256
370
   -1
100
AcDbLine
 10
29.20999999999992
 20
34.29000000000008
 11
29.2100000000001
 21
-1.270000000000209
  0
LINE
  5
112
100
AcDbEntity
  8
universal_board
  6
ByLayer
 62
  256
370
   -1
100
AcDbLine
 10
31.74999999999991
 20
34.29000000000009
 11
31.75000000000009
 21
-1.270000000000195
  0
LINE
  5
113
100
AcDbEntity
  8
universal_board
  6
ByLayer
 62
  256
370
   -1
100
AcDbLine
 10
34.2899999999999
 20
34.29000000000011
 11
34.29000000000008
 21
-1.270000000000181
  0
LINE
  5
114
100
AcDbEntity
  8
universal_board
  6
ByLayer
 62
  256
370
   -1
100
AcDbLine
 10
36.82999999999989
 20
34.29000000000012
 11
36.83000000000008
 21
-1.270000000000167
  0
LINE
  5
115
100
AcDbEntity
  8
universal_board
  6
ByLayer
 62
  256
370
   -1
100
AcDbLine
 10
39.37000000000005
 20
1.26999999999984
 11
21.59000000000002
 21
1.269999999999769
  0
LINE
  5
116
100
AcDbEntity
  8
universal_board
  6
ByLayer
 62
  256
370
   -1
100
AcDbLine
 10
39.37000000000004
 20
3.80999999999986
 11
21.59000000000001
 21
3.809999999999789
  0
LINE
  5
117
100
AcDbEntity
  8
universal_board
  6
ByLayer
 62
  256
370
   -1
100
AcDbLine
 10
39.37000000000003
 20
6.349999999999881
 11
21.59
 21
6.34999999999981
  0
LINE
  5
118
100
AcDbEntity
  8
universal_board
  6
ByLayer
 62
  256
370
   -1
100
AcDbLine
 10
39.37000000000001
 20
8.889999999999901
 11
21.58999999999998
 21
8.88999999999983
  0
LINE
  5
119
100
AcDbEntity
  8
universal_board
  6
ByLayer
 62
  256
370
   -1
100
AcDbLine
 10
39.37
 20
11.42999999999992
 11
21.58999999999997
 21
11.42999999999985
  0
LINE
  5
11A
100
AcDbEntity
  8
universal_board
  6
ByLayer
 62
  256
370
   -1
100
AcDbLine
 10
39.36999999999998
 20
13.96999999999994
 11
21.58999999999995
 21
13.96999999999987
  0
LINE
  5
11B
100
AcDbEntity
  8
universal_board
  6
ByLayer
 62
  256
370
   -1
100
AcDbLine
 10
39.36999999999997
 20
16.50999999999996
 11
21.58999999999994
 21
16.50999999999989
  0
LINE
  5
11C
100
AcDbEntity
  8
universal_board
  6
ByLayer
 62
  256
370
   -1
100
AcDbLine
 10
39.36999999999995
 20
19.04999999999998
 11
21.58999999999993
 21
19.04999999999991
  0
LINE
  5
11D
100
AcDbEntity
  8
universal_board
  6
ByLayer
 62
  256
370
   -1
100
AcDbLine
 10
39.36999999999994
 20
21.59
 11
21.58999999999991
 21
21.58999999999993
  0
LINE
  5
11E
100
AcDbEntity
  8
universal_board
  6
ByLayer
 62
  256
370
   -1
100
AcDbLine
 10
39.36999999999993
 20
24.13000000000002
 11
21.5899999999999
 21
24.12999999999995
  0
LINE
  5
11F
100
AcDbEntity
  8
universal_board
  6
ByLayer
 62
  256
370
   -1
100
AcDbLine
 10
39.36999999999991
 20
26.67000000000004
 11
21.58999999999988
 21
26.66999999999997
  0
LINE
  5
120
100
AcDbEntity
  8
universal_board
  6
ByLayer
 62
  256
370
   -1
100
AcDbLine
 10
39.3699999999999
 20
29.21000000000006
 11
21.58999999999987
 21
29.20999999999999
  0
LINE
  5
121
100
AcDbEntity
  8
universal_board
  6
ByLayer
 62
  256
370
   -1
100
AcDbLine
 10
39.36999999999988
 20
31.75000000000009
 11
21.58999999999985
 21
31.75000000000001
  0
CIRCLE
  5
122
100
AcDbEntity
  8
universal_board
  6
ByLayer
 62
  256
370
   -1
100
AcDbCircle
 10
-8.526512829121202e-14
 20
30.48000000000025
 40
0.5
  0
CIRCLE
  5
123
100
AcDbEntity
  8
universal_board
  6
ByLayer
 62
  256
370
   -1
100
AcDbCircle
 10
-8.526512829121202e-14
 20
27.94000000000023
 40
0.5
  0
CIRCLE
  5
124
100
AcDbEntity
  8
universal_board
  6
ByLayer
 62
  256
370
   -1
100
AcDbCircle
 10
-8.526512829121202e-14
 20
25.4000000000002
 40
0.5
  0
CIRCLE
  5
125
100
AcDbEntity
  8
universal_board
  6
ByLayer
 62
  256
370
   -1
100
AcDbCircle
 10
0
 20
22.86000000000018
 40
0.5
  0
CIRCLE
  5
126
100
AcDbEntity
  8
universal_board
  6
ByLayer
 62
  256
370
   -1
100
AcDbCircle
 10
0
 20
20.32000000000016
 40
0.5
  0
CIRCLE
  5
127
100
AcDbEntity
  8
universal_board
  6
ByLayer
 62
  256
370
   -1
100
AcDbCircle
 10
0
 20
17.78000000000014
 40
0.5
  0
CIRCLE
  5
128
100
AcDbEntity
  8
universal_board
  6
ByLayer
 62
  256
370
   -1
100
AcDbCircle
 10
-8.526512829121202e-14
 20
33.02000000000027
 40
0.5
  0
CIRCLE
  5
129
100
AcDbEntity
  8
universal_board
  6
ByLayer
 62
  256
370
   -1
100
AcDbCircle
 10
0
 20
15.24000000000012
 40
0.5
  0
CIRCLE
  5
12A
100
AcDbEntity
  8
universal_board
  6
ByLayer
 62
  256
370
   -1
100
AcDbCircle
 10
0
 20
12.7000000000001
 40
0.5
  0
CIRCLE
  5
12B
100
AcDbEntity
  8
universal_board
  6
ByLayer
 62
  256
370
   -1
100
AcDbCircle
 10
0
 20
10.16000000000008
 40
0.5
  0
CIRCLE
  5
12C
100
AcDbEntity
  8
universal_board
  6
ByLayer
 62
  256
370
   -1
100
AcDbCircle
 10
0
 20
7.620000000000061
 40
0.5
  0
CIRCLE
  5
12D
100
AcDbEntity
  8
universal_board
  6
ByLayer
 62
  256
370
   -1
100
AcDbCircle
 10
0
 20
5.080000000000041
 40
0.5
  0
CIRCLE
  5
12E
100
AcDbEntity
  8
universal_board
  6
ByLayer
 62
  256
370
   -1
100
AcDbCircle
 10
0
 20
2.54000000000002
 40
0.5
  0
CIRCLE
  5
12F
100
AcDbEntity
  8
universal_board
  6
ByLayer
 62
  256
370
   -1
100
AcDbCircle
 10
0
 20
0
 40
0.5
  0
CIRCLE
  5
130
100
AcDbEntity
  8
universal_board
  6
ByLayer
 62
  256
370
   -1
100
AcDbCircle
 10
2.539999999999907
 20
30.48000000000025
 40
0.5
  0
CIRCLE
  5
131
100
AcDbEntity
  8
universal_board
  6
ByLayer
 62
  256
370
   -1
100
AcDbCircle
 10
2.539999999999907
 20
27.94000000000023
 40
0.5
  0
CIRCLE
  5
132
100
AcDbEntity
  8
universal_board
  6
ByLayer
 62
  256
370
   -1
100
AcDbCircle
 10
2.539999999999907
 20
25.4000000000002
 40
0.5
  0
CIRCLE
  5
133
100
AcDbEntity
  8
universal_board
  6
ByLayer
 62
  256
370
   -1
100
AcDbCircle
 10
2.539999999999992
 20
22.86000000000018
 40
0.5
  0
CIRCLE
  5
134
100
AcDbEntity
  8
universal_board
  6
ByLayer
 62
  256
370
   -1
100
AcDbCircle
 10
2.539999999999992
 20
20.32000000000016
 40
0.5
  0
CIRCLE
  5
135
100
AcDbEntity
  8
universal_board
  6
ByLayer
 62
  256
370
   -1
100
AcDbCircle
 10
2.539999999999992
 20
17.78000000000014
 40
0.5
  0
CIRCLE
  5
136
100
AcDbEntity
  8
universal_board
  6
ByLayer
 62
  256
370
   -1
100
AcDbCircle
 10
2.539999999999907
 20
33.02000000000027
 40
0.5
  0
CIRCLE
  5
137
100
AcDbEntity
  8
universal_board
  6
ByLayer
 62
  256
370
   -1
100
AcDbCircle
 10
2.539999999999992
 20
15.24000000000012
 40
0.5
  0
CIRCLE
  5
138
100
AcDbEntity
  8
universal_board
  6
ByLayer
 62
  256
370
   -1
100
AcDbCircle
 10
2.539999999999992
 20
12.7000000000001
 40
0.5
  0
CIRCLE
  5
139
100
AcDbEntity
  8
universal_board
  6
ByLayer
 62
  256
370
   -1
100
AcDbCircle
 10
2.539999999999992
 20
10.16000000000008
 40
0.5
  0
CIRCLE
  5
13A
100
AcDbEntity
  8
universal_board
  6
ByLayer
 62
  256
370
   -1
100
AcDbCircle
 10
2.539999999999992
 20
7.620000000000061
 40
0.5
  0
CIRCLE
  5
13B
100
AcDbEntity
  8
universal_board
  6
ByLayer
 62
  256
370
   -1
100
AcDbCircle
 10
2.539999999999992
 20
5.080000000000041
 40
0.5
  0
CIRCLE
  5
13C
100
AcDbEntity
  8
universal_board
  6
ByLayer
 62
  256
370
   -1
100
AcDbCircle
 10
2.539999999999992
 20
2.54000000000002
 40
0.5
  0
CIRCLE
  5
13D
100
AcDbEntity
  8
universal_board
  6
ByLayer
 62
  256
370
   -1
100
AcDbCircle
 10
2.539999999999992
 20
0
 40
0.5
  0
CIRCLE
  5
13E
100
AcDbEntity
  8
universal_board
  6
ByLayer
 62
  256
370
   -1
100
AcDbCircle
 10
5.079999999999899
 20
30.48000000000025
 40
0.5
  0
CIRCLE
  5
13F
100
AcDbEntity
  8
universal_board
  6
ByLayer
 62
  256
370
   -1
100
AcDbCircle
 10
5.079999999999899
 20
27.94000000000023
 40
0.5
  0
CIRCLE
  5
140
100
AcDbEntity
  8
universal_board
  6
ByLayer
 62
  256
370
   -1
100
AcDbCircle
 10
5.079999999999899
 20
25.4000000000002
 40
0.5
  0
CIRCLE
  5
141
100
AcDbEntity
  8
universal_board
  6
ByLayer
 62
  256
370
   -1
100
AcDbCircle
 10
5.079999999999984
 20
22.86000000000018
 40
0.5
  0
CIRCLE
  5
142
100
AcDbEntity
  8
universal_board
  6
ByLayer
 62
  256
370
   -1
100
AcDbCircle
 10
5.079999999999984
 20
20.32000000000016
 40
0.5
  0
CIRCLE
  5
143
100
AcDbEntity
  8
universal_board
  6
ByLayer
 62
  256
370
   -1
100
AcDbCircle
 10
5.079999999999984
 20
17.78000000000014
 40
0.5
  0
CIRCLE
  5
144
100
AcDbEntity
  8
universal_board
  6
ByLayer
 62
  256
370
   -1
100
AcDbCircle
 10
5.079999999999899
 20
33.02000000000027
 40
0.5
  0
CIRCLE
  5
145
100
AcDbEntity
  8
universal_board
  6
ByLayer
 62
  256
370
   -1
100
AcDbCircle
 10
5.079999999999984
 20
15.24000000000012
 40
0.5
  0
CIRCLE
  5
146
100
AcDbEntity
  8
universal_board
  6
ByLayer
 62
  256
370
   -1
100
AcDbCircle
 10
5.079999999999984
 20
12.7000000000001
 40
0.5
  0
CIRCLE
  5
147
100
AcDbEntity
  8
universal_board
  6
ByLayer
 62
  256
370
   -1
100
AcDbCircle
 10
5.079999999999984
 20
10.16000000000008
 40
0.5
  0
CIRCLE
  5
148
100
AcDbEntity
  8
universal_board
  6
ByLayer
 62
  256
370
   -1
100
AcDbCircle
 10
5.079999999999984
 20
7.620000000000061
 40
0.5
  0
CIRCLE
  5
149
100
AcDbEntity
  8
universal_board
  6
ByLayer
 62
  256
370
   -1
100
AcDbCircle
 10
5.079999999999984
 20
5.080000000000041
 40
0.5
  0
CIRCLE
  5
14A
100
AcDbEntity
  8
universal_board
  6
ByLayer
 62
  256
370
   -1
100
AcDbCircle
 10
5.079999999999984
 20
2.54000000000002
 40
0.5
  0
CIRCLE
  5
14B
100
AcDbEntity
  8
universal_board
  6
ByLayer
 62
  256
370
   -1
100
AcDbCircle
 10
5.079999999999984
 20
0
 40
0.5
  0
CIRCLE
  5
14C
100
AcDbEntity
  8
universal_board
  6
ByLayer
 62
  256
370
   -1
100
AcDbCircle
 10
7.619999999999891
 20
30.48000000000025
 40
0.5
  0
CIRCLE
  5
14D
100
AcDbEntity
  8
universal_board
  6
ByLayer
 62
  256
370
   -1
100
AcDbCircle
 10
7.619999999999891
 20
27.94000000000023
 40
0.5
  0
CIRCLE
  5
14E
100
AcDbEntity
  8
universal_board
  6
ByLayer
 62
  256
370
   -1
100
AcDbCircle
 10
7.619999999999891
 20
25.4000000000002
 40
0.5
  0
CIRCLE
  5
14F
100
AcDbEntity
  8
universal_board
  6
ByLayer
 62
  256
370
   -1
100
AcDbCircle
 10
7.619999999999976
 20
22.86000000000018
 40
0.5
  0
CIRCLE
  5
150
100
AcDbEntity
  8
universal_board
  6
ByLayer
 62
  256
370
   -1
100
AcDbCircle
 10
7.619999999999976
 20
20.32000000000016
 40
0.5
  0
CIRCLE
  5
151
100
AcDbEntity
  8
universal_board
  6
ByLayer
 62
  256
370
   -1
100
AcDbCircle
 10
7.619999999999976
 20
17.78000000000014
 40
0.5
  0
CIRCLE
  5
152
100
AcDbEntity
  8
universal_board
  6
ByLayer
 62
  256
370
   -1
100
AcDbCircle
 10
7.619999999999891
 20
33.02000000000027
 40
0.5
  0
CIRCLE
  5
153
100
AcDbEntity
  8
universal_board
  6
ByLayer
 62
  256
370
   -1
100
AcDbCircle
 10
7.619999999999976
 20
15.24000000000012
 40
0.5
  0
CIRCLE
  5
154
100
AcDbEntity
  8
universal_board
  6
ByLayer
 62
  256
370
   -1
100
AcDbCircle
 10
7.619999999999976
 20
12.7000000000001
 40
0.5
  0
CIRCLE
  5
155
100
AcDbEntity
  8
universal_board
  6
ByLayer
 62
  256
370
   -1
100
AcDbCircle
 10
7.619999999999976
 20
10.16000000000008
 40
0.5
  0
CIRCLE
  5
156
100
AcDbEntity
  8
universal_board
  6
ByLayer
 62
  256
370
   -1
100
AcDbCircle
 10
7.619999999999976
 20
7.620000000000061
 40
0.5
  0
CIRCLE
  5
157
100
AcDbEntity
  8
universal_board
  6
ByLayer
 62
  256
370
   -1
100
AcDbCircle
 10
7.619999999999976
 20
5.080000000000041
 40
0.5
  0
CIRCLE
  5
158
100
AcDbEntity
  8
universal_board
  6
ByLayer
 62
  256
370
   -1
100
AcDbCircle
 10
7.619999999999976
 20
2.54000000000002
 40
0.5
  0
CIRCLE
  5
159
100
AcDbEntity
  8
universal_board
  6
ByLayer
 62
  256
370
   -1
100
AcDbCircle
 10
7.619999999999976
 20
0
 40
0.5
  0
CIRCLE
  5
15A
100
AcDbEntity
  8
universal_board
  6
ByLayer
 62
  256
370
   -1
100
AcDbCircle
 10
10.15999999999988
 20
30.48000000000025
 40
0.5
  0
CIRCLE
  5
15B
100
AcDbEntity
  8
universal_board
  6
ByLayer
 62
  256
370
   -1
100
AcDbCircle
 10
10.15999999999988
 20
27.94000000000023
 40
0.5
  0
CIRCLE
  5
15C
100
AcDbEntity
  8
universal_board
  6
ByLayer
 62
  256
370
   -1
100
AcDbCircle
 10
10.15999999999988
 20
25.4000000000002
 40
0.5
  0
CIRCLE
  5
15D
100
AcDbEntity
  8
universal_board
  6
ByLayer
 62
  256
370
   -1
100
AcDbCircle
 10
10.15999999999997
 20
22.86000000000018
 40
0.5
  0
CIRCLE
  5
15E
100
AcDbEntity
  8
universal_board
  6
ByLayer
 62
  256
370
   -1
100
AcDbCircle
 10
10.15999999999997
 20
20.32000000000016
 40
0.5
  0
CIRCLE
  5
15F
100
AcDbEntity
  8
universal_board
  6
ByLayer
 62
  256
370
   -1
100
AcDbCircle
 10
10.15999999999997
 20
17.78000000000014
 40
0.5
  0
CIRCLE
  5
160
100
AcDbEntity
  8
universal_board
  6
ByLayer
 62
  256
370
   -1
100
AcDbCircle
 10
10.15999999999988
 20
33.02000000000027
 40
0.5
  0
CIRCLE
  5
161
100
AcDbEntity
  8
universal_board
  6
ByLayer
 62
  256
370
   -1
100
AcDbCircle
 10
10.15999999999997
 20
15.24000000000012
 40
0.5
  0
CIRCLE
  5
162
100
AcDbEntity
  8
universal_board
  6
ByLayer
 62
  256
370
   -1
100
AcDbCircle
 10
10.15999999999997
 20
12.7000000000001
 40
0.5
  0
CIRCLE
  5
163
100
AcDbEntity
  8
universal_board
  6
ByLayer
 62
  256
370
   -1
100
AcDbCircle
 10
10.15999999999997
 20
10.16000000000008
 40
0.5
  0
CIRCLE
  5
164
100
AcDbEntity
  8
universal_board
  6
ByLayer
 62
  256
370
   -1
100
AcDbCircle
 10
10.15999999999997
 20
7.620000000000061
 40
0.5
  0
CIRCLE
  5
165
100
AcDbEntity
  8
universal_board
  6
ByLayer
 62
  256
370
   -1
100
AcDbCircle
 10
10.15999999999997
 20
5.080000000000041
 40
0.5
  0
CIRCLE
  5
166
100
AcDbEntity
  8
universal_board
  6
ByLayer
 62
  256
370
   -1
100
AcDbCircle
 10
10.15999999999997
 20
2.54000000000002
 40
0.5
  0
CIRCLE
  5
167
100
AcDbEntity
  8
universal_board
  6
ByLayer
 62
  256
370
   -1
100
AcDbCircle
 10
10.15999999999997
 20
0
 40
0.5
  0
CIRCLE
  5
168
100
AcDbEntity
  8
universal_board
  6
ByLayer
 62
  256
370
   -1
100
AcDbCircle
 10
12.69999999999987
 20
30.48000000000025
 40
0.5
  0
CIRCLE
  5
169
100
AcDbEntity
  8
universal_board
  6
ByLayer
 62
  256
370
   -1
100
AcDbCircle
 10
12.69999999999987
 20
27.94000000000023
 40
0.5
  0
CIRCLE
  5
16A
100
AcDbEntity
  8
universal_board
  6
ByLayer
 62
  256
370
   -1
100
AcDbCircle
 10
12.69999999999987
 20
25.4000000000002
 40
0.5
  0
CIRCLE
  5
16B
100
AcDbEntity
  8
universal_board
  6
ByLayer
 62
  256
370
   -1
100
AcDbCircle
 10
12.69999999999996
 20
22.86000000000018
 40
0.5
  0
CIRCLE
  5
16C
100
AcDbEntity
  8
universal_board
  6
ByLayer
 62
  256
370
   -1
100
AcDbCircle
 10
12.69999999999996
 20
20.32000000000016
 40
0.5
  0
CIRCLE
  5
16D
100
AcDbEntity
  8
universal_board
  6
ByLayer
 62
  256
370
   -1
100
AcDbCircle
 10
12.69999999999996
 20
17.78000000000014
 40
0.5
  0
CIRCLE
  5
16E
100
AcDbEntity
  8
universal_board
  6
ByLayer
 62
  256
370
   -1
100
AcDbCircle
 10
12.69999999999987
 20
33.02000000000027
 40
0.5
  0
CIRCLE
  5
16F
100
AcDbEntity
  8
universal_board
  6
ByLayer
 62
  256
370
   -1
100
AcDbCircle
 10
12.69999999999996
 20
15.24000000000012
 40
0.5
  0
CIRCLE
  5
170
100
AcDbEntity
  8
universal_board
  6
ByLayer
 62
  256
370
   -1
100
AcDbCircle
 10
12.69999999999996
 20
12.7000000000001
 40
0.5
  0
CIRCLE
  5
171
100
AcDbEntity
  8
universal_board
  6
ByLayer
 62
  256
370
   -1
100
AcDbCircle
 10
12.69999999999996
 20
10.16000000000008
 40
0.5
  0
CIRCLE
  5
172
100
AcDbEntity
  8
universal_board
  6
ByLayer
 62
  256
370
   -1
100
AcDbCircle
 10
12.69999999999996
 20
7.620000000000061
 40
0.5
  0
CIRCLE
  5
173
100
AcDbEntity
  8
universal_board
  6
ByLayer
 62
  256
370
   -1
100
AcDbCircle
 10
12.69999999999996
 20
5.080000000000041
 40
0.5
  0
CIRCLE
  5
174
100
AcDbEntity
  8
universal_board
  6
ByLayer
 62
  256
370
   -1
100
AcDbCircle
 10
12.69999999999996
 20
2.54000000000002
 40
0.5
  0
CIRCLE
  5
175
100
AcDbEntity
  8
universal_board
  6
ByLayer
 62
  256
370
   -1
100
AcDbCircle
 10
12.69999999999996
 20
0
 40
0.5
  0
CIRCLE
  5
176
100
AcDbEntity
  8
universal_board
  6
ByLayer
 62
  256
370
   -1
100
AcDbCircle
 10
15.23999999999987
 20
30.48000000000025
 40
0.5
  0
CIRCLE
  5
177
100
AcDbEntity
  8
universal_board
  6
ByLayer
 62
  256
370
   -1
100
AcDbCircle
 10
15.23999999999987
 20
27.94000000000023
 40
0.5
  0
CIRCLE
  5
178
100
AcDbEntity
  8
universal_board
  6
ByLayer
 62
  256
370
   -1
100
AcDbCircle
 10
15.23999999999987
 20
25.4000000000002
 40
0.5
  0
CIRCLE
  5
179
100
AcDbEntity
  8
universal_board
  6
ByLayer
 62
  256
370
   -1
100
AcDbCircle
 10
15.23999999999995
 20
22.86000000000018
 40
0.5
  0
CIRCLE
  5
17A
100
AcDbEntity
  8
universal_board
  6
ByLayer
 62
  256
370
   -1
100
AcDbCircle
 10
15.23999999999995
 20
20.32000000000016
 40
0.5
  0
CIRCLE
  5
17B
100
AcDbEntity
  8
universal_board
  6
ByLayer
 62
  256
370
   -1
100
AcDbCircle
 10
15.23999999999995
 20
17.78000000000014
 40
0.5
  0
CIRCLE
  5
17C
100
AcDbEntity
  8
universal_board
  6
ByLayer
 62
  256
370
   -1
100
AcDbCircle
 10
15.23999999999987
 20
33.02000000000027
 40
0.5
  0
CIRCLE
  5
17D
100
AcDbEntity
  8
universal_board
  6
ByLayer
 62
  256
370
   -1
100
AcDbCircle
 10
15.23999999999995
 20
15.24000000000012
 40
0.5
  0
CIRCLE
  5
17E
100
AcDbEntity
  8
universal_board
  6
ByLayer
 62
  256
370
   -1
100
AcDbCircle
 10
15.23999999999995
 20
12.7000000000001
 40
0.5
  0
CIRCLE
  5
17F
100
AcDbEntity
  8
universal_board
  6
ByLayer
 62
  256
370
   -1
100
AcDbCircle
 10
15.23999999999995
 20
10.16000000000008
 40
0.5
  0
CIRCLE
  5
180
100
AcDbEntity
  8
universal_board
  6
ByLayer
 62
  256
370
   -1
100
AcDbCircle
 10
15.23999999999995
 20
7.620000000000061
 40
0.5
  0
CIRCLE
  5
181
100
AcDbEntity
  8
universal_board
  6
ByLayer
 62
  256
370
   -1
100
AcDbCircle
 10
15.23999999999995
 20
5.080000000000041
 40
0.5
  0
CIRCLE
  5
182
100
AcDbEntity
  8
universal_board
  6
ByLayer
 62
  256
370
   -1
100
AcDbCircle
 10
15.23999999999995
 20
2.54000000000002
 40
0.5
  0
CIRCLE
  5
183
100
AcDbEntity
  8
universal_board
  6
ByLayer
 62
  256
370
   -1
100
AcDbCircle
 10
15.23999999999995
 20
0
 40
0.5
  0
LINE
  5
184
100
AcDbEntity
  8
universal_board
  6
ByLayer
 62
  256
370
   -1
100
AcDbLine
 10
16.50999999999976
 20
34.29000000000008
 11
16.50999999999976
 21
-1.270000000000209
  0
LINE
  5
185
100
AcDbEntity
  8
universal_board
  6
ByLayer
 62
  256
370
   -1
100
AcDbLine
 10
-1.270000000000181
 20
34.29000000000008
 11
-1.270000000000181
 21
-1.270000000000209
  0
LINE
  5
186
100
AcDbEntity
  8
universal_board
  6
ByLayer
 62
  256
370
   -1
100
AcDbLine
 10
-1.270000000000181
 20
-1.270000000000209
 11
16.50999999999985
 21
-1.270000000000209
  0
LINE
  5
187
100
AcDbEntity
  8
universal_board
  6
ByLayer
 62
  256
370
   -1
100
AcDbLine
 10
-1.270000000000181
 20
34.29000000000008
 11
16.50999999999976
 21
34.29000000000008
  0
MTEXT
  5
188
100
AcDbEntity
  8
universal_board
  6
ByLayer
 62
  256
370
   -1
100
AcDbMText
 10
-0.6776489361702137
 20
-1.993085106382982
 30
0
 40
1
 41
1.202222222222222
 71
    4
 72
    1
  1
B1
  7
kst32b
210
0
220
0
230
1
 50
0
 73
    2
 44
1.54
  0
LINE
  5
189
100
AcDbEntity
  8
0_GND
  6
ByLayer
 62
  256
370
   -1
100
AcDbLine
 10
12.69999999999987
 20
27.94000000000023
 11
12.69999999999987
 21
30.48000000000025
  0
LINE
  5
18A
100
AcDbEntity
  8
0_GND
  6
ByLayer
 62
  256
370
   -1
100
AcDbLine
 10
10.15999999999988
 20
27.94000000000023
 11
10.15999999999988
 21
30.48000000000025
  0
LINE
  5
18B
100
AcDbEntity
  8
5V line
  6
CONTINUOUS
 62
  256
370
   35
100
AcDbLine
 10
4.064304448547773e-12
 20
22.85999999999979
 11
4.064304448547773e-12
 21
17.77999999999979
  0
LINE
  5
18C
100
AcDbEntity
  8
5V line
  6
CONTINUOUS
 62
  256
370
   35
100
AcDbLine
 10
4.064304448547773e-12
 20
10.15999999999978
 11
5.080000000004077
 21
10.15999999999978
  0
LINE
  5
18D
100
AcDbEntity
  8
5V line
  6
ByLayer
 62
  256
370
   35
100
AcDbLine
 10
5.079999999999984
 20
10.16000000000008
 11
5.079999999999984
 21
2.54000000000002
  0
LINE
  5
18E
100
AcDbEntity
  8
0_GND
  6
ByLayer
 62
  256
370
   35
100
AcDbLine
 10
7.619999999999976
 20
22.86000000000018
 11
7.619999999999891
 21
25.4000000000002
  0
LINE
  5
18F
100
AcDbEntity
  8
0_GND
  6
ByLayer
 62
  256
370
   35
100
AcDbLine
 10
15.23999999999987
 20
25.4000000000002
 11
15.23999999999987
 21
27.94000000000023
  0
LINE
  5
190
100
AcDbEntity
  8
0_GND
  6
ByLayer
 62
  256
370
   35
100
AcDbLine
 10
15.23999999999987
 20
27.94000000000023
 11
12.69999999999987
 21
27.94000000000023
  0
LINE
  5
191
100
AcDbEntity
  8
0_GND
  6
ByLayer
 62
  256
370
   35
100
AcDbLine
 10
12.69999999999987
 20
27.94000000000023
 11
10.15999999999988
 21
27.94000000000023
  0
LINE
  5
192
100
AcDbEntity
  8
0_GND
  6
ByLayer
 62
  256
370
   35
100
AcDbLine
 10
10.15999999999988
 20
27.94000000000023
 11
7.619999999999891
 21
27.94000000000023
  0
LINE
  5
193
100
AcDbEntity
  8
0_GND
  6
ByLayer
 62
  256
370
   35
100
AcDbLine
 10
7.619999999999891
 20
27.94000000000023
 11
7.619999999999891
 21
25.4000000000002
  0
LINE
  5
194
100
AcDbEntity
  8
0_GND
  6
ByLayer
 62
  256
370
   35
100
AcDbLine
 10
7.619999999999976
 20
22.86000000000018
 11
7.619999999999976
 21
20.32000000000016
  0
LINE
  5
195
100
AcDbEntity
  8
0_GND
  6
ByLayer
 62
  256
370
   35
100
AcDbLine
 10
7.619999999999976
 20
20.32000000000016
 11
5.079999999999984
 21
20.32000000000016
  0
LINE
  5
196
100
AcDbEntity
  8
0_GND
  6
ByLayer
 62
  256
370
   35
100
AcDbLine
 10
5.079999999999984
 20
20.32000000000016
 11
5.079999999999984
 21
17.78000000000014
  0
LINE
  5
197
100
AcDbEntity
  8
0_GND
  6
ByLayer
 62
  256
370
   35
100
AcDbLine
 10
5.079999999999984
 20
17.78000000000014
 11
5.079999999999984
 21
15.24000000000012
  0
LINE
  5
198
100
AcDbEntity
  8
0_GND
  6
ByLayer
 62
  256
370
   35
100
AcDbLine
 10
5.079999999999984
 20
15.24000000000012
 11
12.69999999999993
 21
15.24000000000012
  0
LINE
  5
199
100
AcDbEntity
  8
0_GND
  6
ByLayer
 62
  256
370
   35
100
AcDbLine
 10
12.69999999999993
 20
15.24000000000012
 11
12.69999999999999
 21
10.16000000000008
  0
LINE
  5
19A
100
AcDbEntity
  8
0_GND
  6
ByLayer
 62
  256
370
   35
100
AcDbLine
 10
12.69999999999996
 20
10.16000000000008
 11
12.69999999999996
 21
2.54000000000002
  0
LINE
  5
19B
100
AcDbEntity
  8
0_GND
  6
ByLayer
 62
  256
370
   35
100
AcDbLine
 10
12.69999999999996
 20
2.54000000000002
 11
10.15999999999997
 21
2.54000000000002
  0
LWPOLYLINE
  5
19C
100
AcDbEntity
  8
terminal
  6
ByLayer
 62
  256
370
   -1
100
AcDbPolyline
 90
    5
 70
    0
 43
0
 10
-2.380000000000081
 20
35.96000000000026
 10
-2.380000000000081
 20
20.96000000000018
 10
17.61999999999986
 20
20.96000000000018
 10
17.61999999999986
 20
35.96000000000026
 10
-2.380000000000081
 20
35.96000000000026
  0
CIRCLE
  5
19D
100
AcDbEntity
  8
terminal
  6
ByLayer
 62
  256
370
   -1
100
AcDbCircle
 10
-8.526512829121202e-14
 20
33.02000000000027
 40
0.2
  0
CIRCLE
  5
19E
100
AcDbEntity
  8
terminal
  6
ByLayer
 62
  256
370
   -1
100
AcDbCircle
 10
-8.526512829121202e-14
 20
30.48000000000025
 40
0.2
  0
CIRCLE
  5
19F
100
AcDbEntity
  8
terminal
  6
ByLayer
 62
  256
370
   -1
100
AcDbCircle
 10
0
 20
22.86000000000018
 40
0.2
  0
CIRCLE
  5
1A0
100
AcDbEntity
  8
terminal
  6
ByLayer
 62
  256
370
   -1
100
AcDbCircle
 10
2.539999999999992
 20
22.86000000000018
 40
0.2
  0
CIRCLE
  5
1A1
100
AcDbEntity
  8
terminal
  6
ByLayer
 62
  256
370
   -1
100
AcDbCircle
 10
5.079999999999984
 20
22.86000000000018
 40
0.2
  0
CIRCLE
  5
1A2
100
AcDbEntity
  8
terminal
  6
ByLayer
 62
  256
370
   -1
100
AcDbCircle
 10
7.619999999999976
 20
22.86000000000018
 40
0.2
  0
CIRCLE
  5
1A3
100
AcDbEntity
  8
terminal
  6
ByLayer
 62
  256
370
   -1
100
AcDbCircle
 10
10.15999999999997
 20
22.86000000000018
 40
0.2
  0
CIRCLE
  5
1A4
100
AcDbEntity
  8
terminal
  6
ByLayer
 62
  256
370
   -1
100
AcDbCircle
 10
12.69999999999996
 20
22.86000000000018
 40
0.2
  0
CIRCLE
  5
1A5
100
AcDbEntity
  8
terminal
  6
ByLayer
 62
  256
370
   -1
100
AcDbCircle
 10
15.23999999999995
 20
22.86000000000018
 40
0.2
  0
CIRCLE
  5
1A6
100
AcDbEntity
  8
terminal
  6
ByLayer
 62
  256
370
   -1
100
AcDbCircle
 10
15.23999999999987
 20
33.02000000000027
 40
0.2
  0
CIRCLE
  5
1A7
100
AcDbEntity
  8
terminal
  6
ByLayer
 62
  256
370
   -1
100
AcDbCircle
 10
15.23999999999987
 20
30.48000000000025
 40
0.2
  0
MTEXT
  5
1A8
100
AcDbEntity
  8
terminal
  6
ByLayer
 62
  256
370
   -1
100
AcDbMText
 10
8.034995817864626
 20
23.84871130527785
 30
0
 40
1
 41
2.841111111111111
 71
    4
 72
    1
  1
VBUS\PD-\PD+\PGND\PCC1\PCC2\PGND
  7
kst32b
210
0
220
0
230
1
 50
90
 73
    2
 44
1.54
  0
LINE
  5
1A9
100
AcDbEntity
  8
socket_header
  6
ByLayer
 62
  256
370
   -1
100
AcDbLine
 10
-1.269999999999982
 20
21.59000000000007
 11
-1.269999999999982
 21
24.13000000000058
  0
LINE
  5
1AA
100
AcDbEntity
  8
socket_header
  6
ByLayer
 62
  256
370
   -1
100
AcDbLine
 10
1.270000000000095
 20
24.13000000000058
 11
-1.270000000000493
 21
24.13000000000058
  0
LINE
  5
1AB
100
AcDbEntity
  8
socket_header
  6
ByLayer
 62
  256
370
   -1
100
AcDbLine
 10
1.270000000000095
 20
21.59000000000007
 11
1.270000000000095
 21
24.13000000000058
  0
LINE
  5
1AC
100
AcDbEntity
  8
socket_header
  6
ByLayer
 62
  256
370
   -1
100
AcDbLine
 10
1.270000000000095
 20
21.59000000000057
 11
-1.270000000000408
 21
21.59000000000057
  0
LINE
  5
1AD
100
AcDbEntity
  8
socket_header
  6
ByLayer
 62
  256
370
   -1
100
AcDbLine
 10
6.349999999999994
 20
21.59000000000007
 11
6.349999999999994
 21
24.13000000000058
  0
LINE
  5
1AE
100
AcDbEntity
  8
socket_header
  6
ByLayer
 62
  256
370
   -1
100
AcDbLine
 10
8.890000000000072
 20
24.13000000000058
 11
6.349999999999483
 21
24.13000000000058
  0
LINE
  5
1AF
100
AcDbEntity
  8
socket_header
  6
ByLayer
 62
  256
370
   -1
100
AcDbLine
 10
8.890000000000072
 20
21.59000000000007
 11
8.890000000000072
 21
24.13000000000058
  0
LINE
  5
1B0
100
AcDbEntity
  8
socket_header
  6
ByLayer
 62
  256
370
   -1
100
AcDbLine
 10
8.890000000000072
 20
21.59000000000057
 11
6.349999999999568
 21
21.59000000000057
  0
LINE
  5
1B1
100
AcDbEntity
  8
socket_header
  6
ByLayer
 62
  256
370
   -1
100
AcDbLine
 10
8.889999999999986
 20
21.59000000000007
 11
8.889999999999986
 21
24.13000000000058
  0
LINE
  5
1B2
100
AcDbEntity
  8
socket_header
  6
ByLayer
 62
  256
370
   -1
100
AcDbLine
 10
11.43000000000006
 20
24.13000000000058
 11
8.889999999999475
 21
24.13000000000058
  0
LINE
  5
1B3
100
AcDbEntity
  8
socket_header
  6
ByLayer
 62
  256
370
   -1
100
AcDbLine
 10
11.43000000000006
 20
21.59000000000007
 11
11.43000000000006
 21
24.13000000000058
  0
LINE
  5
1B4
100
AcDbEntity
  8
socket_header
  6
ByLayer
 62
  256
370
   -1
100
AcDbLine
 10
11.43000000000006
 20
21.59000000000057
 11
8.88999999999956
 21
21.59000000000057
  0
LINE
  5
1B5
100
AcDbEntity
  8
socket_header
  6
ByLayer
 62
  256
370
   -1
100
AcDbLine
 10
11.42999999999998
 20
21.59000000000007
 11
11.42999999999998
 21
24.13000000000058
  0
LINE
  5
1B6
100
AcDbEntity
  8
socket_header
  6
ByLayer
 62
  256
370
   -1
100
AcDbLine
 10
13.97000000000006
 20
24.13000000000058
 11
11.42999999999947
 21
24.13000000000058
  0
LINE
  5
1B7
100
AcDbEntity
  8
socket_header
  6
ByLayer
 62
  256
370
   -1
100
AcDbLine
 10
13.97000000000006
 20
21.59000000000007
 11
13.97000000000006
 21
24.13000000000058
  0
LINE
  5
1B8
100
AcDbEntity
  8
socket_header
  6
ByLayer
 62
  256
370
   -1
100
AcDbLine
 10
13.97000000000006
 20
21.59000000000057
 11
11.42999999999955
 21
21.59000000000057
  0
LINE
  5
1B9
100
AcDbEntity
  8
socket_header
  6
ByLayer
 62
  256
370
   -1
100
AcDbLine
 10
13.96999999999997
 20
21.59000000000007
 11
13.96999999999997
 21
24.13000000000058
  0
LINE
  5
1BA
100
AcDbEntity
  8
socket_header
  6
ByLayer
 62
  256
370
   -1
100
AcDbLine
 10
16.51000000000005
 20
24.13000000000058
 11
13.96999999999946
 21
24.13000000000058
  0
LINE
  5
1BB
100
AcDbEntity
  8
socket_header
  6
ByLayer
 62
  256
370
   -1
100
AcDbLine
 10
16.51000000000005
 20
21.59000000000007
 11
16.51000000000005
 21
24.13000000000058
  0
LINE
  5
1BC
100
AcDbEntity
  8
socket_header
  6
ByLayer
 62
  256
370
   -1
100
AcDbLine
 10
16.51000000000005
 20
21.59000000000057
 11
13.96999999999954
 21
21.59000000000057
  0
LINE
  5
1BD
100
AcDbEntity
  8
socket_header
  6
ByLayer
 62
  256
370
   -1
100
AcDbLine
 10
1.27000000000001
 20
21.59000000000007
 11
1.27000000000001
 21
24.13000000000058
  0
LINE
  5
1BE
100
AcDbEntity
  8
socket_header
  6
ByLayer
 62
  256
370
   -1
100
AcDbLine
 10
3.810000000000088
 20
24.13000000000058
 11
1.269999999999499
 21
24.13000000000058
  0
LINE
  5
1BF
100
AcDbEntity
  8
socket_header
  6
ByLayer
 62
  256
370
   -1
100
AcDbLine
 10
3.810000000000088
 20
21.59000000000007
 11
3.810000000000088
 21
24.13000000000058
  0
LINE
  5
1C0
100
AcDbEntity
  8
socket_header
  6
ByLayer
 62
  256
370
   -1
100
AcDbLine
 10
3.810000000000088
 20
21.59000000000057
 11
1.269999999999584
 21
21.59000000000057
  0
LINE
  5
1C1
100
AcDbEntity
  8
socket_header
  6
ByLayer
 62
  256
370
   -1
100
AcDbLine
 10
3.810000000000002
 20
21.59000000000007
 11
3.810000000000002
 21
24.13000000000058
  0
LINE
  5
1C2
100
AcDbEntity
  8
socket_header
  6
ByLayer
 62
  256
370
   -1
100
AcDbLine
 10
6.35000000000008
 20
24.13000000000058
 11
3.809999999999491
 21
24.13000000000058
  0
LINE
  5
1C3
100
AcDbEntity
  8
socket_header
  6
ByLayer
 62
  256
370
   -1
100
AcDbLine
 10
6.35000000000008
 20
21.59000000000007
 11
6.35000000000008
 21
24.13000000000058
  0
LINE
  5
1C4
100
AcDbEntity
  8
socket_header
  6
ByLayer
 62
  256
370
   -1
100
AcDbLine
 10
6.35000000000008
 20
21.59000000000057
 11
3.809999999999576
 21
21.59000000000057
  0
CIRCLE
  5
1C5
100
AcDbEntity
  8
0_wire
  6
ByLayer
 62
  256
370
   -1
100
AcDbCircle
 10
2.539999999999992
 20
22.86000000000018
 40
0.4
  0
CIRCLE
  5
1C6
100
AcDbEntity
  8
0_wire
  6
ByLayer
 62
  256
370
   -1
100
AcDbCircle
 10
5.079999999999984
 20
22.86000000000018
 40
0.4
  0
LINE
  5
1C7
100
AcDbEntity
  8
socket_header
  6
ByLayer
 62
  256
370
   -1
100
AcDbLine
 10
-1.270000000000067
 20
29.21000000000014
 11
-1.270000000000067
 21
31.75000000000064
  0
LINE
  5
1C8
100
AcDbEntity
  8
socket_header
  6
ByLayer
 62
  256
370
   -1
100
AcDbLine
 10
1.27000000000001
 20
31.75000000000064
 11
-1.270000000000579
 21
31.75000000000064
  0
LINE
  5
1C9
100
AcDbEntity
  8
socket_header
  6
ByLayer
 62
  256
370
   -1
100
AcDbLine
 10
1.27000000000001
 20
29.21000000000063
 11
-1.270000000000493
 21
29.21000000000063
  0
LINE
  5
1CA
100
AcDbEntity
  8
socket_header
  6
ByLayer
 62
  256
370
   -1
100
AcDbLine
 10
1.269999999999925
 20
29.21000000000014
 11
1.269999999999925
 21
31.75000000000064
  0
LINE
  5
1CB
100
AcDbEntity
  8
socket_header
  6
ByLayer
 62
  256
370
   -1
100
AcDbLine
 10
-1.270000000000067
 20
31.75000000000016
 11
-1.270000000000067
 21
34.29000000000066
  0
LINE
  5
1CC
100
AcDbEntity
  8
socket_header
  6
ByLayer
 62
  256
370
   -1
100
AcDbLine
 10
1.27000000000001
 20
34.29000000000066
 11
-1.270000000000579
 21
34.29000000000066
  0
LINE
  5
1CD
100
AcDbEntity
  8
socket_header
  6
ByLayer
 62
  256
370
   -1
100
AcDbLine
 10
1.27000000000001
 20
31.75000000000065
 11
-1.270000000000493
 21
31.75000000000065
  0
LINE
  5
1CE
100
AcDbEntity
  8
socket_header
  6
ByLayer
 62
  256
370
   -1
100
AcDbLine
 10
1.269999999999925
 20
31.75000000000016
 11
1.269999999999925
 21
34.29000000000066
  0
LINE
  5
1CF
100
AcDbEntity
  8
socket_header
  6
ByLayer
 62
  256
370
   -1
100
AcDbLine
 10
13.96999999999989
 20
29.21000000000014
 11
13.96999999999989
 21
31.75000000000064
  0
LINE
  5
1D0
100
AcDbEntity
  8
socket_header
  6
ByLayer
 62
  256
370
   -1
100
AcDbLine
 10
16.50999999999996
 20
31.75000000000064
 11
13.96999999999937
 21
31.75000000000064
  0
LINE
  5
1D1
100
AcDbEntity
  8
socket_header
  6
ByLayer
 62
  256
370
   -1
100
AcDbLine
 10
16.50999999999996
 20
29.21000000000063
 11
13.96999999999946
 21
29.21000000000063
  0
LINE
  5
1D2
100
AcDbEntity
  8
socket_header
  6
ByLayer
 62
  256
370
   -1
100
AcDbLine
 10
16.50999999999988
 20
29.21000000000014
 11
16.50999999999988
 21
31.75000000000064
  0
LINE
  5
1D3
100
AcDbEntity
  8
socket_header
  6
ByLayer
 62
  256
370
   -1
100
AcDbLine
 10
13.96999999999989
 20
31.75000000000016
 11
13.96999999999989
 21
34.29000000000066
  0
LINE
  5
1D4
100
AcDbEntity
  8
socket_header
  6
ByLayer
 62
  256
370
   -1
100
AcDbLine
 10
16.50999999999996
 20
34.29000000000066
 11
13.96999999999937
 21
34.29000000000066
  0
LINE
  5
1D5
100
AcDbEntity
  8
socket_header
  6
ByLayer
 62
  256
370
   -1
100
AcDbLine
 10
16.50999999999996
 20
31.75000000000065
 11
13.96999999999946
 21
31.75000000000065
  0
LINE
  5
1D6
100
AcDbEntity
  8
socket_header
  6
ByLayer
 62
  256
370
   -1
100
AcDbLine
 10
16.50999999999988
 20
31.75000000000016
 11
16.50999999999988
 21
34.29000000000066
  0
LINE
  5
1D7
100
AcDbEntity
  8
condenser
  6
ByLayer
 62
  256
370
   -1
100
AcDbLine
 10
3.750000000001705
 20
7.719999999995963
 11
3.750000000001705
 21
20.21999999999696
  0
LINE
  5
1D8
100
AcDbEntity
  8
condenser
  6
ByLayer
 62
  256
370
   -1
100
AcDbLine
 10
3.750000000001705
 20
20.21999999999696
 11
-3.750000000001734
 21
20.21999999999704
  0
LINE
  5
1D9
100
AcDbEntity
  8
condenser
  6
ByLayer
 62
  256
370
   -1
100
AcDbLine
 10
-3.750000000001734
 20
20.21999999999704
 11
-3.750000000001734
 21
7.719999999995963
  0
LINE
  5
1DA
100
AcDbEntity
  8
condenser
  6
ByLayer
 62
  256
370
   -1
100
AcDbLine
 10
-3.750000000001734
 20
7.719999999995963
 11
3.750000000001705
 21
7.719999999995963
  0
CIRCLE
  5
1DB
100
AcDbEntity
  8
condenser
  6
ByLayer
 62
  256
370
   -1
100
AcDbCircle
 10
0
 20
10.16000000000017
 40
0.3
  0
CIRCLE
  5
1DC
100
AcDbEntity
  8
condenser
  6
ByLayer
 62
  256
370
   -1
100
AcDbCircle
 10
0
 20
17.78000000000014
 40
0.3
  0
MTEXT
  5
1DD
100
AcDbEntity
  8
condenser
  6
ByLayer
 62
  256
370
   -1
100
AcDbMText
 10
-1.461309246049211
 20
16.46907515181525
 30
0
 40
1
 41
0.9111111111111111
 71
    4
 72
    1
  1
F1
  7
azomix
210
0
220
0
230
1
 50
0
 73
    2
 44
1.54
  0
LINE
  5
1DE
100
AcDbEntity
  8
resister
  6
ByLayer
 62
  256
370
   -1
100
AcDbLine
 10
9.309999999999889
 20
26.34000000000032
 11
11.00999999999988
 21
26.34000000000032
  0
LINE
  5
1DF
100
AcDbEntity
  8
resister
  6
ByLayer
 62
  256
370
   -1
100
AcDbLine
 10
11.00999999999988
 20
29.5400000000003
 11
9.309999999999889
 21
29.5400000000003
  0
LINE
  5
1E0
100
AcDbEntity
  8
resister
  6
ByLayer
 62
  256
370
   -1
100
AcDbLine
 10
9.309999999999889
 20
29.5400000000003
 11
9.309999999999889
 21
26.34000000000032
  0
LINE
  5
1E1
100
AcDbEntity
  8
resister
  6
ByLayer
 62
  256
370
   -1
100
AcDbLine
 10
11.00999999999988
 20
26.34000000000032
 11
11.00999999999988
 21
29.5400000000003
  0
LINE
  5
1E2
100
AcDbEntity
  8
resister
  6
ByLayer
 62
  256
370
   -1
100
AcDbLine
 10
10.1599999999998
 20
25.4000000000002
 11
10.1599999999998
 21
26.34000000000032
  0
MTEXT
  5
1E3
100
AcDbEntity
  8
resister
  6
ByLayer
 62
  256
370
   -1
100
AcDbMText
 10
10.01156131587737
 20
27.361887172124
 30
0
 40
1
 41
1.271111111111111
 71
    4
 72
    1
  1
R3
  7
kst32b
210
0
220
0
230
1
 50
90
 73
    2
 44
1.54
  0
LINE
  5
1E4
100
AcDbEntity
  8
resister
  6
ByLayer
 62
  256
370
   -1
100
AcDbLine
 10
11.84999999999988
 20
26.34000000000032
 11
13.54999999999987
 21
26.34000000000032
  0
LINE
  5
1E5
100
AcDbEntity
  8
resister
  6
ByLayer
 62
  256
370
   -1
100
AcDbLine
 10
13.54999999999987
 20
29.5400000000003
 11
11.84999999999988
 21
29.5400000000003
  0
LINE
  5
1E6
100
AcDbEntity
  8
resister
  6
ByLayer
 62
  256
370
   -1
100
AcDbLine
 10
11.84999999999988
 20
29.5400000000003
 11
11.84999999999988
 21
26.34000000000032
  0
LINE
  5
1E7
100
AcDbEntity
  8
resister
  6
ByLayer
 62
  256
370
   -1
100
AcDbLine
 10
13.54999999999987
 20
26.34000000000032
 11
13.54999999999987
 21
29.5400000000003
  0
LINE
  5
1E8
100
AcDbEntity
  8
resister
  6
ByLayer
 62
  256
370
   -1
100
AcDbLine
 10
12.69999999999979
 20
25.4000000000002
 11
12.69999999999979
 21
26.34000000000032
  0
MTEXT
  5
1E9
100
AcDbEntity
  8
resister
  6
ByLayer
 62
  256
370
   -1
100
AcDbMText
 10
12.55156131587736
 20
27.361887172124
 30
0
 40
1
 41
1.306666666666667
 71
    4
 72
    1
  1
R4
  7
kst32b
210
0
220
0
230
1
 50
90
 73
    2
 44
1.54
  0
LINE
  5
1EA
100
AcDbEntity
  8
0_wire
  6
ByLayer
 62
  256
370
   -1
100
AcDbLine
 10
10.15999999999997
 20
22.86000000000018
 11
10.15999999999988
 21
25.4000000000002
  0
LINE
  5
1EB
100
AcDbEntity
  8
0_wire
  6
ByLayer
 62
  256
370
   -1
100
AcDbLine
 10
12.69999999999987
 20
25.4000000000002
 11
12.69999999999996
 21
22.86000000000018
  0
LINE
  5
1EC
100
AcDbEntity
  8
resister
  6
ByLayer
 62
  256
370
   -1
100
AcDbLine
 10
10.1599999999998
 20
30.48000000000019
 11
10.1599999999998
 21
29.5400000000003
  0
LINE
  5
1ED
100
AcDbEntity
  8
resister
  6
ByLayer
 62
  256
370
   -1
100
AcDbLine
 10
12.69999999999979
 20
30.48000000000019
 11
12.69999999999979
 21
29.5400000000003
  0
LWPOLYLINE
  5
1EE
100
AcDbEntity
  8
terminal
  6
ByLayer
 62
  256
370
   -1
100
AcDbPolyline
 90
    5
 70
    0
 43
0
 10
8.650000000000006
 20
8.62000000000009
 10
16.74999999999997
 20
8.62000000000009
 10
16.75
 20
19.32000000000008
 10
8.650000000000006
 20
19.32000000000008
 10
8.650000000000006
 20
8.62000000000009
  0
CIRCLE
  5
1EF
100
AcDbEntity
  8
terminal
  6
ByLayer
 62
  256
370
   -1
100
AcDbCircle
 10
10.15999999999997
 20
10.16000000000008
 40
0.2
  0
CIRCLE
  5
1F0
100
AcDbEntity
  8
terminal
  6
ByLayer
 62
  256
370
   -1
100
AcDbCircle
 10
12.69999999999999
 20
10.16000000000008
 40
0.2
  0
CIRCLE
  5
1F1
100
AcDbEntity
  8
terminal
  6
ByLayer
 62
  256
370
   -1
100
AcDbCircle
 10
15.24000000000001
 20
10.16000000000008
 40
0.2
  0
CIRCLE
  5
1F2
100
AcDbEntity
  8
terminal
  6
ByLayer
 62
  256
370
   -1
100
AcDbCircle
 10
10.15999999999997
 20
17.78000000000006
 40
0.2
  0
CIRCLE
  5
1F3
100
AcDbEntity
  8
terminal
  6
ByLayer
 62
  256
370
   -1
100
AcDbCircle
 10
15.24000000000001
 20
17.78000000000006
 40
0.2
  0
CIRCLE
  5
1F4
100
AcDbEntity
  8
terminal
  6
ByLayer
 62
  256
370
   -1
100
AcDbCircle
 10
12.69999999999999
 20
17.78000000000006
 40
0.2
  0
MTEXT
  5
1F5
100
AcDbEntity
  8
terminal
  6
ByLayer
 62
  256
370
   -1
100
AcDbMText
 10
12.69620937008796
 20
10.80250657725358
 30
0
 40
1
 41
2.055555555555555
 71
    4
 72
    1
  1
VDD\PGND\PPG
  7
kst32b
210
0
220
0
230
1
 50
90
 73
    2
 44
1.54
  0
MTEXT
  5
1F6
100
AcDbEntity
  8
terminal
  6
ByLayer
 62
  256
370
   -1
100
AcDbMText
 10
12.84769873913413
 20
15.01135607625932
 30
0
 40
1
 41
2.126666666666666
 71
    4
 72
    1
  1
CFG\PCC2\PCC1
  7
kst32b
210
0
220
0
230
1
 50
90
 73
    2
 44
1.54
  0
LINE
  5
1F7
100
AcDbEntity
  8
0_wire
  6
ByLayer
 62
  256
370
   -1
100
AcDbLine
 10
12.69999999999996
 20
22.86000000000018
 11
12.69999999999996
 21
17.78000000000014
  0
LINE
  5
1F8
100
AcDbEntity
  8
0_wire
  6
ByLayer
 62
  256
370
   -1
100
AcDbLine
 10
10.15999999999997
 20
22.86000000000018
 11
10.15999999999997
 21
20.32000000000016
  0
LWPOLYLINE
  5
1F9
100
AcDbEntity
  8
resister
  6
ByLayer
 62
  256
370
   -1
100
AcDbPolyline
 90
    4
 70
    0
 43
0
 10
10.15999999999997
 20
20.32000000000016
 10
11.17787045397708
 20
19.9350152624713
 10
14.64568014630973
 20
19.9350152624713
 10
15.23999999999995
 20
20.32000000000016
  0
LINE
  5
1FA
100
AcDbEntity
  8
0_wire
  6
ByLayer
 62
  256
370
   -1
100
AcDbLine
 10
15.23999999999995
 20
20.32000000000016
 11
15.23999999999995
 21
17.78000000000014
  0
LINE
  5
1FB
100
AcDbEntity
  8
resister
  6
ByLayer
 62
  256
370
   -1
100
AcDbLine
 10
4.75
 20
11.01000000000008
 11
4.75
 21
9.310000000000088
  0
LINE
  5
1FC
100
AcDbEntity
  8
resister
  6
ByLayer
 62
  256
370
   -1
100
AcDbLine
 10
7.949999999999989
 20
9.310000000000088
 11
7.949999999999989
 21
11.01000000000008
  0
LINE
  5
1FD
100
AcDbEntity
  8
resister
  6
ByLayer
 62
  256
370
   -1
100
AcDbLine
 10
7.949999999999989
 20
11.01000000000008
 11
4.75
 21
11.01000000000008
  0
LINE
  5
1FE
100
AcDbEntity
  8
resister
  6
ByLayer
 62
  256
370
   -1
100
AcDbLine
 10
4.75
 20
9.310000000000088
 11
7.949999999999989
 21
9.310000000000088
  0
LINE
  5
1FF
100
AcDbEntity
  8
resister
  6
ByLayer
 62
  256
370
   -1
100
AcDbLine
 10
4.75
 20
10.16000000000018
 11
5.079999999999984
 21
10.16000000000018
  0
LINE
  5
200
100
AcDbEntity
  8
resister
  6
ByLayer
 62
  256
370
   -1
100
AcDbLine
 10
7.949999999999989
 20
10.16000000000018
 11
7.620000000000147
 21
10.16000000000018
  0
MTEXT
  5
201
100
AcDbEntity
  8
resister
  6
ByLayer
 62
  256
370
   -1
100
AcDbMText
 10
5.771887172123684
 20
10.30843868412259
 30
0
 40
1
 41
1.202222222222222
 71
    4
 72
    1
  1
R1
  7
kst32b
210
0
220
0
230
1
 50
0
 73
    2
 44
1.54
  0
LINE
  5
202
100
AcDbEntity
  8
0_wire
  6
ByLayer
 62
  256
370
   -1
100
AcDbLine
 10
7.619999999999976
 20
10.16000000000008
 11
10.15999999999997
 21
10.16000000000008
  0
LINE
  5
203
100
AcDbEntity
  8
0_wire
  6
ByLayer
 62
  256
370
   -1
100
AcDbLine
 10
10.15999999999997
 20
17.78000000000006
 11
7.619999999999976
 21
17.78000000000014
  0
LINE
  5
204
100
AcDbEntity
  8
resister
  6
ByLayer
 62
  256
370
   -1
100
AcDbLine
 10
8.46999999999997
 20
16.84000000000003
 11
6.769999999999982
 21
16.84000000000003
  0
LINE
  5
205
100
AcDbEntity
  8
resister
  6
ByLayer
 62
  256
370
   -1
100
AcDbLine
 10
6.769999999999982
 20
13.64000000000004
 11
8.46999999999997
 21
13.64000000000004
  0
LINE
  5
206
100
AcDbEntity
  8
resister
  6
ByLayer
 62
  256
370
   -1
100
AcDbLine
 10
8.46999999999997
 20
13.64000000000004
 11
8.46999999999997
 21
16.84000000000003
  0
LINE
  5
207
100
AcDbEntity
  8
resister
  6
ByLayer
 62
  256
370
   -1
100
AcDbLine
 10
6.769999999999982
 20
16.84000000000003
 11
6.769999999999982
 21
13.64000000000004
  0
LINE
  5
208
100
AcDbEntity
  8
resister
  6
ByLayer
 62
  256
370
   -1
100
AcDbLine
 10
7.620000000000061
 20
12.70000000000016
 11
7.620000000000061
 21
13.64000000000004
  0
LINE
  5
209
100
AcDbEntity
  8
resister
  6
ByLayer
 62
  256
370
   -1
100
AcDbLine
 10
7.620000000000061
 20
17.78000000000014
 11
7.620000000000061
 21
16.84000000000003
  0
MTEXT
  5
20A
100
AcDbEntity
  8
resister
  6
ByLayer
 62
  256
370
   -1
100
AcDbMText
 10
7.768438684122486
 20
15.81811282787635
 30
0
 40
1
 41
1.306666666666667
 71
    4
 72
    1
  1
R2
  7
kst32b
210
0
220
0
230
1
 50
0
 73
    2
 44
1.54
  0
LINE
  5
20B
100
AcDbEntity
  8
condenser
  6
ByLayer
 62
  256
370
   -1
100
AcDbLine
 10
3.929999999998671
 20
17.08999999999685
 11
3.929999999998671
 21
13.38999999999703
  0
LINE
  5
20C
100
AcDbEntity
  8
condenser
  6
ByLayer
 62
  256
370
   -1
100
AcDbLine
 10
3.929999999998671
 20
13.38999999999703
 11
6.230000000001382
 21
13.38999999999703
  0
LINE
  5
20D
100
AcDbEntity
  8
condenser
  6
ByLayer
 62
  256
370
   -1
100
AcDbLine
 10
6.230000000001382
 20
13.38999999999703
 11
6.230000000001382
 21
17.08999999999685
  0
LINE
  5
20E
100
AcDbEntity
  8
condenser
  6
ByLayer
 62
  256
370
   -1
100
AcDbLine
 10
6.230000000001382
 20
17.08999999999685
 11
3.929999999998671
 21
17.08999999999685
  0
LINE
  5
20F
100
AcDbEntity
  8
condenser
  6
ByLayer
 62
  256
370
   -1
100
AcDbLine
 10
5.079999999999984
 20
17.78000000000023
 11
5.079999999999984
 21
17.08999999999685
  0
LINE
  5
210
100
AcDbEntity
  8
condenser
  6
ByLayer
 62
  256
370
   -1
100
AcDbLine
 10
5.080000000000069
 20
13.38999999999703
 11
5.080000000000069
 21
12.7000000000001
  0
LINE
  5
211
100
AcDbEntity
  8
0_wire
  6
ByLayer
 62
  256
370
   -1
100
AcDbLine
 10
7.619999999999976
 20
12.7000000000001
 11
7.619999999999976
 21
10.16000000000008
  0
LINE
  5
212
100
AcDbEntity
  8
0_wire
  6
ByLayer
 62
  256
370
   -1
100
AcDbLine
 10
7.619999999999976
 20
12.7000000000001
 11
5.079999999999984
 21
12.7000000000001
  0
LINE
  5
213
100
AcDbEntity
  8
terminal
  6
ByLayer
 62
  256
370
   -1
100
AcDbLine
 10
2.540001396224767
 20
-1.509999999999792
 11
2.539999407012829
 21
6.589999999999904
  0
LINE
  5
214
100
AcDbEntity
  8
terminal
  6
ByLayer
 62
  256
370
   -1
100
AcDbLine
 10
2.539999407012829
 20
6.589999999999904
 11
12.69999999999962
 21
6.589999999999904
  0
LINE
  5
215
100
AcDbEntity
  8
terminal
  6
ByLayer
 62
  256
370
   -1
100
AcDbLine
 10
12.69999999999962
 20
6.589999999999904
 11
12.69999999999962
 21
-1.509999999999792
  0
LINE
  5
216
100
AcDbEntity
  8
terminal
  6
ByLayer
 62
  256
370
   -1
100
AcDbLine
 10
12.69999999999962
 20
-1.509999999999792
 11
2.540001396224767
 21
-1.509999999999792
  0
CIRCLE
  5
217
100
AcDbEntity
  8
terminal
  6
ByLayer
 62
  256
370
   -1
100
AcDbCircle
 10
5.079999999999984
 20
2.54000000000002
 40
0.5
  0
CIRCLE
  5
218
100
AcDbEntity
  8
terminal
  6
ByLayer
 62
  256
370
   -1
100
AcDbCircle
 10
10.15999999999974
 20
2.539999999999992
 40
0.5
  0
MTEXT
  5
219
100
AcDbEntity
  8
terminal
  6
ByLayer
 62
  256
370
   -1
100
AcDbMText
 10
11.18137145593221
 20
-0.5887120793174034
 30
0
 40
1
 41
1.111111111111111
 71
    4
 72
    1
  1
T1
  7
iso
210
0
220
0
230
1
 50
0
 73
    2
 44
1.54
  0
MTEXT
  5
21A
100
AcDbEntity
  8
terminal
  6
ByLayer
 62
  256
370
   -1
100
AcDbMText
 10
7.619999999999862
 20
-2.842170943040401e-14
 30
0
 40
1
 41
0.9722222222222222
 71
    4
 72
    1
  1
前
  7
kst32b
210
0
220
0
230
1
 50
0
 73
    2
 44
1.54
  0
CIRCLE
  5
21B
100
AcDbEntity
  8
0_wire
  6
ByLayer
 62
  256
370
   -1
100
AcDbCircle
 10
15.24000000000001
 20
10.16000000000008
 40
0.4
  0
LINE
  5
21C
100
AcDbEntity
  8
0_GND
  6
CONTINUOUS
 62
  256
370
   35
100
AcDbLine
 10
15.24000000000407
 20
25.39999999999978
 11
15.24000000000407
 21
22.85999999999979
  0
MTEXT
  5
21D
100
AcDbEntity
  8
0_GND
  6
ByLayer
 62
  256
370
   -1
100
AcDbMText
 10
2.753817094345506
 20
34.97933628349504
 30
0
 40
1
 41
14.64666666666666
 71
    4
 72
    1
  1
ピンヘッダを直接はんだ
  7
kst32b
210
0
220
0
230
1
 50
0
 73
    2
 44
1.54
  0
MTEXT
  5
21E
100
AcDbEntity
  8
socket_header
  6
ByLayer
 62
  256
370
   -1
100
AcDbMText
 10
1.722264702127663
 20
32.67770658510646
 30
0
 40
1
 41
1.097777777777778
 71
    4
 72
    1
  1
H1
  7
kst32b
210
0
220
0
230
1
 50
0
 73
    2
 44
1.54
  0
MTEXT
  5
21F
100
AcDbEntity
  8
socket_header
  6
ByLayer
 62
  256
370
   -1
100
AcDbMText
 10
12.64504873404258
 20
32.8136748510639
 30
0
 40
1
 41
1.202222222222222
 71
    4
 72
    1
  1
H2
  7
kst32b
210
0
220
0
230
1
 50
0
 73
    2
 44
1.54
  0
MTEXT
  5
220
100
AcDbEntity
  8
socket_header
  6
ByLayer
 62
  256
370
   -1
100
AcDbMText
 10
15.95360987234046
 20
22.29879561702133
 30
0
 40
1
 41
1.166666666666667
 71
    4
 72
    1
  1
H3
  7
kst32b
210
0
220
0
230
1
 50
0
 73
    2
 44
1.54
  0
MTEXT
  5
221
100
AcDbEntity
  8
condenser
  6
ByLayer
 62
  256
370
   -1
100
AcDbMText
 10
4.441630021276605
 20
14.09537690425535
 30
0
 40
1
 41
1.202222222222222
 71
    4
 72
    1
  1
C1
  7
kst32b
210
0
220
0
230
1
 50
0
 73
    2
 44
1.54
  0
MTEXT
  5
222
100
AcDbEntity
  8
terminal
  6
ByLayer
 62
  256
370
   -1
100
AcDbMText
 10
9.291164840425553
 20
9.155196574468105
 30
0
 40
1
 41
1.097777777777778
 71
    4
 72
    1
  1
U1
  7
kst32b
210
0
220
0
230
1
 50
0
 73
    2
 44
1.54
  0
LINE
  5
223
100
AcDbEntity
  8
socket_header
  6
ByLayer
 62
  256
370
   -1
100
AcDbLine
 10
11.43000000000006
 20
16.51000000000043
 11
8.889999999999475
 21
16.51000000000043
  0
LINE
  5
224
100
AcDbEntity
  8
socket_header
  6
ByLayer
 62
  256
370
   -1
100
AcDbLine
 10
8.889999999999986
 20
16.50999999999995
 11
8.889999999999986
 21
19.05000000000045
  0
LINE
  5
225
100
AcDbEntity
  8
socket_header
  6
ByLayer
 62
  256
370
   -1
100
AcDbLine
 10
11.43000000000006
 20
19.05000000000045
 11
8.889999999999475
 21
19.05000000000045
  0
LINE
  5
226
100
AcDbEntity
  8
socket_header
  6
ByLayer
 62
  256
370
   -1
100
AcDbLine
 10
11.42999999999998
 20
16.50999999999995
 11
11.42999999999998
 21
19.05000000000045
  0
LINE
  5
227
100
AcDbEntity
  8
socket_header
  6
ByLayer
 62
  256
370
   -1
100
AcDbLine
 10
13.97000000000006
 20
16.51000000000043
 11
11.42999999999947
 21
16.51000000000043
  0
LINE
  5
228
100
AcDbEntity
  8
socket_header
  6
ByLayer
 62
  256
370
   -1
100
AcDbLine
 10
11.42999999999998
 20
16.50999999999995
 11
11.42999999999998
 21
19.05000000000045
  0
LINE
  5
229
100
AcDbEntity
  8
socket_header
  6
ByLayer
 62
  256
370
   -1
100
AcDbLine
 10
13.97000000000006
 20
19.05000000000045
 11
11.42999999999947
 21
19.05000000000045
  0
LINE
  5
22A
100
AcDbEntity
  8
socket_header
  6
ByLayer
 62
  256
370
   -1
100
AcDbLine
 10
13.96999999999997
 20
16.50999999999995
 11
13.96999999999997
 21
19.05000000000045
  0
LINE
  5
22B
100
AcDbEntity
  8
socket_header
  6
ByLayer
 62
  256
370
   -1
100
AcDbLine
 10
16.51000000000005
 20
16.51000000000043
 11
13.96999999999946
 21
16.51000000000043
  0
LINE
  5
22C
100
AcDbEntity
  8
socket_header
  6
ByLayer
 62
  256
370
   -1
100
AcDbLine
 10
13.96999999999997
 20
16.50999999999995
 11
13.96999999999997
 21
19.05000000000045
  0
LINE
  5
22D
100
AcDbEntity
  8
socket_header
  6
ByLayer
 62
  256
370
   -1
100
AcDbLine
 10
16.51000000000005
 20
19.05000000000045
 11
13.96999999999946
 21
19.05000000000045
  0
LINE
  5
22E
100
AcDbEntity
  8
socket_header
  6
ByLayer
 62
  256
370
   -1
100
AcDbLine
 10
16.50999999999996
 20
16.50999999999995
 11
16.50999999999996
 21
19.05000000000045
  0
LINE
  5
22F
100
AcDbEntity
  8
socket_header
  6
ByLayer
 62
  256
370
   -1
100
AcDbLine
 10
11.43000000000006
 20
8.890000000000455
 11
8.889999999999475
 21
8.890000000000455
  0
LINE
  5
230
100
AcDbEntity
  8
socket_header
  6
ByLayer
 62
  256
370
   -1
100
AcDbLine
 10
8.889999999999986
 20
8.889999999999972
 11
8.889999999999986
 21
11.43000000000048
  0
LINE
  5
231
100
AcDbEntity
  8
socket_header
  6
ByLayer
 62
  256
370
   -1
100
AcDbLine
 10
11.43000000000006
 20
11.43000000000048
 11
8.889999999999475
 21
11.43000000000048
  0
LINE
  5
232
100
AcDbEntity
  8
socket_header
  6
ByLayer
 62
  256
370
   -1
100
AcDbLine
 10
11.42999999999998
 20
8.889999999999972
 11
11.42999999999998
 21
11.43000000000048
  0
LINE
  5
233
100
AcDbEntity
  8
socket_header
  6
ByLayer
 62
  256
370
   -1
100
AcDbLine
 10
13.97000000000006
 20
8.890000000000455
 11
11.42999999999947
 21
8.890000000000455
  0
LINE
  5
234
100
AcDbEntity
  8
socket_header
  6
ByLayer
 62
  256
370
   -1
100
AcDbLine
 10
11.42999999999998
 20
8.889999999999972
 11
11.42999999999998
 21
11.43000000000048
  0
LINE
  5
235
100
AcDbEntity
  8
socket_header
  6
ByLayer
 62
  256
370
   -1
100
AcDbLine
 10
13.97000000000006
 20
11.43000000000048
 11
11.42999999999947
 21
11.43000000000048
  0
LINE
  5
236
100
AcDbEntity
  8
socket_header
  6
ByLayer
 62
  256
370
   -1
100
AcDbLine
 10
13.96999999999997
 20
8.889999999999972
 11
13.96999999999997
 21
11.43000000000048
  0
LINE
  5
237
100
AcDbEntity
  8
socket_header
  6
ByLayer
 62
  256
370
   -1
100
AcDbLine
 10
16.51000000000005
 20
8.890000000000455
 11
13.96999999999946
 21
8.890000000000455
  0
LINE
  5
238
100
AcDbEntity
  8
socket_header
  6
ByLayer
 62
  256
370
   -1
100
AcDbLine
 10
13.96999999999997
 20
8.889999999999972
 11
13.96999999999997
 21
11.43000000000048
  0
LINE
  5
239
100
AcDbEntity
  8
socket_header
  6
ByLayer
 62
  256
370
   -1
100
AcDbLine
 10
16.51000000000005
 20
11.43000000000048
 11
13.96999999999946
 21
11.43000000000048
  0
LINE
  5
23A
100
AcDbEntity
  8
socket_header
  6
ByLayer
 62
  256
370
   -1
100
AcDbLine
 10
16.50999999999996
 20
8.889999999999972
 11
16.50999999999996
 21
11.43000000000048
  0
MTEXT
  5
23B
100
AcDbEntity
  8
socket_header
  6
ByLayer
 62
  256
370
   -1
100
AcDbMText
 10
16.96839386964582
 20
18.54603379554264
 30
0
 40
1
 41
1.166666666666667
 71
    4
 72
    1
  1
S1
  7
kst32b
210
0
220
0
230
1
 50
0
 73
    2
 44
1.54
  0
MTEXT
  5
23C
100
AcDbEntity
  8
socket_header
  6
ByLayer
 62
  256
370
   -1
100
AcDbMText
 10
17.10862852972553
 20
11.00842081625782
 30
0
 40
1
 41
1.271111111111111
 71
    4
 72
    1
  1
S2
  7
kst32b
210
0
220
0
230
1
 50
0
 73
    2
 44
1.54
  0
MTEXT
  5
23D
100
AcDbEntity
  8
socket_header
  6
ByLayer
 62
  256
370
   -1
100
AcDbMText
 10
17.00345253466575
 20
17.14368719474546
 30
0
 40
1
 41
1.202222222222222
 71
    4
 72
    1
  1
H4
  7
kst32b
210
0
220
0
230
1
 50
0
 73
    2
 44
1.54
  0
MTEXT
  5
23E
100
AcDbEntity
  8
socket_header
  6
ByLayer
 62
  256
370
   -1
100
AcDbMText
 10
17.10862852972553
 20
9.50089822040086
 30
0
 40
1
 41
1.166666666666667
 71
    4
 72
    1
  1
H5
  7
kst32b
210
0
220
0
230
1
 50
0
 73
    2
 44
1.54
  0
LINE
  5
23F
100
AcDbEntity
  8
0_GND
  6
ByLayer
 62
  256
370
  200
100
AcDbLine
 10
25.39999999999986
 20
27.9400000000002
 11
25.39999999999985
 21
30.48000000000022
  0
LINE
  5
240
100
AcDbEntity
  8
0_GND
  6
ByLayer
 62
  256
370
  200
100
AcDbLine
 10
27.93999999999986
 20
27.94000000000021
 11
27.93999999999984
 21
30.48000000000023
  0
LINE
  5
241
100
AcDbEntity
  8
5V line
  6
ByLayer
 62
  256
370
  200
100
AcDbLine
 10
38.0999999999957
 20
22.85999999999983
 11
38.09999999999572
 21
17.77999999999982
  0
LINE
  5
242
100
AcDbEntity
  8
5V line
  6
ByLayer
 62
  256
370
  200
100
AcDbLine
 10
38.09999999999577
 20
10.15999999999983
 11
33.01999999999575
 21
10.1599999999998
  0
LINE
  5
243
100
AcDbEntity
  8
5V line
  6
ByLayer
 62
  256
370
  200
100
AcDbLine
 10
33.01999999999985
 20
10.1600000000001
 11
33.01999999999988
 21
2.540000000000035
  0
LINE
  5
244
100
AcDbEntity
  8
0_GND
  6
ByLayer
 62
  256
370
  200
100
AcDbLine
 10
30.47999999999978
 20
22.86000000000018
 11
30.47999999999986
 21
25.4000000000002
  0
LINE
  5
245
100
AcDbEntity
  8
0_GND
  6
ByLayer
 62
  256
370
  200
100
AcDbLine
 10
22.85999999999989
 20
25.40000000000016
 11
22.85999999999987
 21
27.94000000000018
  0
LINE
  5
246
100
AcDbEntity
  8
0_GND
  6
ByLayer
 62
  256
370
  200
100
AcDbLine
 10
22.85999999999987
 20
27.94000000000018
 11
25.39999999999986
 21
27.9400000000002
  0
LINE
  5
247
100
AcDbEntity
  8
0_GND
  6
ByLayer
 62
  256
370
  200
100
AcDbLine
 10
25.39999999999986
 20
27.9400000000002
 11
27.93999999999986
 21
27.94000000000021
  0
LINE
  5
248
100
AcDbEntity
  8
0_GND
  6
ByLayer
 62
  256
370
  200
100
AcDbLine
 10
27.93999999999986
 20
27.94000000000021
 11
30.47999999999985
 21
27.94000000000023
  0
LINE
  5
249
100
AcDbEntity
  8
0_GND
  6
ByLayer
 62
  256
370
  200
100
AcDbLine
 10
30.47999999999985
 20
27.94000000000023
 11
30.47999999999986
 21
25.4000000000002
  0
LINE
  5
24A
100
AcDbEntity
  8
0_GND
  6
ByLayer
 62
  256
370
  200
100
AcDbLine
 10
30.47999999999978
 20
22.86000000000018
 11
30.4799999999998
 21
20.32000000000016
  0
LINE
  5
24B
100
AcDbEntity
  8
0_GND
  6
ByLayer
 62
  256
370
  200
100
AcDbLine
 10
30.4799999999998
 20
20.32000000000016
 11
33.01999999999979
 21
20.32000000000018
  0
LINE
  5
24C
100
AcDbEntity
  8
0_GND
  6
ByLayer
 62
  256
370
  200
100
AcDbLine
 10
33.01999999999979
 20
20.32000000000018
 11
33.0199999999998
 21
17.78000000000016
  0
LINE
  5
24D
100
AcDbEntity
  8
0_GND
  6
ByLayer
 62
  256
370
  200
100
AcDbLine
 10
33.0199999999998
 20
17.78000000000016
 11
33.01999999999982
 21
15.24000000000014
  0
LINE
  5
24E
100
AcDbEntity
  8
0_GND
  6
ByLayer
 62
  256
370
  200
100
AcDbLine
 10
33.01999999999982
 20
15.24000000000014
 11
25.39999999999987
 21
15.2400000000001
  0
LINE
  5
24F
100
AcDbEntity
  8
0_GND
  6
ByLayer
 62
  256
370
  200
100
AcDbLine
 10
25.39999999999987
 20
15.2400000000001
 11
25.39999999999984
 21
10.16000000000005
  0
LINE
  5
250
100
AcDbEntity
  8
0_GND
  6
ByLayer
 62
  256
370
  200
100
AcDbLine
 10
25.39999999999987
 20
10.16000000000005
 11
25.39999999999991
 21
2.539999999999992
  0
LINE
  5
251
100
AcDbEntity
  8
0_GND
  6
ByLayer
 62
  256
370
  200
100
AcDbLine
 10
25.39999999999991
 20
2.539999999999992
 11
27.9399999999999
 21
2.540000000000006
  0
CIRCLE
  5
252
100
AcDbEntity
  8
0_wire
  6
ByLayer
 62
  256
370
  200
100
AcDbCircle
 10
35.55999999999977
 20
22.86000000000021
 40
0.4
  0
CIRCLE
  5
253
100
AcDbEntity
  8
0_wire
  6
ByLayer
 62
  256
370
  200
100
AcDbCircle
 10
33.01999999999978
 20
22.8600000000002
 40
0.4
  0
LINE
  5
254
100
AcDbEntity
  8
0_wire
  6
ByLayer
 62
  256
370
  200
100
AcDbLine
 10
27.93999999999979
 20
22.86000000000017
 11
27.93999999999987
 21
25.40000000000019
  0
LINE
  5
255
100
AcDbEntity
  8
0_wire
  6
ByLayer
 62
  256
370
  200
100
AcDbLine
 10
25.39999999999988
 20
25.40000000000018
 11
25.3999999999998
 21
22.86000000000016
  0
LINE
  5
256
100
AcDbEntity
  8
0_wire
  6
ByLayer
 62
  256
370
  200
100
AcDbLine
 10
25.3999999999998
 20
22.86000000000016
 11
25.39999999999983
 21
17.78000000000011
  0
LINE
  5
257
100
AcDbEntity
  8
0_wire
  6
ByLayer
 62
  256
370
  200
100
AcDbLine
 10
27.93999999999979
 20
22.86000000000017
 11
27.93999999999981
 21
20.32000000000015
  0
LINE
  5
258
100
AcDbEntity
  8
0_wire
  6
ByLayer
 62
  256
370
  200
100
AcDbLine
 10
22.85999999999982
 20
20.32000000000012
 11
22.85999999999984
 21
17.7800000000001
  0
LINE
  5
259
100
AcDbEntity
  8
0_wire
  6
ByLayer
 62
  256
370
  200
100
AcDbLine
 10
30.47999999999985
 20
10.16000000000007
 11
27.93999999999986
 21
10.16000000000006
  0
LINE
  5
25A
100
AcDbEntity
  8
0_wire
  6
ByLayer
 62
  256
370
  200
100
AcDbLine
 10
27.93999999999982
 20
17.78000000000004
 11
30.47999999999981
 21
17.78000000000014
  0
LINE
  5
25B
100
AcDbEntity
  8
0_wire
  6
ByLayer
 62
  256
370
  200
100
AcDbLine
 10
30.47999999999984
 20
12.7000000000001
 11
30.47999999999985
 21
10.16000000000007
  0
LINE
  5
25C
100
AcDbEntity
  8
0_wire
  6
ByLayer
 62
  256
370
  200
100
AcDbLine
 10
30.47999999999984
 20
12.7000000000001
 11
33.01999999999983
 21
12.70000000000012
  0
CIRCLE
  5
25D
100
AcDbEntity
  8
0_wire
  6
ByLayer
 62
  256
370
  200
100
AcDbCircle
 10
22.85999999999982
 20
10.16000000000003
 40
0.4
  0
LINE
  5
25E
100
AcDbEntity
  8
0_GND
  6
ByLayer
 62
  256
370
  200
100
AcDbLine
 10
22.85999999999568
 20
25.39999999999974
 11
22.85999999999569
 21
22.85999999999974
  0
MTEXT
  5
25F
100
AcDbEntity
  8
terminal
  6
ByLayer
 62
  256
370
   -1
100
AcDbMText
 10
-1.44733021605954
 20
35.23215268807795
 30
0
 40
1
 41
1.202222222222222
 71
    4
 72
    1
  1
U2
  7
kst32b
210
0
220
0
230
1
 50
0
 73
    2
 44
1.54
  0
MTEXT
  5
260
100
AcDbEntity
  8
0
  6
ByLayer
 62
  256
370
   -1
100
AcDbMText
 10
-23.41266501333634
 20
21.51591195159982
 30
0
 40
1
 41
18.22444444444444
 71
    4
 72
    1
  3
B1: ユニバーサル基板 7x14P\PC1: セラコン  1.5uF\PH1,2: ピンヘッダ 2P\PH3: ピンヘッダ 7P\PH4,5: ピンヘッダ 3P\PF1: フューズ\PR1: 1kΩ\PR2: 10k or 47kΩ\PR3,4: 5.1kΩ\PS1,2: ピンソケット 3P\PT1: ターミナル 2P\P
  1
U1: CH221K と変換基板\PU2: TYPE-C DIP 基板\P
  7
kst32b
210
0
220
0
230
1
 50
0
 73
    2
 44
1
  0
ENDSEC
  0
SECTION
  2
OBJECTS
  0
DICTIONARY
  5
C
330
0
100
AcDbDictionary
281
    1
  3
ACAD_GROUP
350
D
  0
DICTIONARY
  5
D
330
C
100
AcDbDictionary
281
    1
  0
PLOTSETTINGS
  5
261
100
AcDbPlotSettings
  6
1x1
 40
5
 41
5
 42
5
 43
5
  0
ENDSEC
  0
EOF
